,Unnamed: 0,id,id_client,id_product,qtd,total,sale_date,sale_date_dt
0,0,0,42,105,11,3405.0,2023-09-10,2023-09-10
1,1,1,3,136,9,16873.9,15-09-2024,2024-09-15
2,2,2,25,139,7,9475.3,2024-08-13,2024-08-13
3,3,4,20,23,5,55893.0,2023-02-03,2023-02-03
4,4,5,8,57,4,451403.9,2024-02-12,2024-02-12
5,5,6,36,52,3,39056.4,2023-09-26,2023-09-26
6,6,8,27,25,3,34560.05,2024-02-28,2024-02-28
7,7,9,37,26,7,114932.9,07-11-2023,2023-07-11
8,8,10,31,143,3,12643.55,2024-08-25,2024-08-25
9,9,11,39,128,5,23254.0,2023-05-07,2023-05-07
10,10,12,27,48,13,191573.0,29-07-2024,2024-07-29
11,11,13,43,19,2,31221.75,28-04-2024,2024-04-28
12,12,14,13,125,15,48479.45,06-05-2024,2024-06-05
13,13,15,17,14,3,102061.35,2023-10-14,2023-10-14
14,14,16,39,45,2,18816.65,07-10-2024,2024-07-10
15,15,17,43,91,11,1409558.7,2023-09-05,2023-09-05
16,16,18,25,27,3,47057.3,2024-11-28,2024-11-28
17,17,19,37,100,2,198740.0,2023-07-16,2023-07-16
18,18,20,39,56,12,490071.75,27-11-2024,2024-11-27
19,19,21,17,71,3,390522.0,04-12-2024,2024-04-12
20,20,22,29,20,2,61667.0,2024-11-04,2024-11-04
21,21,23,7,132,15,23445.0,04-02-2023,2023-04-02
22,22,24,45,128,12,55809.0,09-05-2023,2023-09-05
23,23,25,8,3,2,18048.0,04-02-2024,2024-04-02
24,24,26,19,147,14,40299.95,10-05-2024,2024-10-05
25,25,27,23,97,4,541340.0,15-04-2023,2023-04-15
26,26,28,41,60,12,1239762.35,2023-03-20,2023-03-20
27,27,29,26,109,7,4359.0,2024-03-24,2024-03-24
28,28,30,38,35,15,165083.0,2023-07-18,2023-07-18
29,29,31,41,91,13,1665842.1,2023-03-20,2023-03-20
30,30,32,43,40,11,156024.0,2023-11-02,2023-11-02
31,31,33,4,92,8,710833.0,26-07-2023,2023-07-26
32,32,34,28,73,3,429480.0,05-11-2023,2023-05-11
33,33,35,33,35,10,110055.0,02-04-2024,2024-02-04
34,34,36,18,136,7,13123.3,2023-11-24,2023-11-24
35,35,37,24,32,13,162532.0,2023-08-29,2023-08-29
36,36,38,38,87,9,601739.0,2024-04-30,2024-04-30
37,37,39,13,71,8,989322.4,2024-10-16,2024-10-16
38,38,40,27,116,5,12878.0,09-09-2023,2023-09-09
39,39,41,46,34,3,14753.0,04-06-2024,2024-04-06
40,40,42,1,6,12,141843.0,12-08-2023,2023-12-08
41,41,43,11,70,14,480976.0,10-08-2023,2023-10-08
42,42,44,39,81,8,928328.6,2024-12-03,2024-12-03
43,43,45,22,149,11,12160.0,12-09-2024,2024-12-09
44,44,46,25,120,5,15622.0,15-12-2023,2023-12-15
45,45,47,4,60,15,1631266.0,04-02-2024,2024-04-02
46,46,48,13,54,15,1823022.0,2024-05-30,2024-05-30
47,47,49,14,74,7,575614.5,2024-08-29,2024-08-29
48,48,50,8,19,15,246485.0,26-12-2023,2023-12-26
49,49,51,2,52,4,54816.0,2024-08-28,2024-08-28
50,50,52,45,106,13,57003.0,2024-03-16,2024-03-16
51,51,53,2,25,12,145518.0,2024-03-10,2024-03-10
52,52,54,27,144,4,8857.0,2024-09-30,2024-09-30
53,53,55,35,54,3,346373.8,2024-11-24,2024-11-24
54,54,56,1,125,13,44227.0,11-03-2024,2024-11-03
55,55,57,40,110,11,27451.0,17-07-2023,2023-07-17
56,56,58,46,45,2,19807.0,2024-08-22,2024-08-22
57,57,60,11,49,14,176415.0,20-03-2024,2024-03-20
58,58,61,28,56,8,326714.5,05-09-2024,2024-05-09
59,59,62,10,113,15,62627.8,18-05-2024,2024-05-18
60,60,63,43,42,15,85398.35,27-01-2024,2024-01-27
61,61,64,24,106,13,57003.0,2023-10-17,2023-10-17
62,62,65,21,4,7,22489.35,14-10-2024,2024-10-14
63,63,66,33,114,9,7194.0,12-10-2024,2024-12-10
64,64,67,18,85,3,109949.2,04-02-2024,2024-04-02
65,65,68,43,139,9,12824.0,2024-01-16,2024-01-16
66,66,69,34,139,8,11399.0,2023-09-18,2023-09-18
67,67,70,4,98,13,980110.25,13-08-2023,2023-08-13
68,68,71,43,70,5,163188.15,2023-09-09,2023-09-09
69,69,72,16,48,2,29473.0,10-08-2024,2024-10-08
70,70,73,24,10,3,91294.05,2024-12-20,2024-12-20
71,71,74,45,54,11,1270038.85,25-09-2024,2024-09-25
72,72,75,38,91,10,1348860.0,21-09-2024,2024-09-21
73,73,76,28,18,14,353413.3,2024-03-07,2024-03-07
74,74,77,6,110,2,4741.45,13-12-2024,2024-12-13
75,75,78,43,105,7,2167.0,2024-08-13,2024-08-13
76,76,79,10,12,13,35440.0,2024-12-31,2024-12-31
77,77,80,46,13,6,46483.0,06-03-2024,2024-06-03
78,78,81,28,82,10,490523.0,11-04-2024,2024-11-04
79,79,82,33,32,9,106895.9,11-07-2024,2024-11-07
80,80,83,17,123,5,13190.75,2023-04-03,2023-04-03
81,81,84,25,35,1,10455.7,01-05-2023,2023-01-05
82,82,85,18,80,7,904567.0,05-09-2024,2024-05-09
83,83,86,15,145,8,34799.0,2023-06-02,2023-06-02
84,84,87,7,20,14,431668.0,2023-11-24,2023-11-24
85,85,88,29,147,5,15150.0,2024-03-11,2024-03-11
86,86,89,30,75,8,262147.0,2023-12-21,2023-12-21
87,87,90,2,72,3,284044.3,2024-07-22,2024-07-22
88,88,91,23,36,15,339021.0,2023-01-06,2023-01-06
89,89,92,40,2,7,93087.65,2023-04-19,2023-04-19
90,90,93,37,113,11,45927.75,11-01-2023,2023-11-01
91,91,94,36,90,8,632779.0,02-08-2023,2023-02-08
92,92,95,25,131,12,11563.0,17-12-2024,2024-12-17
93,93,96,11,82,8,392418.4,22-08-2023,2023-08-22
94,94,97,25,48,2,29473.0,2024-09-18,2024-09-18
95,95,98,21,142,2,1570.35,2024-02-13,2024-02-13
96,96,99,49,81,9,1099336.0,06-01-2024,2024-06-01
97,97,100,22,93,4,381812.6,21-01-2023,2023-01-21
98,98,101,11,47,8,48984.0,04-07-2024,2024-04-07
99,99,102,9,67,9,733495.95,2024-02-02,2024-02-02
100,100,103,36,146,5,2356.0,12-04-2023,2023-12-04
101,101,104,11,24,11,242776.3,2024-03-02,2024-03-02
102,102,105,23,77,6,254816.6,2023-10-31,2023-10-31
103,103,106,48,143,8,35491.0,2023-03-29,2023-03-29
104,104,107,38,98,8,634889.0,10-08-2024,2024-10-08
105,105,108,4,139,6,8121.55,19-01-2023,2023-01-19
106,106,109,39,96,7,494346.0,2024-09-18,2024-09-18
107,107,110,34,148,8,38284.0,27-10-2024,2024-10-27
108,108,111,28,32,10,125025.0,06-03-2023,2023-06-03
109,109,112,37,100,9,894331.9,2024-11-12,2024-11-12
110,110,113,28,28,9,121910.65,12-06-2024,2024-12-06
111,111,114,12,75,5,163842.0,2023-05-03,2023-05-03
112,112,115,27,85,1,36650.05,2023-10-08,2023-10-08
113,113,116,7,130,3,11810.4,2023-03-19,2023-03-19
114,114,117,27,18,3,75731.15,03-06-2023,2023-03-06
115,115,118,18,122,10,13225.0,2023-07-22,2023-07-22
116,116,119,46,80,1,129224.0,2023-08-04,2023-08-04
117,117,120,6,81,15,1832227.0,2023-06-17,2023-06-17
118,118,121,25,132,13,20319.0,2024-02-14,2024-02-14
119,119,122,8,128,10,44181.65,09-03-2023,2023-09-03
120,120,123,10,106,6,24993.55,15-06-2023,2023-06-15
121,121,124,21,43,3,105291.0,18-05-2023,2023-05-18
122,122,125,44,112,11,23990.0,2024-08-23,2024-08-23
123,123,126,29,80,5,613813.05,2024-07-14,2024-07-14
124,124,127,26,55,7,769910.0,09-02-2024,2024-09-02
125,125,128,1,53,14,751450.0,24-03-2023,2023-03-24
126,126,129,3,82,11,567974.0,26-02-2024,2024-02-26
127,127,130,15,123,2,5554.0,18-12-2024,2024-12-18
128,128,132,3,5,12,284028.0,15-10-2024,2024-10-15
129,129,133,34,122,2,2512.75,13-11-2024,2024-11-13
130,130,134,7,18,7,176706.65,2023-01-11,2023-01-11
131,131,135,14,22,11,433981.0,26-09-2024,2024-09-26
132,132,136,16,70,10,343554.0,2023-03-02,2023-03-02
133,133,137,17,62,5,511110.0,14-11-2024,2024-11-14
134,134,138,45,86,4,355388.35,11-06-2023,2023-11-06
135,135,139,38,123,1,2638.15,2024-12-22,2024-12-22
136,136,140,20,83,5,640318.05,2024-05-29,2024-05-29
137,137,141,29,127,5,7359.65,2024-06-15,2024-06-15
138,138,142,9,34,5,24588.0,2024-12-28,2024-12-28
139,139,143,23,142,5,3925.4,2024-03-16,2024-03-16
140,140,144,27,116,4,10302.0,15-01-2024,2024-01-15
141,141,145,3,122,12,15076.5,2023-10-16,2023-10-16
142,142,146,11,70,10,343554.0,26-12-2023,2023-12-26
143,143,147,24,129,1,3102.7,01-07-2023,2023-01-07
144,144,148,13,111,15,61064.1,06-09-2024,2024-06-09
145,145,149,7,57,1,112851.45,13-07-2024,2024-07-13
146,146,150,5,114,13,9871.45,06-04-2024,2024-06-04
147,147,151,45,39,6,177797.0,15-12-2023,2023-12-15
148,148,152,27,82,8,413072.0,2023-06-06,2023-06-06
149,149,153,48,30,11,336990.65,30-12-2023,2023-12-30
150,150,154,22,137,10,32162.25,2024-02-17,2024-02-17
151,151,155,12,21,9,78611.0,2024-06-22,2024-06-22
152,152,156,11,44,13,133464.55,22-10-2024,2024-10-22
153,153,157,48,17,1,13337.05,2024-04-24,2024-04-24
154,154,158,9,138,5,19869.25,2024-11-27,2024-11-27
155,155,159,24,66,15,188574.0,2024-07-03,2024-07-03
156,156,160,8,121,11,40637.0,2023-05-27,2023-05-27
157,157,161,19,126,8,21416.0,09-09-2024,2024-09-09
158,158,162,12,147,15,43178.45,25-06-2024,2024-06-25
159,159,163,4,70,7,228463.6,09-03-2023,2023-09-03
160,160,164,23,9,5,198528.0,2023-09-14,2023-09-14
161,161,165,23,27,8,125487.4,28-12-2023,2023-12-28
162,162,166,28,111,2,8570.0,2023-02-17,2023-02-17
163,163,167,19,122,11,13819.65,22-08-2024,2024-08-22
164,164,168,48,7,6,111257.35,2024-10-05,2024-10-05
165,165,169,23,101,2,927.0,2023-01-24,2023-01-24
166,166,170,16,116,1,2576.0,2023-12-30,2023-12-30
167,167,171,8,24,12,278786.0,2023-12-22,2023-12-22
168,168,172,15,123,13,34296.9,26-07-2023,2023-07-26
169,169,173,13,131,1,964.0,25-07-2023,2023-07-25
170,170,174,42,16,6,180036.0,2023-01-09,2023-01-09
171,171,175,19,88,6,275518.05,28-01-2023,2023-01-28
172,172,176,32,124,12,45239.0,2024-11-14,2024-11-14
173,173,177,17,69,4,181060.0,11-03-2023,2023-11-03
174,174,178,6,143,6,25288.05,2023-07-10,2023-07-10
175,175,179,41,76,14,1971036.25,2024-09-27,2024-09-27
176,176,180,25,38,2,52922.0,16-05-2024,2024-05-16
177,177,181,28,127,11,16190.85,2023-02-02,2023-02-02
178,178,182,7,115,5,4153.0,06-09-2023,2023-06-09
179,179,183,27,80,9,1163015.0,26-04-2023,2023-04-26
180,180,184,33,7,3,55628.2,2024-03-31,2024-03-31
181,181,185,39,27,7,115580.0,2023-01-09,2023-01-09
182,182,186,14,7,10,185428.6,2023-06-23,2023-06-23
183,183,187,44,80,2,245525.6,2024-09-01,2024-09-01
184,184,188,26,117,10,41030.0,07-02-2024,2024-07-02
185,185,190,24,138,8,31790.8,2023-12-18,2023-12-18
186,186,191,43,101,11,5097.0,24-11-2024,2024-11-24
187,187,192,6,148,9,40916.5,2024-01-26,2024-01-26
188,188,193,7,144,6,12620.75,01-03-2024,2024-01-03
189,189,194,9,52,6,82225.0,2024-06-07,2024-06-07
190,190,195,9,81,14,1710079.0,2023-06-24,2023-06-24
191,191,196,8,74,9,779027.0,2023-12-26,2023-12-26
192,192,197,2,83,12,1536764.65,2024-01-29,2024-01-29
193,193,198,38,106,10,43849.0,14-11-2023,2023-11-14
194,194,199,2,99,11,1120936.35,2023-10-31,2023-10-31
195,195,200,20,44,7,71865.6,2023-10-20,2023-10-20
196,196,201,38,79,11,727615.0,24-03-2023,2023-03-24
197,197,202,27,57,8,950325.0,2023-11-05,2023-11-05
198,198,203,13,18,3,79717.0,18-01-2023,2023-01-18
199,199,204,22,138,8,31790.8,24-08-2024,2024-08-24
200,200,205,41,119,9,27836.9,25-09-2023,2023-09-25
201,201,206,9,124,8,28651.05,2024-08-30,2024-08-30
202,202,207,10,51,15,914265.75,2024-01-09,2024-01-09
203,203,208,37,74,3,259676.0,21-07-2024,2024-07-21
204,204,209,38,15,10,278998.0,11-09-2024,2024-11-09
205,205,210,29,18,12,302925.55,02-04-2024,2024-02-04
206,206,211,17,108,14,44496.1,2023-08-31,2023-08-31
207,207,212,5,9,4,150880.9,2023-02-23,2023-02-23
208,208,213,6,35,8,88044.0,2023-08-27,2023-08-27
209,209,214,14,66,7,83600.95,2023-11-15,2023-11-15
210,210,215,43,144,13,28784.0,2023-09-16,2023-09-16
211,211,216,9,55,3,313463.9,09-08-2024,2024-09-08
212,212,217,22,112,13,26934.4,2023-10-19,2023-10-19
213,213,218,38,84,8,330021.45,2024-01-16,2024-01-16
214,214,219,9,115,14,11628.0,2023-02-11,2023-02-11
215,215,220,29,23,14,148675.95,2024-08-29,2024-08-29
216,216,221,39,104,4,14852.0,2023-07-23,2023-07-23
217,217,222,27,116,9,23180.0,2023-06-21,2023-06-21
218,218,223,18,125,9,29088.05,2023-11-06,2023-11-06
219,219,224,42,34,10,46716.25,21-11-2023,2023-11-21
220,220,225,41,106,14,58318.6,03-09-2023,2023-03-09
221,221,226,18,144,13,27344.8,14-09-2024,2024-09-14
222,222,227,15,9,6,238233.0,2024-11-18,2024-11-18
223,223,228,6,78,6,730569.0,24-01-2024,2024-01-24
224,224,229,42,100,4,418401.0,2023-07-17,2023-07-17
225,225,230,14,78,5,578367.6,2024-08-04,2024-08-04
226,226,231,6,16,4,120024.0,11-05-2023,2023-11-05
227,227,232,42,144,9,18930.65,2024-01-18,2024-01-18
228,228,233,23,83,4,539216.0,05-06-2023,2023-05-06
229,229,234,46,22,2,74960.7,17-08-2024,2024-08-17
230,230,235,29,131,2,1830.65,2024-07-28,2024-07-28
231,231,236,33,113,10,41752.5,2023-01-08,2023-01-08
232,232,237,36,117,14,57442.0,23-03-2024,2024-03-23
233,233,238,40,55,4,417951.55,17-04-2024,2024-04-17
234,234,239,28,28,10,142586.0,10-01-2024,2024-10-01
235,235,240,47,91,10,1348860.0,21-04-2023,2023-04-21
236,236,241,21,81,5,610742.0,2023-11-28,2023-11-28
237,237,242,2,132,14,21882.0,2024-03-17,2024-03-17
238,238,243,40,98,14,1055503.2,23-02-2023,2023-02-23
239,239,244,28,130,10,41441.0,17-07-2024,2024-07-17
240,240,245,12,55,7,769910.0,2024-07-10,2024-07-10
241,241,246,28,137,14,47397.0,01-07-2023,2023-01-07
242,242,247,23,22,11,412281.95,23-05-2024,2024-05-23
243,243,248,36,103,12,21470.0,2024-12-28,2024-12-28
244,244,249,38,67,13,1115258.0,07-12-2024,2024-07-12
245,245,250,34,66,14,167202.85,01-12-2023,2023-01-12
246,246,252,15,70,1,34355.0,2024-10-12,2024-10-12
247,247,253,5,61,14,392261.0,2024-03-15,2024-03-15
248,248,254,24,5,7,157398.85,2023-10-27,2023-10-27
249,249,255,10,74,9,740075.65,21-09-2023,2023-09-21
250,250,256,12,130,4,16576.0,05-06-2023,2023-05-06
251,251,257,15,124,1,3581.5,2023-04-30,2023-04-30
252,252,258,49,7,3,55628.2,12-09-2024,2024-12-09
253,253,259,11,51,5,320795.0,27-11-2023,2023-11-27
254,254,260,3,59,1,87166.0,2024-01-03,2024-01-03
255,255,261,11,130,4,16576.0,2024-07-24,2024-07-24
256,256,262,1,65,15,383366.0,26-02-2023,2023-02-26
257,257,263,3,107,2,2875.65,2024-11-29,2024-11-29
258,258,264,10,32,12,142528.5,24-01-2024,2024-01-24
259,259,265,15,64,12,1338067.0,2024-01-12,2024-01-12
260,260,266,45,16,9,270054.0,17-08-2023,2023-08-17
261,261,267,41,101,14,6488.0,2023-07-15,2023-07-15
262,262,268,24,97,5,676675.0,09-11-2024,2024-09-11
263,263,269,4,82,8,413072.0,13-06-2024,2024-06-13
264,264,270,2,119,12,39070.0,2024-09-16,2024-09-16
265,265,271,49,105,15,4643.0,2023-08-20,2023-08-20
266,266,272,6,106,8,33325.05,2023-05-10,2023-05-10
267,267,273,2,143,15,66546.0,21-01-2024,2024-01-21
268,268,274,40,141,9,43036.0,2024-07-14,2024-07-14
269,269,275,40,67,6,514734.0,25-02-2024,2024-02-25
270,270,276,41,110,10,23707.25,2023-12-12,2023-12-12
271,271,277,9,55,1,104487.65,2023-11-05,2023-11-05
272,272,278,21,129,1,3102.7,2023-02-21,2023-02-21
273,273,279,1,71,12,1562089.0,2023-11-08,2023-11-08
274,274,280,23,62,9,873998.1,2024-03-22,2024-03-22
275,275,281,16,33,13,87305.0,2023-09-04,2023-09-04
276,276,282,30,130,1,4144.0,10-08-2024,2024-10-08
277,277,283,3,124,10,35814.05,10-02-2023,2023-10-02
278,278,284,37,85,13,476446.85,28-06-2023,2023-06-28
279,279,285,28,96,5,335448.8,2024-12-26,2024-12-26
280,280,286,42,35,3,33017.0,29-06-2024,2024-06-29
281,281,287,3,42,5,28465.8,2023-11-05,2023-11-05
282,282,288,23,138,2,7947.7,2024-08-10,2024-08-10
283,283,289,29,75,8,262147.0,03-02-2024,2024-03-02
284,284,290,28,79,10,628394.6,2023-05-11,2023-05-11
285,285,291,18,107,2,2875.65,06-09-2023,2023-06-09
286,286,292,49,74,1,82231.05,10-08-2023,2023-10-08
287,287,293,23,23,13,138055.9,2023-03-14,2023-03-14
288,288,294,5,120,9,28120.0,10-05-2023,2023-10-05
289,289,295,47,102,12,9984.0,2023-09-07,2023-09-07
290,290,296,38,89,15,1180171.0,16-09-2024,2024-09-16
291,291,297,28,4,11,37201.0,2023-12-11,2023-12-11
292,292,298,6,98,1,75392.95,2023-05-26,2023-05-26
293,293,299,42,137,6,20313.0,15-11-2024,2024-11-15
294,294,300,19,62,1,102222.0,05-08-2024,2024-05-08
295,295,301,30,96,10,706208.0,2024-10-23,2024-10-23
296,296,302,44,74,11,904536.8,04-08-2024,2024-04-08
297,297,303,28,8,9,44857.0,01-09-2023,2023-01-09
298,298,304,7,35,2,22011.0,2024-01-21,2024-01-21
299,299,305,11,38,12,317534.0,19-02-2024,2024-02-19
300,300,306,12,70,6,206133.0,04-01-2023,2023-04-01
301,301,307,10,144,4,8857.0,2023-07-19,2023-07-19
302,302,308,16,124,3,11310.0,2023-12-26,2023-12-26
303,303,309,19,63,13,1728477.5,2023-09-23,2023-09-23
304,304,310,20,110,6,14224.35,2023-01-29,2023-01-29
305,305,311,43,29,1,34684.5,2023-11-29,2023-11-29
306,306,312,46,101,12,5282.95,2024-08-31,2024-08-31
307,307,313,27,12,1,2589.7,2024-08-11,2024-08-11
308,308,314,14,35,11,121061.0,09-05-2023,2023-09-05
309,309,315,12,137,8,27084.0,08-01-2023,2023-08-01
310,310,316,41,94,13,503272.95,24-07-2023,2023-07-24
311,311,317,15,73,12,1717919.0,06-10-2024,2024-06-10
312,312,318,1,97,9,1218016.0,2024-12-14,2024-12-14
313,313,319,12,16,15,450090.0,11-11-2023,2023-11-11
314,314,320,39,45,8,75268.5,17-02-2024,2024-02-17
315,315,321,42,8,7,34889.0,01-10-2024,2024-01-10
316,316,322,47,50,15,160683.0,2024-05-21,2024-05-21
317,317,323,46,106,7,29159.3,02-02-2024,2024-02-02
318,318,324,15,21,5,43673.0,17-04-2023,2023-04-17
319,319,325,30,130,8,31495.35,13-08-2024,2024-08-13
320,320,326,32,27,15,247672.0,2023-05-06,2023-05-06
321,321,327,43,60,8,826508.55,2023-10-19,2023-10-19
322,322,328,38,78,12,1388082.05,26-07-2024,2024-07-26
323,323,329,3,123,1,2777.0,2024-11-30,2024-11-30
324,324,331,2,97,11,1488686.0,2023-11-22,2023-11-22
325,325,332,44,26,15,259248.0,2023-08-28,2023-08-28
326,326,333,35,36,6,128827.6,08-05-2023,2023-08-05
327,327,334,40,86,6,561139.0,2023-11-01,2023-11-01
328,328,335,44,14,11,374225.9,15-12-2024,2024-12-15
329,329,336,22,29,14,485587.75,02-01-2024,2024-02-01
330,330,337,35,137,13,44011.0,15-06-2024,2024-06-15
331,331,338,44,110,2,4741.45,2024-06-26,2024-06-26
332,332,339,43,134,3,14153.0,05-04-2023,2023-05-04
333,333,340,24,130,4,16576.0,2023-03-18,2023-03-18
334,334,341,35,34,2,9343.25,06-07-2024,2024-06-07
335,335,342,3,74,6,493383.45,10-11-2023,2023-10-11
336,336,343,47,64,14,1483024.1,2023-11-07,2023-11-07
337,337,344,47,138,12,50197.0,16-05-2024,2024-05-16
338,338,345,36,89,3,236034.0,2024-10-21,2024-10-21
339,339,346,48,39,14,394117.0,2024-12-15,2024-12-15
340,340,347,17,63,11,1462557.3,2023-10-14,2023-10-14
341,341,348,38,40,14,188648.15,24-11-2024,2024-11-24
342,342,349,31,55,8,835903.1,15-12-2024,2024-12-15
343,343,350,42,7,5,92714.3,2023-11-05,2023-11-05
344,344,351,41,6,14,157208.85,2024-09-04,2024-09-04
345,345,352,32,136,8,15788.0,09-02-2024,2024-09-02
346,346,353,6,88,5,229597.9,2024-09-29,2024-09-29
347,347,354,12,113,9,37577.25,2023-10-13,2023-10-13
348,348,355,8,141,8,36341.3,2023-07-08,2023-07-08
349,349,356,14,22,1,37480.35,20-11-2023,2023-11-20
350,350,357,42,27,15,235288.4,31-07-2023,2023-07-31
351,351,358,42,10,15,480496.0,2023-10-06,2023-10-06
352,352,359,15,26,4,65676.35,07-06-2024,2024-07-06
353,353,360,33,63,3,419873.0,10-09-2024,2024-10-09
354,354,361,29,9,15,595582.0,15-07-2024,2024-07-15
355,355,362,39,20,10,292917.3,21-04-2024,2024-04-21
356,356,363,49,130,8,33153.0,2024-08-20,2024-08-20
357,357,364,6,6,6,70921.0,27-07-2024,2024-07-27
358,358,365,14,112,11,23990.0,23-06-2024,2024-06-23
359,359,366,18,16,14,399079.8,19-09-2024,2024-09-19
360,360,367,17,72,7,697652.0,30-04-2024,2024-04-30
361,361,368,6,129,14,43440.65,09-08-2023,2023-09-08
362,362,369,27,114,3,2398.0,2024-06-23,2024-06-23
363,363,370,47,27,9,148603.0,2024-02-23,2024-02-23
364,364,371,3,57,9,1015659.25,24-05-2024,2024-05-24
365,365,372,42,77,7,312933.0,20-02-2023,2023-02-20
366,366,373,29,145,6,26099.0,31-01-2024,2024-01-31
367,367,374,6,22,15,562203.35,06-08-2024,2024-06-08
368,368,375,43,16,1,30006.0,2024-07-26,2024-07-26
369,369,376,33,88,15,725047.0,2024-10-17,2024-10-17
370,370,377,15,59,15,1242117.4,29-03-2023,2023-03-29
371,371,378,49,80,5,646119.0,2023-10-01,2023-10-01
372,372,379,25,26,14,241965.0,18-10-2024,2024-10-18
373,373,381,12,39,4,112604.45,2023-05-06,2023-05-06
374,374,382,3,7,5,92714.3,2024-01-18,2024-01-18
375,375,383,24,121,5,18471.0,11-07-2023,2023-11-07
376,376,384,30,4,9,30437.0,2023-12-18,2023-12-18
377,377,385,25,3,13,111448.3,2023-03-14,2023-03-14
378,378,386,33,73,10,1431599.0,2024-08-31,2024-08-31
379,379,387,5,115,12,9967.0,2023-02-21,2023-02-21
380,380,388,6,85,3,109949.2,2024-01-28,2024-01-28
381,381,389,32,145,1,4350.0,2024-12-18,2024-12-18
382,382,390,30,9,9,357350.0,01-06-2024,2024-01-06
383,383,391,29,69,2,90530.0,04-09-2024,2024-04-09
384,384,392,47,120,1,3124.0,18-03-2023,2023-03-18
385,385,393,39,130,6,24865.0,2023-10-07,2023-10-07
386,386,394,25,128,11,48600.1,17-08-2023,2023-08-17
387,387,395,3,29,11,381533.3,2023-02-27,2023-02-27
388,388,396,9,67,13,1115258.0,2023-08-30,2023-08-30
389,389,397,37,108,5,15891.6,17-09-2023,2023-09-17
390,390,398,21,139,14,18950.6,2023-08-12,2023-08-12
391,391,399,16,124,10,37699.0,2024-02-05,2024-02-05
392,392,400,12,122,12,15870.0,02-11-2024,2024-02-11
393,393,402,13,85,1,36650.05,18-07-2023,2023-07-18
394,394,403,46,32,2,23754.75,2024-11-19,2024-11-19
395,395,404,46,5,7,157398.85,19-07-2023,2023-07-19
396,396,405,13,45,4,39615.0,07-05-2023,2023-07-05
397,397,406,15,63,6,797758.7,23-04-2024,2024-04-23
398,398,407,23,59,15,1307492.0,2024-08-24,2024-08-24
399,399,408,9,68,9,571970.3,16-11-2023,2023-11-16
400,400,409,42,15,7,195298.0,2023-12-23,2023-12-23
401,401,410,5,22,12,473434.0,24-07-2024,2024-07-24
402,402,411,38,89,15,1121162.45,2023-10-20,2023-10-20
403,403,412,31,115,4,3155.9,06-09-2023,2023-06-09
404,404,413,42,66,6,71658.5,2023-06-25,2023-06-25
405,405,414,18,75,12,393221.0,2023-05-13,2023-05-13
406,406,415,17,97,2,270670.0,31-05-2023,2023-05-31
407,407,416,13,16,4,120024.0,29-10-2023,2023-10-29
408,408,417,41,85,9,347208.0,2024-06-17,2024-06-17
409,409,418,5,68,1,63552.15,2023-11-21,2023-11-21
410,410,419,39,150,8,12506.75,13-12-2023,2023-12-13
411,411,420,38,12,5,12949.45,22-02-2023,2023-02-22
412,412,421,17,122,13,17192.0,20-04-2024,2024-04-20
413,413,422,18,104,8,28218.8,11-11-2024,2024-11-11
414,414,423,31,24,8,185857.0,06-06-2023,2023-06-06
415,415,424,38,77,1,44705.0,2023-09-16,2023-09-16
416,416,425,23,90,11,826567.45,14-01-2023,2023-01-14
417,417,426,37,12,1,2726.0,08-08-2023,2023-08-08
418,418,427,42,63,14,1861436.65,30-07-2024,2024-07-30
419,419,428,28,43,4,140387.0,05-12-2024,2024-05-12
420,420,429,7,108,10,33456.0,24-01-2024,2024-01-24
421,421,430,46,5,10,236690.0,24-11-2023,2023-11-24
422,422,431,28,47,7,40717.95,10-03-2023,2023-10-03
423,423,432,30,27,1,15685.45,20-04-2023,2023-04-20
424,424,433,14,40,9,127656.0,2024-03-16,2024-03-16
425,425,434,46,98,13,980110.25,2024-09-29,2024-09-29
426,426,435,33,55,1,109987.0,2023-02-05,2023-02-05
427,427,436,33,47,6,36738.0,18-03-2024,2024-03-18
428,428,437,25,110,11,26078.45,2024-01-12,2024-01-12
429,429,438,6,88,6,275518.05,01-04-2024,2024-01-04
430,430,439,13,1,2,66245.0,02-01-2024,2024-02-01
431,431,440,20,83,6,808823.0,28-02-2024,2024-02-28
432,432,441,28,64,14,1483024.1,24-03-2024,2024-03-24
433,433,442,44,17,3,42116.0,2024-07-28,2024-07-28
434,434,443,15,91,5,674430.0,18-02-2023,2023-02-18
435,435,444,27,28,14,189639.0,2023-08-28,2023-08-28
436,436,445,29,6,9,106382.0,28-11-2023,2023-11-28
437,437,446,13,139,4,5700.0,11-04-2023,2023-11-04
438,438,447,34,144,14,29448.1,2023-06-11,2023-06-11
439,439,448,31,56,3,128966.0,2024-10-23,2024-10-23
440,440,449,14,60,3,309940.35,2024-12-19,2024-12-19
441,441,450,48,62,12,1165330.8,2023-08-26,2023-08-26
442,442,451,42,54,13,1500955.35,19-02-2024,2024-02-19
443,443,452,28,134,2,8963.25,26-09-2024,2024-09-26
444,444,453,22,96,9,603808.6,2024-07-23,2024-07-23
445,445,454,39,29,12,416217.8,2023-07-22,2023-07-22
446,446,455,39,13,5,38736.0,2024-06-09,2024-06-09
447,447,456,17,43,8,266736.25,2024-03-02,2024-03-02
448,448,457,49,92,8,675291.35,2023-11-11,2023-11-11
449,449,458,41,13,3,23241.0,2024-07-31,2024-07-31
450,450,459,44,67,11,943680.0,2023-12-05,2023-12-05
451,451,460,31,150,3,4690.15,2023-09-22,2023-09-22
452,452,461,10,23,4,42479.25,2024-10-29,2024-10-29
453,453,462,49,126,3,7629.45,13-05-2023,2023-05-13
454,454,463,7,26,14,241965.0,2024-06-12,2024-06-12
455,455,464,45,64,8,892044.0,09-12-2023,2023-09-12
456,456,465,17,96,7,469628.7,2024-10-18,2024-10-18
457,457,466,45,9,15,595582.0,2023-05-01,2023-05-01
458,458,467,22,30,4,128991.0,31-05-2023,2023-05-31
459,459,468,3,101,6,2641.0,2024-03-31,2024-03-31
460,460,469,44,9,1,37720.7,2024-10-31,2024-10-31
461,461,470,5,55,14,1539821.0,2024-02-29,2024-02-29
462,462,471,33,36,12,271217.0,25-03-2023,2023-03-25
463,463,472,26,56,7,285874.95,04-01-2023,2023-04-01
464,464,473,4,84,12,495032.65,20-06-2024,2024-06-20
465,465,474,9,147,12,34542.95,22-06-2024,2024-06-22
466,466,475,2,107,15,22701.0,06-10-2023,2023-06-10
467,467,476,3,86,11,977316.3,2023-03-05,2023-03-05
468,468,477,33,32,2,25005.0,01-07-2024,2024-01-07
469,469,478,47,105,3,882.55,2023-04-12,2023-04-12
470,470,479,2,60,6,652507.0,2023-03-06,2023-03-06
471,471,480,20,4,1,3382.0,28-04-2023,2023-04-28
472,472,481,33,55,6,626926.85,2023-10-06,2023-10-06
473,473,482,33,27,9,148603.0,2024-05-30,2024-05-30
474,474,483,41,123,10,27771.0,2024-08-26,2024-08-26
475,475,484,22,110,6,14224.35,2023-07-21,2023-07-21
476,476,485,23,149,6,6982.0,17-01-2023,2023-01-17
477,477,486,48,17,8,106694.5,2023-02-28,2023-02-28
478,478,487,42,104,7,25991.0,2023-07-11,2023-07-11
479,479,488,33,30,1,32248.0,01-03-2023,2023-01-03
480,480,489,33,124,9,32232.55,15-11-2023,2023-11-15
481,481,490,14,73,10,1431599.0,2024-07-24,2024-07-24
482,482,491,33,138,6,23843.1,2023-12-04,2023-12-04
483,483,492,9,141,4,18170.65,14-10-2023,2023-10-14
484,484,493,24,40,1,13474.8,28-06-2024,2024-06-28
485,485,494,32,46,2,9968.0,2024-02-19,2024-02-19
486,486,495,2,43,8,280775.0,20-02-2023,2023-02-20
487,487,496,31,98,10,793611.0,29-09-2023,2023-09-29
488,488,497,31,121,9,31585.6,2024-10-30,2024-10-30
489,489,498,34,20,13,380793.25,03-01-2024,2024-03-01
490,490,499,39,101,15,6951.0,2024-10-07,2024-10-07
491,491,500,27,72,4,398659.0,2023-09-28,2023-09-28
492,492,501,31,24,14,325251.0,01-05-2024,2024-01-05
493,493,502,45,72,12,1136177.2,2023-01-25,2023-01-25
494,494,503,45,54,11,1270038.85,27-11-2024,2024-11-27
495,495,504,7,102,8,6323.2,21-02-2023,2023-02-21
496,496,505,25,124,13,49009.0,24-07-2024,2024-07-24
497,497,506,40,35,6,62731.35,2023-01-13,2023-01-13
498,498,507,36,143,9,37931.6,2024-01-10,2024-01-10
499,499,508,36,109,13,7690.25,2024-09-19,2024-09-19
500,500,509,35,132,9,14067.0,18-06-2024,2024-06-18
501,501,510,48,6,12,141843.0,10-03-2023,2023-10-03
502,502,511,17,120,15,46867.0,15-11-2024,2024-11-15
503,503,512,14,12,14,36258.65,2024-09-25,2024-09-25
504,504,513,18,47,3,17450.55,08-08-2024,2024-08-08
505,505,514,34,100,4,418401.0,23-11-2023,2023-11-23
506,506,515,28,83,10,1280637.05,2024-12-18,2024-12-18
507,507,516,32,119,4,12371.85,2024-01-15,2024-01-15
508,508,517,49,4,7,22489.35,2023-05-30,2023-05-30
509,509,518,48,90,8,632779.0,2024-05-12,2024-05-12
510,510,519,5,101,1,439.85,09-09-2023,2023-09-09
511,511,520,29,10,13,416430.0,14-01-2023,2023-01-14
512,512,521,29,109,4,2366.45,2024-11-04,2024-11-04
513,513,522,24,146,15,7440.0,24-07-2023,2023-07-24
514,514,523,9,130,7,27558.55,19-09-2024,2024-09-19
515,515,524,8,56,7,285874.95,15-02-2024,2024-02-15
516,516,525,45,15,10,265048.1,11-12-2024,2024-11-12
517,517,526,8,12,7,18128.85,2023-03-02,2023-03-02
518,518,527,48,53,1,53675.0,13-02-2024,2024-02-13
519,519,528,15,45,12,118845.0,31-03-2024,2024-03-31
520,520,529,4,5,7,165683.0,2024-11-29,2024-11-29
521,521,530,32,92,8,675291.35,04-01-2024,2024-04-01
522,522,531,13,19,10,164324.0,2023-07-21,2023-07-21
523,523,532,41,59,6,496847.15,11-08-2024,2024-11-08
524,524,533,25,4,15,48191.6,2023-08-15,2023-08-15
525,525,534,12,120,5,15622.0,2023-03-25,2023-03-25
526,526,535,5,112,11,23990.0,2024-10-22,2024-10-22
527,527,536,19,86,8,748185.0,17-01-2023,2023-01-17
528,528,537,9,63,2,265919.25,27-02-2023,2023-02-27
529,529,538,29,141,1,4542.9,2024-12-13,2024-12-13
530,530,539,35,65,10,242798.15,2024-11-21,2024-11-21
531,531,540,24,121,8,28076.3,15-12-2023,2023-12-15
532,532,541,1,72,2,189362.55,11-08-2023,2023-11-08
533,533,542,19,91,12,1618632.0,2024-04-22,2024-04-22
534,534,543,3,6,2,23640.0,18-08-2024,2024-08-18
535,535,544,28,134,6,28306.0,22-09-2024,2024-09-22
536,536,545,39,53,1,53675.0,21-09-2023,2023-09-21
537,537,546,19,55,15,1567317.6,2023-11-01,2023-11-01
538,538,547,10,25,1,11519.7,16-07-2023,2023-07-16
539,539,548,27,24,14,308988.45,06-07-2024,2024-06-07
540,540,549,27,9,10,397055.0,2024-10-10,2024-10-10
541,541,550,5,56,14,571750.85,29-08-2023,2023-08-29
542,542,551,23,27,1,16511.0,2024-06-06,2024-06-06
543,543,552,48,11,15,516305.05,2023-11-04,2023-11-04
544,544,553,20,122,7,9257.0,28-01-2023,2023-01-28
545,545,554,23,16,15,450090.0,13-11-2023,2023-11-13
546,546,555,8,84,6,260543.0,2023-08-31,2023-08-31
547,547,556,38,40,9,127656.0,2023-02-18,2023-02-18
548,548,557,44,43,4,140387.0,2024-08-11,2024-08-11
549,549,558,43,42,2,11386.7,2023-01-27,2023-01-27
550,550,559,9,100,5,496850.95,18-03-2024,2024-03-18
551,551,560,18,4,10,33819.0,2023-04-21,2023-04-21
552,552,561,33,51,2,128318.0,2023-06-12,2023-06-12
553,553,562,16,99,4,407613.65,26-06-2023,2023-06-26
554,554,563,44,150,9,14811.0,2024-02-14,2024-02-14
555,555,564,13,139,11,15674.0,02-09-2024,2024-02-09
556,556,565,12,115,11,8679.2,07-03-2024,2024-07-03
557,557,566,1,30,7,214448.25,16-09-2023,2023-09-16
558,558,567,4,7,3,58556.0,2023-06-09,2023-06-09
559,559,568,8,12,1,2589.7,28-08-2023,2023-08-28
560,560,569,24,12,12,31078.3,28-06-2023,2023-06-28
561,561,570,8,132,10,14848.5,2024-12-30,2024-12-30
562,562,571,9,43,11,386065.0,2023-08-06,2023-08-06
563,563,572,7,138,3,12549.0,2023-06-28,2023-06-28
564,564,573,10,83,1,134804.0,26-12-2023,2023-12-26
565,565,574,8,3,12,102875.5,2023-03-28,2023-03-28
566,566,575,19,136,14,27629.0,2023-10-15,2023-10-15
567,567,576,49,7,10,195188.0,25-04-2024,2024-04-25
568,568,577,30,13,11,80957.1,08-04-2024,2024-08-04
569,569,578,27,125,3,10206.0,2024-11-20,2024-11-20
570,570,579,42,53,14,713877.5,2023-08-07,2023-08-07
571,571,580,22,146,14,6596.8,20-06-2024,2024-06-20
572,572,581,12,7,10,195188.0,14-06-2023,2023-06-14
573,573,582,46,9,5,198528.0,24-11-2024,2024-11-24
574,574,583,17,58,2,217649.0,2023-10-31,2023-10-31
575,575,584,6,49,2,25201.6,03-06-2023,2023-03-06
576,576,585,30,6,14,157208.85,2024-02-14,2024-02-14
577,577,586,36,130,14,58017.0,07-02-2023,2023-07-02
578,578,587,28,113,7,30765.0,2024-09-08,2024-09-08
579,579,589,42,93,14,1406678.0,17-08-2024,2024-08-17
580,580,590,12,82,1,49052.3,22-08-2024,2024-08-22
581,581,591,33,54,9,1039122.35,13-11-2023,2023-11-13
582,582,592,21,133,4,7192.45,02-06-2024,2024-02-06
583,583,593,11,124,15,56549.0,2023-10-07,2023-10-07
584,584,594,15,12,15,38848.35,2024-04-22,2024-04-22
585,585,595,21,49,5,63004.95,2024-08-08,2024-08-08
586,586,596,23,30,14,451470.0,2023-04-23,2023-04-23
587,587,597,8,84,9,390815.0,2023-05-07,2023-05-07
588,588,598,13,39,14,414860.0,01-11-2024,2024-01-11
589,589,599,10,122,9,11902.0,2023-03-16,2023-03-16
590,590,600,36,73,13,1768025.05,2024-06-01,2024-06-01
591,591,601,11,56,11,449232.2,2023-12-23,2023-12-23
592,592,602,35,39,8,225209.85,24-05-2024,2024-05-24
593,593,603,19,97,10,1353351.0,23-12-2024,2024-12-23
594,594,604,6,72,10,946813.7,29-02-2024,2024-02-29
595,595,605,41,9,4,150880.9,02-04-2023,2023-02-04
596,596,606,24,61,11,308205.0,26-05-2023,2023-05-26
597,597,607,19,32,1,12502.0,31-01-2024,2024-01-31
598,598,608,23,76,4,592793.0,29-11-2023,2023-11-29
599,599,609,16,70,10,343554.0,22-08-2023,2023-08-22
600,600,610,8,90,11,870071.0,09-03-2024,2024-09-03
601,601,611,45,13,9,66237.8,2023-04-18,2023-04-18
602,602,612,32,11,10,344203.05,2024-01-14,2024-01-14
603,603,613,14,21,14,122284.0,22-07-2024,2024-07-22
604,604,614,45,83,1,134804.0,28-03-2024,2024-03-28
605,605,615,29,37,5,28822.05,2024-06-30,2024-06-30
606,606,616,31,52,1,13018.8,2024-08-27,2024-08-27
607,607,617,23,73,5,680010.0,31-07-2023,2023-07-31
608,608,618,43,131,8,7323.55,12-06-2023,2023-12-06
609,609,619,26,30,3,96744.0,2023-09-13,2023-09-13
610,610,620,40,12,2,5179.4,2023-09-23,2023-09-23
611,611,621,18,107,8,11501.65,22-09-2024,2024-09-22
612,612,622,33,84,14,607934.0,24-04-2024,2024-04-24
613,613,623,30,77,14,594571.75,19-10-2023,2023-10-19
614,614,624,1,108,5,16728.0,2023-11-03,2023-11-03
615,615,625,21,55,5,522439.2,25-05-2023,2023-05-25
616,616,626,47,9,12,476466.0,31-08-2023,2023-08-31
617,617,627,47,120,3,8904.35,15-04-2024,2024-04-15
618,618,628,20,72,3,284044.3,28-12-2024,2024-12-28
619,619,629,23,116,8,20604.0,09-04-2024,2024-09-04
620,620,630,18,67,13,1059495.1,04-09-2024,2024-04-09
621,621,631,43,15,2,55800.0,04-01-2023,2023-04-01
622,622,632,41,61,15,420279.0,19-12-2023,2023-12-19
623,623,633,21,117,5,19489.25,2023-03-23,2023-03-23
624,624,634,33,88,9,413276.6,09-12-2023,2023-09-12
625,625,635,31,63,13,1728477.5,23-11-2024,2024-11-23
626,626,636,30,137,8,27084.0,2024-06-30,2024-06-30
627,627,637,38,89,7,523208.7,2023-01-20,2023-01-20
628,628,638,9,62,1,97110.9,10-12-2023,2023-10-12
629,629,639,14,9,4,158822.0,25-10-2023,2023-10-25
630,630,640,14,61,6,159706.4,01-10-2023,2023-01-10
631,631,641,37,134,6,26890.7,08-08-2024,2024-08-08
632,632,642,33,84,5,206263.05,28-08-2024,2024-08-28
633,633,643,30,37,15,91016.0,15-01-2024,2024-01-15
634,634,644,5,40,8,107798.4,2023-11-19,2023-11-19
635,635,645,22,97,9,1218016.0,04-08-2024,2024-04-08
636,636,646,44,15,2,55800.0,25-08-2024,2024-08-25
637,637,647,18,128,9,39763.2,2023-03-19,2023-03-19
638,638,648,24,106,10,43849.0,19-08-2024,2024-08-19
639,639,649,25,31,11,86558.3,30-11-2024,2024-11-30
640,640,650,21,22,13,487242.65,2023-03-27,2023-03-27
641,641,651,6,34,12,59010.0,02-07-2023,2023-02-07
642,642,652,22,80,12,1550686.0,28-05-2024,2024-05-28
643,643,653,44,109,13,8095.0,21-05-2023,2023-05-21
644,644,654,5,42,5,28465.8,14-01-2024,2024-01-14
645,645,655,1,66,14,176003.0,2024-01-04,2024-01-04
646,646,656,1,135,7,11512.0,28-10-2024,2024-10-28
647,647,657,19,121,13,45624.7,2024-09-12,2024-09-12
648,648,658,19,101,5,2201.15,2024-07-26,2024-07-26
649,649,659,36,24,11,255554.0,19-01-2024,2024-01-19
650,650,660,2,91,12,1618632.0,29-10-2023,2023-10-29
651,651,661,8,134,1,4482.1,2023-09-25,2023-09-25
652,652,662,6,38,12,301657.3,06-05-2024,2024-06-05
653,653,663,39,147,9,25907.45,2023-01-02,2023-01-02
654,654,664,7,33,7,44659.5,15-11-2024,2024-11-15
655,655,665,43,114,13,10391.0,25-04-2023,2023-04-25
656,656,666,14,15,5,132524.05,01-01-2023,2023-01-01
657,657,667,16,124,1,3581.5,26-04-2024,2024-04-26
658,658,668,22,64,2,223011.0,2024-01-25,2024-01-25
659,659,669,25,110,4,9982.0,2023-02-25,2023-02-25
660,660,670,7,124,13,46558.55,2023-05-31,2023-05-31
661,661,671,2,66,5,59715.1,30-07-2024,2024-07-30
662,662,672,9,124,4,14326.0,16-06-2023,2023-06-16
663,663,673,4,95,13,862129.75,2023-11-26,2023-11-26
664,664,674,14,108,15,47673.85,2024-05-30,2024-05-30
665,665,675,2,148,14,63648.1,17-02-2023,2023-02-17
666,666,676,11,4,5,16909.0,15-03-2023,2023-03-15
667,667,677,18,7,8,156150.0,21-01-2023,2023-01-21
668,668,678,3,107,10,14377.3,2024-09-20,2024-09-20
669,669,679,43,133,2,3785.0,2024-06-08,2024-06-08
670,670,680,6,21,12,104815.0,08-12-2023,2023-08-12
671,671,681,32,76,3,422365.25,2024-10-06,2024-10-06
672,672,682,20,18,2,53145.0,2024-09-10,2024-09-10
673,673,683,18,130,14,58017.0,2023-07-27,2023-07-27
674,674,684,1,63,12,1679492.0,08-08-2024,2024-08-08
675,675,685,9,98,3,238083.0,2024-12-01,2024-12-01
676,676,686,43,9,13,490363.4,27-05-2023,2023-05-27
677,677,687,18,149,1,1164.0,20-06-2024,2024-06-20
678,678,688,43,55,8,835903.1,04-01-2024,2024-04-01
679,679,689,43,125,7,22623.3,15-03-2024,2024-03-15
680,680,690,43,71,6,781044.0,23-07-2024,2024-07-23
681,681,691,14,2,15,199473.4,17-12-2024,2024-12-17
682,682,692,33,18,3,79717.0,2023-06-21,2023-06-21
683,683,693,18,87,8,534879.0,09-09-2024,2024-09-09
684,684,694,27,17,5,70194.0,2023-05-07,2023-05-07
685,685,695,17,71,5,650870.0,2023-06-12,2023-06-12
686,686,696,36,90,14,1107363.0,2024-11-16,2024-11-16
687,687,697,27,106,4,16662.05,2024-04-20,2024-04-20
688,688,698,3,124,10,37699.0,22-03-2023,2023-03-22
689,689,699,2,128,8,35345.7,24-01-2023,2023-01-24
690,690,700,6,77,2,84938.55,2023-10-15,2023-10-15
691,691,701,47,120,2,5936.55,2023-04-29,2023-04-29
692,692,702,20,16,8,240048.0,2024-06-02,2024-06-02
693,693,703,23,41,3,31800.0,08-05-2024,2024-08-05
694,694,704,16,16,7,199539.9,27-04-2024,2024-04-27
695,695,705,16,71,5,618326.5,2023-06-04,2023-06-04
696,696,706,21,98,5,396806.0,08-02-2023,2023-08-02
697,697,707,36,62,11,1068219.9,2024-10-21,2024-10-21
698,698,708,48,77,2,84938.55,23-05-2023,2023-05-23
699,699,709,24,94,8,309706.65,21-02-2023,2023-02-21
700,700,710,2,150,6,9874.0,2023-08-28,2023-08-28
701,701,711,16,81,8,977188.0,27-03-2024,2024-03-27
702,702,712,29,44,6,61598.95,27-09-2024,2024-09-27
703,703,713,23,117,9,36927.0,2023-01-18,2023-01-18
704,704,714,24,29,11,401614.0,2023-01-16,2023-01-16
705,705,715,30,40,5,70920.0,2024-08-19,2024-08-19
706,706,716,12,15,12,334797.0,2024-04-10,2024-04-10
707,707,717,8,145,5,20661.55,11-03-2024,2024-11-03
708,708,718,36,106,5,20827.8,13-11-2023,2023-11-13
709,709,719,32,89,7,523208.7,2024-05-31,2024-05-31
710,710,720,45,133,8,14384.9,2023-08-31,2023-08-31
711,711,721,43,46,15,71019.15,03-12-2024,2024-03-12
712,712,722,24,10,6,182588.1,2023-07-08,2023-07-08
713,713,723,13,65,7,178904.0,31-07-2023,2023-07-31
714,714,724,46,9,14,555877.0,12-11-2023,2023-12-11
715,715,725,33,130,1,4144.0,2023-03-06,2023-03-06
716,716,726,22,39,12,337814.3,2023-10-31,2023-10-31
717,717,727,43,19,3,46832.15,05-01-2023,2023-05-01
718,718,728,32,115,14,11628.0,2023-03-02,2023-03-02
719,719,729,43,18,2,53145.0,05-05-2024,2024-05-05
720,720,730,43,148,15,71783.0,10-06-2024,2024-10-06
721,721,731,41,142,3,2355.05,11-04-2024,2024-11-04
722,722,732,35,64,12,1271163.65,11-07-2023,2023-11-07
723,723,733,45,68,4,254208.6,2023-10-17,2023-10-17
724,724,734,22,86,7,654662.0,21-04-2023,2023-04-21
725,725,735,35,129,5,16331.0,2024-01-07,2024-01-07
726,726,736,16,69,10,430017.5,08-03-2024,2024-08-03
727,727,737,22,106,5,20827.8,24-02-2023,2023-02-24
728,728,738,46,3,7,60010.55,12-02-2023,2023-12-02
729,729,739,38,65,4,97119.45,22-08-2024,2024-08-22
730,730,740,46,139,11,15674.0,2024-10-15,2024-10-15
731,731,741,39,19,8,131459.0,04-03-2024,2024-04-03
732,732,742,8,99,3,305710.0,17-02-2023,2023-02-17
733,733,743,47,20,8,234334.6,24-08-2024,2024-08-24
734,734,744,44,102,15,12480.0,24-04-2024,2024-04-24
735,735,745,42,64,7,741512.05,2023-10-07,2023-10-07
736,736,746,8,118,10,40993.45,2023-04-09,2023-04-09
737,737,747,11,76,12,1778379.0,2024-02-13,2024-02-13
738,738,748,8,43,10,350969.0,2024-06-20,2024-06-20
739,739,749,10,70,14,480976.0,2024-02-20,2024-02-20
740,740,750,4,91,2,256283.4,11-10-2024,2024-11-10
741,741,751,15,89,11,865459.0,2024-08-23,2024-08-23
742,742,752,32,149,3,3316.45,2024-03-10,2024-03-10
743,743,753,23,120,14,41555.85,2023-01-28,2023-01-28
744,744,754,9,24,13,286917.1,2024-08-23,2024-08-23
745,745,755,9,35,7,73187.05,2023-03-08,2023-03-08
746,746,756,21,100,4,397480.95,09-06-2024,2024-09-06
747,747,757,37,36,12,271217.0,2024-09-23,2024-09-23
748,748,758,38,96,7,469628.7,2023-02-25,2023-02-25
749,749,759,2,46,15,74757.0,16-06-2024,2024-06-16
750,750,760,30,68,10,635522.45,28-06-2023,2023-06-28
751,751,761,40,2,1,13298.1,21-07-2023,2023-07-21
752,752,762,13,3,11,94302.7,15-04-2023,2023-04-15
753,753,763,42,75,9,280169.25,2023-11-21,2023-11-21
754,754,764,1,28,10,135456.7,14-10-2024,2024-10-14
755,755,765,10,117,12,46774.2,2023-04-20,2023-04-20
756,756,766,3,110,7,17469.0,25-10-2023,2023-10-25
757,757,767,43,63,1,132960.1,08-06-2024,2024-08-06
758,758,768,36,124,11,39395.55,06-02-2023,2023-06-02
759,759,769,29,59,14,1220326.0,09-10-2024,2024-09-10
760,760,770,31,62,10,971109.0,2023-11-13,2023-11-13
761,761,771,28,25,5,60632.0,31-07-2023,2023-07-31
762,762,772,20,26,13,213446.95,2023-12-03,2023-12-03
763,763,773,36,76,10,1407882.9,04-04-2024,2024-04-04
764,764,774,45,33,3,19139.65,2023-03-31,2023-03-31
765,765,775,43,32,4,50010.0,2024-04-10,2024-04-10
766,766,776,6,89,4,298976.4,2024-03-08,2024-03-08
767,767,777,41,79,11,727615.0,05-10-2024,2024-05-10
768,768,778,17,112,8,16575.6,2023-09-27,2023-09-27
769,769,779,5,107,1,1437.35,09-03-2024,2024-09-03
770,770,780,11,12,11,28488.6,04-11-2024,2024-04-11
771,771,781,45,101,12,5282.95,2024-10-28,2024-10-28
772,772,782,6,113,13,57134.0,03-02-2023,2023-03-02
773,773,783,22,80,4,491050.25,2023-10-11,2023-10-11
774,774,785,43,128,10,46507.0,2024-07-19,2024-07-19
775,775,786,37,35,5,55028.0,2023-01-25,2023-01-25
776,776,787,18,106,15,62484.35,08-07-2024,2024-08-07
777,777,788,4,111,1,4285.0,19-07-2024,2024-07-19
778,778,789,4,80,13,1679910.0,29-06-2023,2023-06-29
779,779,790,3,30,8,257983.0,2024-08-06,2024-08-06
780,780,791,48,7,1,19519.0,09-07-2023,2023-09-07
781,781,792,26,92,8,710833.0,2024-08-30,2024-08-30
782,782,793,17,6,3,35461.0,15-03-2023,2023-03-15
783,783,794,13,73,4,572640.0,2024-10-30,2024-10-30
784,784,795,26,141,8,36341.3,03-09-2023,2023-03-09
785,785,796,12,133,12,22713.0,15-09-2023,2023-09-15
786,786,797,3,150,7,10944.0,04-09-2024,2024-04-09
787,787,798,23,45,15,148556.0,01-09-2024,2024-01-09
788,788,799,40,150,12,19748.0,2024-11-04,2024-11-04
789,789,800,45,24,7,154493.75,2023-08-28,2023-08-28
790,790,801,37,64,10,1059303.2,27-11-2024,2024-11-27
791,791,802,34,112,4,8724.0,2024-02-25,2024-02-25
792,792,803,1,138,2,7947.7,02-10-2023,2023-02-10
793,793,804,2,63,3,398879.35,2024-09-18,2024-09-18
794,794,805,2,135,12,19734.0,2024-07-09,2024-07-09
795,795,806,36,76,10,1481982.0,2023-11-23,2023-11-23
796,796,807,16,140,4,11911.1,2023-07-02,2023-07-02
797,797,808,46,123,2,5276.3,30-04-2024,2024-04-30
798,798,809,13,94,12,464559.5,01-06-2024,2024-01-06
799,799,810,43,34,15,73763.0,2024-04-16,2024-04-16
800,800,811,20,4,7,23673.0,07-04-2024,2024-07-04
801,801,812,3,63,10,1329598.15,22-03-2024,2024-03-22
802,802,813,19,122,10,12563.75,2023-12-08,2023-12-08
803,803,814,10,82,4,206536.0,2023-04-26,2023-04-26
804,804,815,7,122,12,15076.5,2023-10-19,2023-10-19
805,805,817,20,56,2,85978.0,2023-03-26,2023-03-26
806,806,818,12,126,3,7629.45,2024-02-10,2024-02-10
807,807,819,18,51,11,670461.55,05-04-2024,2024-05-04
808,808,820,32,20,3,87875.0,10-01-2023,2023-10-01
809,809,821,42,103,11,19681.0,2024-02-24,2024-02-24
810,810,822,45,131,5,4577.1,2024-12-04,2024-12-04
811,811,823,2,8,3,14204.4,27-04-2024,2024-04-27
812,812,824,45,26,6,98514.05,16-02-2023,2023-02-16
813,813,825,22,61,15,420279.0,2023-07-20,2023-07-20
814,814,826,3,128,15,69761.0,2023-05-15,2023-05-15
815,815,827,47,91,5,640708.5,2023-02-21,2023-02-21
816,816,828,15,21,5,43673.0,26-05-2023,2023-05-26
817,817,829,45,27,14,231160.0,19-05-2023,2023-05-19
818,818,830,29,139,12,16244.05,15-11-2024,2024-11-15
819,819,831,19,126,4,10172.6,28-11-2024,2024-11-28
820,820,832,41,11,12,434783.0,28-03-2023,2023-03-28
821,821,833,4,35,6,66033.0,2024-01-10,2024-01-10
822,822,834,10,9,6,238233.0,2024-02-02,2024-02-02
823,823,835,45,26,2,34566.0,2024-05-06,2024-05-06
824,824,836,43,50,9,96409.8,03-05-2024,2024-03-05
825,825,837,44,117,14,54569.9,2024-08-20,2024-08-20
826,826,838,41,124,9,32232.55,02-04-2023,2023-02-04
827,827,839,8,20,8,246668.0,2023-01-08,2023-01-08
828,828,840,12,143,2,8873.0,26-02-2023,2023-02-26
829,829,841,40,42,10,59928.0,20-12-2023,2023-12-20
830,830,842,4,100,8,794961.9,2023-08-24,2023-08-24
831,831,843,22,92,14,1181759.15,2024-07-09,2024-07-09
832,832,844,40,85,9,347208.0,02-04-2024,2024-02-04
833,833,845,24,17,4,56155.0,20-03-2024,2024-03-20
834,834,846,33,116,13,33482.0,23-07-2024,2024-07-23
835,835,847,9,131,10,9154.2,22-12-2023,2023-12-22
836,836,848,23,98,9,714250.0,11-03-2024,2024-11-03
837,837,849,21,93,15,1507155.0,23-11-2023,2023-11-23
838,838,850,12,92,12,1012936.55,22-09-2023,2023-09-22
839,839,851,32,49,8,100808.3,2023-12-22,2023-12-22
840,840,852,49,28,1,13546.05,2023-10-02,2023-10-02
841,841,853,35,86,4,374093.0,2024-08-06,2024-08-06
842,842,854,42,49,14,185700.0,2024-11-13,2024-11-13
843,843,855,3,140,11,34480.0,03-09-2023,2023-03-09
844,844,856,24,140,11,34480.0,2023-12-14,2023-12-14
845,845,857,8,47,3,17450.55,18-09-2024,2024-09-18
846,846,858,45,53,4,214700.0,2024-08-31,2024-08-31
847,847,859,28,95,15,994764.95,2023-12-06,2023-12-06
848,848,860,20,131,11,10599.0,05-09-2023,2023-05-09
849,849,861,45,39,7,197058.5,04-12-2024,2024-04-12
850,850,862,3,100,10,993701.9,22-01-2023,2023-01-22
851,851,863,2,94,8,309706.65,2024-03-10,2024-03-10
852,852,864,5,72,10,996646.0,31-12-2023,2023-12-31
853,853,865,11,150,14,21887.05,2023-01-17,2023-01-17
854,854,866,25,138,11,43713.3,2024-07-09,2024-07-09
855,855,867,13,94,10,407508.0,2023-02-13,2023-02-13
856,856,868,37,43,4,140387.0,26-12-2023,2023-12-26
857,857,869,3,84,5,217119.0,04-10-2024,2024-04-10
858,858,870,22,90,11,826567.45,2024-11-24,2024-11-24
859,859,871,20,145,7,30449.0,2023-01-30,2023-01-30
860,860,872,10,126,1,2543.15,2024-10-31,2024-10-31
861,861,873,25,18,7,186007.0,2023-04-12,2023-04-12
862,862,874,42,59,10,871661.0,2023-12-01,2023-12-01
863,863,875,13,92,12,1012936.55,04-11-2024,2024-04-11
864,864,876,35,150,1,1563.7,2024-11-17,2024-11-17
865,865,877,18,111,15,61064.1,2024-02-17,2024-02-17
866,866,878,23,13,2,15494.0,2024-12-31,2024-12-31
867,867,879,44,12,1,2726.0,26-08-2023,2023-08-26
868,868,880,39,59,3,248423.1,15-06-2023,2023-06-15
869,869,881,36,106,10,41656.55,03-11-2023,2023-03-11
870,870,882,3,68,2,133794.0,21-08-2023,2023-08-21
871,871,883,11,9,13,516172.0,2023-03-04,2023-03-04
872,872,884,25,17,5,66684.3,29-06-2023,2023-06-29
873,873,885,40,117,12,46774.2,15-11-2023,2023-11-15
874,874,886,17,109,1,591.85,2023-03-28,2023-03-28
875,875,887,10,40,10,134748.0,2024-09-21,2024-09-21
876,876,888,22,24,15,348483.0,27-10-2023,2023-10-27
877,877,889,45,17,15,210582.0,31-03-2024,2024-03-31
878,878,890,11,127,11,16190.85,2024-05-11,2024-05-11
879,879,891,11,42,2,11386.7,2024-07-15,2024-07-15
880,880,892,39,31,12,99397.0,2024-07-04,2024-07-04
881,881,893,26,24,13,302018.0,17-07-2024,2024-07-17
882,882,894,36,124,8,30159.0,2024-10-14,2024-10-14
883,883,895,36,64,5,557528.0,21-11-2024,2024-11-21
884,884,896,5,48,3,44209.0,03-04-2023,2023-03-04
885,885,897,44,116,3,7727.0,16-11-2024,2024-11-16
886,886,898,1,6,7,78603.95,2024-10-02,2024-10-02
887,887,899,29,28,7,94819.5,2023-06-08,2023-06-08
888,888,900,19,146,14,6944.0,07-06-2024,2024-07-06
889,889,901,20,122,10,12563.75,16-09-2023,2023-09-16
890,890,902,47,146,7,3472.0,15-08-2024,2024-08-15
891,891,903,16,94,5,203754.0,2023-12-10,2023-12-10
892,892,904,14,107,5,7567.0,14-09-2023,2023-09-14
893,893,905,41,132,11,17193.0,21-05-2024,2024-05-21
894,894,906,41,138,5,20915.0,11-07-2024,2024-11-07
895,895,907,39,66,2,23885.85,04-06-2023,2023-04-06
896,896,908,42,98,13,1031695.0,13-09-2024,2024-09-13
897,897,909,26,26,8,131351.75,27-08-2024,2024-08-27
898,898,911,40,16,5,150030.0,2023-01-31,2023-01-31
899,899,912,18,72,9,852132.9,08-10-2024,2024-08-10
900,900,913,48,52,2,27408.0,2024-11-02,2024-11-02
901,901,914,31,91,13,1753518.0,2024-01-11,2024-01-11
902,902,915,19,100,1,104600.0,2023-02-16,2023-02-16
903,903,916,42,112,15,31078.3,2023-01-20,2023-01-20
904,904,917,28,15,4,111599.0,2024-07-29,2024-07-29
905,905,918,11,43,1,33342.15,2024-10-11,2024-10-11
906,906,919,34,122,4,5025.5,20-04-2024,2024-04-20
907,907,920,15,148,8,36369.8,12-12-2024,2024-12-12
908,908,921,1,55,1,109987.0,10-03-2023,2023-10-03
909,909,922,38,71,6,781044.0,2024-04-19,2024-04-19
910,910,923,31,7,8,148342.5,31-10-2024,2024-10-31
911,911,924,21,115,11,8679.2,20-04-2024,2024-04-20
912,912,925,28,74,8,657844.6,2023-11-28,2023-11-28
913,913,926,38,144,5,10517.45,2023-07-20,2023-07-20
914,914,927,38,1,6,188798.25,11-03-2024,2024-11-03
915,915,928,49,125,12,38783.75,2023-12-18,2023-12-18
916,916,929,11,84,1,43424.0,2023-04-14,2023-04-14
917,917,930,35,108,10,31783.2,2023-03-05,2023-03-05
918,918,931,32,92,3,253233.9,09-06-2023,2023-09-06
919,919,932,15,113,10,43950.0,07-08-2023,2023-07-08
920,920,933,34,108,11,34960.95,23-02-2024,2024-02-23
921,921,934,3,72,15,1494970.0,2023-08-07,2023-08-07
922,922,935,13,36,2,42942.85,2023-03-19,2023-03-19
923,923,936,29,57,7,831534.0,14-01-2023,2023-01-14
924,924,937,39,2,10,132982.9,17-08-2023,2023-08-17
925,925,938,23,114,2,1519.05,2023-12-26,2023-12-26
926,926,939,47,34,1,4918.0,2024-09-28,2024-09-28
927,927,940,42,29,1,36510.0,2023-05-09,2023-05-09
928,928,941,33,5,14,331366.0,09-02-2023,2023-09-02
929,929,942,28,147,10,30301.0,23-08-2024,2024-08-23
930,930,943,5,18,6,159435.0,13-02-2024,2024-02-13
931,931,944,44,101,7,3244.0,08-02-2024,2024-08-02
932,932,945,2,80,12,1473151.7,2023-01-07,2023-01-07
933,933,946,19,102,9,7113.6,2023-04-26,2023-04-26
934,934,947,48,24,15,331058.85,16-03-2023,2023-03-16
935,935,948,34,75,9,294915.0,2023-12-11,2023-12-11
936,936,949,10,144,6,12620.75,05-04-2023,2023-05-04
937,937,950,18,34,8,39340.0,16-12-2023,2023-12-16
938,938,951,36,39,1,28151.35,2024-01-07,2024-01-07
939,939,952,18,56,14,601843.0,17-09-2024,2024-09-17
940,940,953,11,108,14,46838.0,2023-09-15,2023-09-15
941,941,954,48,62,10,1022220.0,19-08-2024,2024-08-19
942,942,955,46,120,14,41555.85,2024-05-16,2024-05-16
943,943,956,36,40,6,85104.0,27-11-2023,2023-11-27
944,944,957,32,54,3,346373.8,2024-10-13,2024-10-13
945,945,958,18,50,5,56380.0,2023-02-01,2023-02-01
946,946,959,17,84,11,453779.85,05-08-2023,2023-05-08
947,947,960,47,19,6,98594.0,29-09-2023,2023-09-29
948,948,961,12,79,13,816913.55,2023-08-18,2023-08-18
949,949,962,43,97,10,1285683.45,26-05-2023,2023-05-26
950,950,963,13,100,15,1569004.0,2024-11-18,2024-11-18
951,951,964,34,70,12,391651.75,2024-04-20,2024-04-20
952,952,965,39,22,7,262361.5,14-04-2023,2023-04-14
953,953,966,24,78,8,974092.0,24-06-2024,2024-06-24
954,954,967,46,15,8,223198.0,2024-08-15,2024-08-15
955,955,968,22,27,2,33023.0,2023-03-14,2023-03-14
956,956,969,13,39,8,237063.0,2024-10-28,2024-10-28
957,957,970,35,11,4,144928.0,2023-04-24,2023-04-24
958,958,971,20,32,4,47509.5,2024-03-21,2024-03-21
959,959,972,29,36,14,316419.0,05-04-2023,2023-05-04
960,960,973,25,19,13,213621.0,15-10-2024,2024-10-15
961,961,974,14,37,13,78880.0,09-04-2023,2023-09-04
962,962,975,15,142,6,4958.0,16-04-2024,2024-04-16
963,963,976,6,77,2,89409.0,2024-06-10,2024-06-10
964,964,977,5,108,11,34960.95,25-07-2024,2024-07-25
965,965,978,23,112,8,16575.6,2023-07-14,2023-07-14
966,966,979,9,58,7,723683.4,10-11-2024,2024-10-11
967,967,980,3,37,13,74936.0,2024-01-18,2024-01-18
968,968,981,15,15,3,83699.0,2023-06-30,2023-06-30
969,969,982,3,116,2,4893.45,2024-04-04,2024-04-04
970,970,983,38,73,5,715800.0,2023-09-06,2023-09-06
971,971,984,14,42,8,47943.0,2024-02-23,2024-02-23
972,972,985,34,85,7,256548.45,28-08-2023,2023-08-28
973,973,986,36,119,1,3256.0,15-09-2024,2024-09-15
974,974,987,19,18,8,212580.0,2023-05-13,2023-05-13
975,975,988,15,117,10,41030.0,16-07-2023,2023-07-16
976,976,989,17,62,3,291332.7,2024-06-12,2024-06-12
977,977,990,15,134,11,49299.3,2023-08-30,2023-08-30
978,978,991,25,19,6,98594.0,2024-05-22,2024-05-22
979,979,992,40,46,12,59805.0,29-04-2023,2023-04-29
980,980,993,44,103,10,16997.4,2023-08-22,2023-08-22
981,981,994,5,103,11,19681.0,2024-08-29,2024-08-29
982,982,995,22,28,4,57034.0,30-04-2023,2023-04-30
983,983,996,31,4,12,38553.85,2023-02-24,2023-02-24
984,984,997,10,95,15,1047121.0,17-10-2024,2024-10-17
985,985,998,29,57,14,1663068.0,2024-01-03,2024-01-03
986,986,999,1,56,7,300921.0,06-10-2024,2024-06-10
987,987,1000,2,105,9,2786.0,22-04-2024,2024-04-22
988,988,1001,11,40,10,134748.0,2023-06-30,2023-06-30
989,989,1002,45,78,5,608808.0,2023-04-07,2023-04-07
990,990,1004,39,94,1,40751.0,2023-07-20,2023-07-20
991,991,1005,30,57,14,1579914.6,2023-04-09,2023-04-09
992,992,1006,42,31,3,24849.0,07-01-2024,2024-07-01
993,993,1007,28,98,10,793611.0,01-10-2023,2023-01-10
994,994,1008,11,55,14,1462829.95,06-01-2024,2024-06-01
995,995,1009,38,129,10,31028.9,2024-03-22,2024-03-22
996,996,1010,44,116,5,12234.1,2024-08-19,2024-08-19
997,997,1011,23,128,6,27904.0,2024-02-29,2024-02-29
998,998,1012,14,144,4,8414.15,2023-06-06,2023-06-06
999,999,1013,33,148,10,47856.0,27-02-2023,2023-02-27
1000,1000,1014,8,102,9,7113.6,24-12-2023,2023-12-24
1001,1001,1015,30,121,8,29554.0,2024-01-10,2024-01-10
1002,1002,1016,6,113,12,50103.0,09-03-2023,2023-09-03
1003,1003,1017,18,121,14,51720.0,09-03-2023,2023-09-03
1004,1004,1018,28,9,10,397055.0,2023-05-12,2023-05-12
1005,1005,1019,36,49,9,113409.1,18-06-2024,2024-06-18
1006,1006,1020,16,89,6,472068.0,2023-05-04,2023-05-04
1007,1007,1021,35,29,6,219062.0,10-04-2023,2023-10-04
1008,1008,1022,6,124,13,46558.55,11-04-2023,2023-11-04
1009,1009,1023,30,82,11,567974.0,19-11-2024,2024-11-19
1010,1010,1024,17,78,9,1095854.0,06-11-2024,2024-06-11
1011,1011,1025,13,16,7,199539.9,2023-03-30,2023-03-30
1012,1012,1026,17,113,4,16701.0,09-05-2024,2024-09-05
1013,1013,1027,7,74,15,1298378.0,24-07-2024,2024-07-24
1014,1014,1028,39,146,5,2356.0,2024-10-06,2024-10-06
1015,1015,1029,43,99,4,407613.65,01-05-2024,2024-01-05
1016,1016,1030,18,13,10,73597.45,2024-04-26,2024-04-26
1017,1017,1031,6,90,9,676282.2,2023-04-29,2023-04-29
1018,1018,1032,2,35,4,44022.0,10-08-2024,2024-10-08
1019,1019,1033,14,145,11,47848.0,24-05-2023,2023-05-24
1020,1020,1034,49,6,10,118202.0,08-10-2023,2023-08-10
1021,1021,1035,42,131,8,7709.0,23-06-2023,2023-06-23
1022,1022,1036,6,84,13,564510.0,2023-12-09,2023-12-09
1023,1023,1037,41,52,15,195283.9,2024-07-27,2024-07-27
1024,1024,1038,46,20,5,146458.65,2024-07-01,2024-07-01
1025,1025,1039,35,129,14,43440.65,2023-12-02,2023-12-02
1026,1026,1040,43,145,4,16529.05,2024-10-18,2024-10-18
1027,1027,1041,33,6,2,23640.0,2024-08-16,2024-08-16
1028,1028,1042,37,78,6,694040.55,2023-06-10,2023-06-10
1029,1029,1043,13,120,7,20777.45,22-02-2024,2024-02-22
1030,1030,1044,49,46,1,4984.0,30-10-2024,2024-10-30
1031,1031,1045,3,136,10,19735.0,23-01-2023,2023-01-23
1032,1032,1046,7,58,5,544123.0,20-10-2023,2023-10-20
1033,1033,1047,38,76,1,140788.1,2023-08-15,2023-08-15
1034,1034,1048,15,89,12,944137.0,07-10-2024,2024-07-10
1035,1035,1049,46,122,13,16332.4,01-11-2023,2023-01-11
1036,1036,1050,24,62,1,97110.9,01-06-2024,2024-01-06
1037,1037,1051,31,148,13,62212.0,11-06-2023,2023-11-06
1038,1038,1052,4,99,15,1609000.0,30-12-2024,2024-12-30
1039,1039,1053,12,65,2,51115.0,21-06-2023,2023-06-21
1040,1040,1054,17,138,2,8366.0,2024-08-09,2024-08-09
1041,1041,1055,4,48,13,181994.35,2023-07-29,2023-07-29
1042,1042,1056,14,45,6,59422.0,2023-08-08,2023-08-08
1043,1043,1057,30,41,5,53000.0,2024-09-07,2024-09-07
1044,1044,1058,47,100,11,1150603.0,24-09-2023,2023-09-24
1045,1045,1059,15,150,4,6583.0,17-08-2024,2024-08-17
1046,1046,1060,29,134,14,66047.0,29-10-2023,2023-10-29
1047,1047,1061,17,82,15,735785.45,02-06-2024,2024-02-06
1048,1048,1062,30,58,8,827067.15,18-02-2023,2023-02-18
1049,1049,1063,15,60,5,516567.25,2024-04-25,2024-04-25
1050,1050,1064,17,135,2,3289.0,08-12-2024,2024-08-12
1051,1051,1065,11,125,8,27217.0,2023-02-06,2023-02-06
1052,1052,1066,11,65,14,357808.0,2024-02-09,2024-02-09
1053,1053,1067,38,136,12,22497.9,2023-01-09,2023-01-09
1054,1054,1068,30,70,6,206133.0,27-06-2024,2024-06-27
1055,1055,1069,14,90,8,632779.0,2024-03-24,2024-03-24
1056,1056,1070,38,9,3,119116.0,2023-12-02,2023-12-02
1057,1057,1071,11,6,7,82741.0,30-01-2024,2024-01-30
1058,1058,1072,17,110,9,21337.0,2024-08-30,2024-08-30
1059,1059,1073,13,136,8,14998.6,16-06-2023,2023-06-16
1060,1060,1074,14,74,1,82231.05,2023-07-02,2023-07-02
1061,1061,1075,7,1,12,377596.5,17-12-2023,2023-12-17
1062,1062,1076,16,34,1,4918.0,2024-05-11,2024-05-11
1063,1063,1077,45,84,9,390815.0,2024-12-27,2024-12-27
1064,1064,1078,48,145,14,60898.0,06-09-2024,2024-06-09
1065,1065,1079,49,15,1,26505.0,29-11-2023,2023-11-29
1066,1066,1080,21,16,5,142528.5,2023-04-12,2023-04-12
1067,1067,1081,28,31,8,66265.0,2024-12-07,2024-12-07
1068,1068,1082,18,91,6,809316.0,04-10-2023,2023-04-10
1069,1069,1083,10,119,3,9278.65,01-02-2023,2023-01-02
1070,1070,1084,43,116,9,23180.0,20-12-2024,2024-12-20
1071,1071,1085,21,90,5,375712.65,2023-08-04,2023-08-04
1072,1072,1086,33,32,15,187537.0,04-06-2024,2024-04-06
1073,1073,1087,48,105,6,1764.15,2023-10-08,2023-10-08
1074,1074,1088,30,34,3,14753.0,2024-02-12,2024-02-12
1075,1075,1089,4,55,10,1099872.0,2024-06-09,2024-06-09
1076,1076,1090,30,106,7,30694.0,23-04-2024,2024-04-23
1077,1077,1091,3,56,5,214944.0,2024-05-27,2024-05-27
1078,1078,1092,44,17,4,53347.25,25-08-2023,2023-08-25
1079,1079,1093,15,12,13,33668.0,2024-04-06,2024-04-06
1080,1080,1094,1,13,11,80957.1,2024-06-15,2024-06-15
1081,1081,1095,29,112,2,4362.0,2023-05-22,2023-05-22
1082,1082,1096,10,79,11,727615.0,18-12-2023,2023-12-18
1083,1083,1097,45,55,7,769910.0,12-03-2024,2024-12-03
1084,1084,1098,6,27,5,78429.15,2023-01-05,2023-01-05
1085,1085,1099,4,101,12,5282.95,18-10-2023,2023-10-18
1086,1086,1100,21,63,7,930718.8,2024-11-03,2024-11-03
1087,1087,1101,36,12,15,40893.0,2023-11-26,2023-11-26
1088,1088,1102,4,1,14,463715.0,11-08-2024,2024-11-08
1089,1089,1103,38,12,9,24536.0,2024-09-20,2024-09-20
1090,1090,1104,24,14,6,204122.7,2024-04-22,2024-04-22
1091,1091,1105,40,77,5,223523.0,2024-04-11,2024-04-11
1092,1092,1106,15,94,8,309706.65,2023-06-25,2023-06-25
1093,1093,1107,5,46,8,39870.0,2023-09-12,2023-09-12
1094,1094,1108,1,147,5,15150.0,09-01-2023,2023-09-01
1095,1095,1109,36,79,1,66147.0,2023-12-29,2023-12-29
1096,1096,1110,29,68,13,869662.0,03-02-2023,2023-03-02
1097,1097,1111,8,93,3,286359.45,2024-05-23,2024-05-23
1098,1098,1112,44,125,6,19391.4,2023-08-03,2023-08-03
1099,1099,1113,30,40,11,148222.8,2023-11-30,2023-11-30
1100,1100,1114,23,86,1,88846.85,2023-12-01,2023-12-01
1101,1101,1115,47,42,11,65921.0,2024-02-06,2024-02-06
1102,1102,1116,3,9,6,238233.0,10-10-2023,2023-10-10
1103,1103,1117,41,60,7,723195.1,04-09-2024,2024-04-09
1104,1104,1118,36,46,8,39870.0,29-11-2024,2024-11-29
1105,1105,1119,2,61,15,399265.05,2023-11-19,2023-11-19
1106,1106,1120,22,32,1,12502.0,2024-02-27,2024-02-27
1107,1107,1121,38,122,4,5025.5,05-09-2024,2024-05-09
1108,1108,1122,16,38,9,238150.0,18-07-2023,2023-07-18
1109,1109,1123,3,53,3,161025.0,2024-07-19,2024-07-19
1110,1110,1124,19,9,12,476466.0,2024-04-04,2024-04-04
1111,1111,1125,44,137,2,6771.0,19-12-2023,2023-12-19
1112,1112,1126,3,93,10,1004770.0,2023-08-07,2023-08-07
1113,1113,1127,40,126,4,10708.0,29-07-2023,2023-07-29
1114,1114,1128,26,23,14,148675.95,11-04-2024,2024-11-04
1115,1115,1130,30,2,13,181976.0,06-12-2024,2024-06-12
1116,1116,1131,37,113,15,65924.0,30-10-2023,2023-10-30
1117,1117,1132,23,121,7,25860.0,2024-01-27,2024-01-27
1118,1118,1133,49,100,13,1291812.85,10-01-2024,2024-10-01
1119,1119,1134,5,72,14,1395305.0,2023-04-28,2023-04-28
1120,1120,1135,1,50,13,139258.6,2023-12-20,2023-12-20
1121,1121,1136,35,55,7,769910.0,12-05-2023,2023-12-05
1122,1122,1137,48,10,7,213019.45,2024-10-19,2024-10-19
1123,1123,1138,35,134,11,49299.3,23-04-2024,2024-04-23
1124,1124,1139,48,83,3,384191.4,16-09-2024,2024-09-16
1125,1125,1140,21,138,14,55634.85,2024-02-06,2024-02-06
1126,1126,1141,17,61,8,212941.55,2023-01-30,2023-01-30
1127,1127,1142,12,19,12,197188.0,2024-01-25,2024-01-25
1128,1128,1143,9,10,4,121725.4,2024-04-12,2024-04-12
1129,1129,1144,8,126,10,26771.0,30-05-2024,2024-05-30
1130,1130,1145,16,127,6,8831.2,2023-03-01,2023-03-01
1131,1131,1146,42,123,9,24994.0,2023-10-19,2023-10-19
1132,1132,1147,14,120,15,44523.65,2024-08-09,2024-08-09
1133,1133,1148,19,98,14,1055503.2,2024-11-02,2024-11-02
1134,1134,1149,21,60,5,516567.25,25-08-2024,2024-08-25
1135,1135,1150,43,108,2,6356.45,2023-10-26,2023-10-26
1136,1136,1151,34,149,3,3491.0,2024-03-20,2024-03-20
1137,1137,1152,40,45,3,28225.45,06-06-2023,2023-06-06
1138,1138,1153,17,18,12,318869.0,21-03-2024,2024-03-21
1139,1139,1154,11,42,8,45545.85,2023-11-13,2023-11-13
1140,1140,1155,2,109,2,1245.0,2024-07-01,2024-07-01
1141,1141,1156,21,17,12,168465.0,04-09-2024,2024-04-09
1142,1142,1157,48,73,8,1088015.05,03-05-2024,2024-03-05
1143,1143,1158,49,133,11,19779.0,28-03-2023,2023-03-28
1144,1144,1159,16,51,2,121902.1,20-03-2024,2024-03-20
1145,1145,1160,37,146,15,7068.0,06-06-2023,2023-06-06
1146,1146,1161,13,103,6,10198.25,2024-05-29,2024-05-29
1147,1147,1162,12,115,11,9136.0,2024-10-26,2024-10-26
1148,1148,1163,21,66,9,107487.75,2023-03-19,2023-03-19
1149,1149,1164,4,62,7,679776.3,14-09-2024,2024-09-14
1150,1150,1165,23,19,7,109274.7,2024-04-22,2024-04-22
1151,1151,1166,14,118,13,56096.0,2024-09-02,2024-09-02
1152,1152,1167,3,111,7,28497.15,17-01-2023,2023-01-17
1153,1153,1168,45,25,6,69121.05,2024-08-15,2024-08-15
1154,1154,1169,47,2,10,139982.0,08-01-2023,2023-08-01
1155,1155,1170,3,56,3,128966.0,2023-07-27,2023-07-27
1156,1156,1171,13,66,12,143317.0,18-12-2024,2024-12-18
1157,1157,1172,12,25,8,92161.4,2023-08-16,2023-08-16
1158,1158,1173,9,105,8,2476.0,02-12-2024,2024-02-12
1159,1159,1174,30,28,12,171103.0,2023-04-23,2023-04-23
1160,1160,1175,41,54,6,692748.55,2023-12-14,2023-12-14
1161,1161,1176,17,38,10,264611.0,2023-01-10,2023-01-10
1162,1162,1177,32,10,6,182588.1,2024-11-21,2024-11-21
1163,1163,1178,11,60,9,978760.0,10-02-2023,2023-10-02
1164,1164,1179,17,129,13,40337.95,2024-05-01,2024-05-01
1165,1165,1180,8,103,1,1789.0,2023-01-20,2023-01-20
1166,1166,1181,46,70,9,293739.05,2023-07-10,2023-07-10
1167,1167,1182,18,135,13,21379.0,30-10-2024,2024-10-30
1168,1168,1183,24,17,1,13337.05,12-01-2024,2024-12-01
1169,1169,1184,41,78,14,1704662.0,17-08-2023,2023-08-17
1170,1170,1185,33,92,7,590880.05,16-09-2024,2024-09-16
1171,1171,1186,10,102,7,5532.8,16-12-2023,2023-12-16
1172,1172,1187,3,65,4,102231.0,02-07-2023,2023-02-07
1173,1173,1188,42,142,8,6611.0,01-08-2024,2024-01-08
1174,1174,1189,4,94,15,580699.85,19-07-2023,2023-07-19
1175,1175,1190,47,105,3,929.0,2023-05-29,2023-05-29
1176,1176,1191,45,48,13,181994.35,11-07-2024,2024-11-07
1177,1177,1192,44,69,3,135795.0,2023-09-28,2023-09-28
1178,1178,1193,15,68,6,401383.0,2023-09-27,2023-09-27
1179,1179,1194,4,127,9,13246.8,29-05-2023,2023-05-29
1180,1180,1195,26,8,12,56819.5,2024-02-18,2024-02-18
1181,1181,1196,2,13,13,95676.4,2024-01-01,2024-01-01
1182,1182,1197,41,138,12,50197.0,22-04-2024,2024-04-22
1183,1183,1198,42,133,11,20820.0,08-06-2023,2023-08-06
1184,1184,1199,4,101,8,3521.65,10-12-2023,2023-10-12
1185,1185,1200,12,83,9,1152573.25,15-02-2023,2023-02-15
1186,1186,1201,25,50,7,74985.4,12-06-2023,2023-12-06
1187,1187,1202,36,18,4,100975.5,02-02-2023,2023-02-02
1188,1188,1203,21,106,11,45822.3,2023-08-16,2023-08-16
1189,1189,1204,8,22,2,74960.7,21-09-2023,2023-09-21
1190,1190,1205,39,75,2,62260.15,19-07-2023,2023-07-19
1191,1191,1206,45,82,2,98104.6,2023-10-16,2023-10-16
1192,1192,1207,45,89,5,393390.0,06-08-2024,2024-06-08
1193,1193,1208,23,86,8,748185.0,2023-02-08,2023-02-08
1194,1194,1209,16,91,7,944202.0,2023-10-15,2023-10-15
1195,1195,1210,36,144,10,21033.95,09-05-2024,2024-09-05
1196,1196,1211,17,17,4,56155.0,07-09-2024,2024-07-09
1197,1197,1212,8,124,7,26390.0,20-02-2023,2023-02-20
1198,1198,1213,27,10,8,256264.0,11-05-2023,2023-11-05
1199,1199,1214,37,23,11,116816.75,2024-03-02,2024-03-02
1200,1200,1215,3,130,15,62161.0,2023-04-23,2023-04-23
1201,1201,1216,35,8,7,34889.0,19-02-2024,2024-02-19
1202,1202,1217,21,135,5,7811.85,19-10-2023,2023-10-19
1203,1203,1218,25,127,11,17043.0,2023-05-23,2023-05-23
1204,1204,1219,2,149,9,9949.35,19-03-2023,2023-03-19
1205,1205,1220,42,65,8,204462.0,2023-01-11,2023-01-11
1206,1206,1221,44,72,4,378726.05,2024-03-04,2024-03-04
1207,1207,1222,5,146,7,3298.4,2023-12-10,2023-12-10
1208,1208,1223,9,109,7,4359.0,11-07-2024,2024-11-07
1209,1209,1224,2,125,1,3231.9,11-10-2023,2023-11-10
1210,1210,1225,11,60,15,1549702.7,2024-12-25,2024-12-25
1211,1211,1226,49,13,5,38736.0,24-05-2023,2023-05-24
1212,1212,1227,43,12,1,2726.0,28-04-2024,2024-04-28
1213,1213,1228,11,61,12,319412.8,15-05-2024,2024-05-15
1214,1214,1229,20,74,11,904536.8,2023-10-26,2023-10-26
1215,1215,1230,17,91,4,512566.8,2023-01-01,2023-01-01
1216,1216,1231,25,131,1,915.8,2023-01-25,2023-01-25
1217,1217,1232,45,29,1,34684.5,23-10-2024,2024-10-23
1218,1218,1233,46,108,11,36801.0,2024-03-23,2024-03-23
1219,1219,1234,47,129,1,3102.7,17-09-2024,2024-09-17
1220,1220,1236,43,108,8,25425.8,2023-12-26,2023-12-26
1221,1221,1237,45,124,10,37699.0,2023-03-03,2023-03-03
1222,1222,1238,42,149,4,4654.0,2023-01-02,2023-01-02
1223,1223,1239,5,130,11,45585.0,06-11-2023,2023-06-11
1224,1224,1240,31,30,2,64496.0,06-05-2024,2024-06-05
1225,1225,1241,47,123,7,18467.05,09-07-2023,2023-09-07
1226,1226,1242,27,99,7,750867.0,2024-10-11,2024-10-11
1227,1227,1243,48,141,7,33473.0,2024-12-21,2024-12-21
1228,1228,1244,16,140,13,38712.5,2024-08-22,2024-08-22
1229,1229,1245,49,131,7,6407.75,10-06-2023,2023-10-06
1230,1230,1246,26,104,11,38800.85,11-06-2023,2023-11-06
1231,1231,1247,10,134,12,56611.0,2024-07-29,2024-07-29
1232,1232,1248,26,148,10,45463.2,05-01-2023,2023-05-01
1233,1233,1249,30,138,1,3973.85,07-07-2024,2024-07-07
1234,1234,1250,24,96,9,603808.6,2023-08-11,2023-08-11
1235,1235,1251,27,148,11,50008.95,26-04-2023,2023-04-26
1236,1236,1252,47,10,4,128132.0,07-09-2024,2024-07-09
1237,1237,1253,43,56,3,122517.7,2024-03-21,2024-03-21
1238,1238,1254,20,61,12,319412.8,30-05-2023,2023-05-30
1239,1239,1255,41,10,12,365176.2,16-01-2023,2023-01-16
1240,1240,1256,21,136,2,3749.65,2023-11-24,2023-11-24
1241,1241,1257,2,99,15,1609000.0,2023-12-05,2023-12-05
1242,1242,1258,45,38,2,50275.9,2024-08-26,2024-08-26
1243,1243,1259,38,86,6,561139.0,2023-12-05,2023-12-05
1244,1244,1260,42,37,3,18203.0,2024-04-23,2024-04-23
1245,1245,1261,25,18,2,53145.0,2024-01-03,2024-01-03
1246,1246,1262,45,136,1,1974.0,2023-10-01,2023-10-01
1247,1247,1263,20,79,4,264587.0,2024-02-17,2024-02-17
1248,1248,1264,36,16,3,90018.0,07-03-2024,2024-07-03
1249,1249,1265,25,89,3,224232.3,2023-09-17,2023-09-17
1250,1250,1266,24,80,6,775343.0,21-12-2024,2024-12-21
1251,1251,1267,30,136,5,9868.0,15-12-2023,2023-12-15
1252,1252,1268,48,87,12,802319.0,25-08-2023,2023-08-25
1253,1253,1269,18,52,2,26037.6,14-07-2024,2024-07-14
1254,1254,1270,2,87,11,698686.05,25-09-2024,2024-09-25
1255,1255,1271,24,38,1,25137.95,11-03-2023,2023-11-03
1256,1256,1272,24,141,9,40884.2,17-04-2023,2023-04-17
1257,1257,1273,36,62,1,97110.9,06-09-2023,2023-06-09
1258,1258,1274,46,143,7,31055.0,2023-06-09,2023-06-09
1259,1259,1275,21,81,10,1221485.0,30-06-2023,2023-06-30
1260,1260,1276,39,25,8,97012.0,16-01-2024,2024-01-16
1261,1261,1277,4,22,5,197264.0,2023-06-28,2023-06-28
1262,1262,1278,42,135,14,23023.0,22-12-2023,2023-12-22
1263,1263,1279,28,135,5,8223.0,2024-12-22,2024-12-22
1264,1264,1280,14,17,9,126349.0,17-07-2023,2023-07-17
1265,1265,1281,8,46,7,33141.7,2024-07-23,2024-07-23
1266,1266,1282,15,99,11,1120936.35,10-10-2023,2023-10-10
1267,1267,1283,8,6,4,47281.0,18-01-2024,2024-01-18
1268,1268,1284,35,16,5,150030.0,2024-06-28,2024-06-28
1269,1269,1285,13,122,8,10051.0,2023-10-06,2023-10-06
1270,1270,1286,44,54,3,346373.8,10-01-2023,2023-10-01
1271,1271,1287,13,119,6,18558.25,2023-12-06,2023-12-06
1272,1272,1288,44,72,1,99665.0,2023-07-24,2023-07-24
1273,1273,1289,32,120,10,31245.0,01-10-2023,2023-01-10
1274,1274,1290,14,36,10,226014.0,2024-07-14,2024-07-14
1275,1275,1291,36,45,13,128748.0,24-05-2024,2024-05-24
1276,1276,1292,17,87,9,571652.05,2024-06-22,2024-06-22
1277,1277,1293,46,99,1,107267.0,03-11-2024,2024-03-11
1278,1278,1294,7,122,11,13819.65,07-10-2024,2024-07-10
1279,1279,1295,5,139,13,17596.85,2023-06-25,2023-06-25
1280,1280,1296,9,78,8,974092.0,22-12-2023,2023-12-22
1281,1281,1297,1,33,2,12760.4,2024-06-06,2024-06-06
1282,1282,1298,1,55,3,313463.9,09-06-2023,2023-09-06
1283,1283,1299,31,117,13,53339.0,07-09-2023,2023-07-09
1284,1284,1300,11,73,6,816012.0,24-04-2024,2024-04-24
1285,1285,1301,24,126,7,18739.0,19-09-2023,2023-09-19
1286,1286,1302,30,6,11,123520.9,19-09-2024,2024-09-19
1287,1287,1303,14,111,14,56993.35,28-05-2024,2024-05-28
1288,1288,1304,43,120,1,3124.0,23-03-2024,2024-03-23
1289,1289,1305,22,99,4,407613.65,2023-08-20,2023-08-20
1290,1290,1306,39,73,2,286320.0,27-01-2023,2023-01-27
1291,1291,1307,34,94,15,580699.85,30-12-2024,2024-12-30
1292,1292,1308,38,3,1,9024.0,07-02-2023,2023-07-02
1293,1293,1309,27,14,15,510307.7,2024-08-31,2024-08-31
1294,1294,1310,35,65,8,194238.9,2023-06-04,2023-06-04
1295,1295,1311,12,4,7,23673.0,21-02-2023,2023-02-21
1296,1296,1312,48,89,2,149488.2,2024-07-15,2024-07-15
1297,1297,1313,32,111,5,20354.7,2023-01-27,2023-01-27
1298,1298,1314,7,7,14,273263.0,2024-02-14,2024-02-14
1299,1299,1315,3,61,9,252168.0,2023-12-21,2023-12-21
1300,1300,1316,47,24,8,176564.15,2023-08-25,2023-08-25
1301,1301,1317,19,8,4,19937.0,24-10-2024,2024-10-24
1302,1302,1318,38,146,13,6125.6,2024-10-23,2024-10-23
1303,1303,1319,37,14,8,272164.55,2023-12-13,2023-12-13
1304,1304,1320,13,72,5,473406.85,05-03-2024,2024-05-03
1305,1305,1321,8,2,14,195974.0,2024-01-05,2024-01-05
1306,1306,1322,12,139,13,17596.85,2023-11-03,2023-11-03
1307,1307,1323,22,98,5,376965.7,18-09-2023,2023-09-18
1308,1308,1324,2,8,6,29905.0,2024-12-30,2024-12-30
1309,1309,1325,48,45,10,99037.0,04-02-2023,2023-04-02
1310,1310,1326,11,139,6,8121.55,21-08-2024,2024-08-21
1311,1311,1327,48,91,13,1753518.0,2023-10-28,2023-10-28
1312,1312,1328,33,48,12,176836.0,2023-07-14,2023-07-14
1313,1313,1329,41,92,4,337645.2,24-10-2024,2024-10-24
1314,1314,1330,31,51,5,304755.25,28-07-2023,2023-07-28
1315,1315,1331,46,96,2,134179.9,02-10-2023,2023-02-10
1316,1316,1332,14,102,13,10275.2,2023-01-14,2023-01-14
1317,1317,1333,29,94,12,464559.5,11-03-2023,2023-11-03
1318,1318,1334,48,81,4,488594.0,27-07-2023,2023-07-27
1319,1319,1335,18,22,3,118359.0,2024-06-28,2024-06-28
1320,1320,1336,2,3,5,45121.0,28-10-2023,2023-10-28
1321,1321,1337,19,22,15,591793.0,2024-02-06,2024-02-06
1322,1322,1338,3,142,10,7850.8,2023-04-26,2023-04-26
1323,1323,1339,15,142,8,6611.0,2024-05-01,2024-05-01
1324,1324,1340,39,138,11,46014.0,10-02-2024,2024-10-02
1325,1325,1341,35,56,3,122517.7,2023-05-04,2023-05-04
1326,1326,1342,6,136,12,23682.0,2023-09-11,2023-09-11
1327,1327,1343,29,124,12,45239.0,30-06-2023,2023-06-30
1328,1328,1344,36,125,11,37423.0,29-05-2023,2023-05-29
1329,1329,1345,15,98,6,476167.0,21-11-2024,2024-11-21
1330,1330,1346,48,43,10,333420.55,2023-01-19,2023-01-19
1331,1331,1347,33,125,10,32319.95,2024-05-17,2024-05-17
1332,1332,1348,15,66,10,119430.2,14-06-2024,2024-06-14
1333,1333,1349,30,137,5,16080.65,04-02-2023,2023-04-02
1334,1334,1350,42,96,15,1059313.0,27-08-2023,2023-08-27
1335,1335,1351,46,148,9,43070.0,2024-07-16,2024-07-16
1336,1336,1352,32,39,10,281511.6,2023-10-17,2023-10-17
1337,1337,1353,48,28,12,171103.0,02-09-2024,2024-02-09
1338,1338,1354,13,48,11,153995.0,2023-04-30,2023-04-30
1339,1339,1355,39,20,5,146458.65,18-08-2024,2024-08-18
1340,1340,1356,33,30,11,354727.0,2023-01-17,2023-01-17
1341,1341,1357,20,23,1,10620.05,01-11-2024,2024-01-11
1342,1342,1358,16,122,12,15870.0,28-09-2023,2023-09-28
1343,1343,1359,16,141,4,19127.0,09-08-2024,2024-09-08
1344,1344,1360,14,30,2,61271.2,2024-06-03,2024-06-03
1345,1345,1361,11,28,15,203184.1,17-03-2023,2023-03-17
1346,1346,1362,5,55,7,769910.0,2023-02-18,2023-02-18
1347,1347,1363,26,32,11,130650.65,2023-01-23,2023-01-23
1348,1348,1364,3,129,11,34131.6,29-05-2023,2023-05-29
1349,1349,1365,37,111,7,28497.15,22-07-2023,2023-07-22
1350,1350,1366,13,85,9,347208.0,2023-03-27,2023-03-27
1351,1351,1367,39,120,3,9373.0,26-10-2023,2023-10-26
1352,1352,1368,47,20,15,462502.0,2023-11-07,2023-11-07
1353,1353,1369,46,89,1,74744.1,31-10-2024,2024-10-31
1354,1354,1370,29,93,5,502385.0,2024-09-28,2024-09-28
1355,1355,1371,32,131,14,12815.5,17-12-2023,2023-12-17
1356,1356,1372,12,136,8,14998.6,2024-01-08,2024-01-08
1357,1357,1373,44,144,15,33212.0,2023-08-28,2023-08-28
1358,1358,1374,38,122,9,11902.0,2023-11-03,2023-11-03
1359,1359,1375,46,110,8,18965.8,24-05-2024,2024-05-24
1360,1360,1376,1,92,6,533125.0,28-06-2024,2024-06-28
1361,1361,1377,18,107,8,11501.65,26-04-2024,2024-04-26
1362,1362,1378,23,45,15,141128.2,2024-12-10,2024-12-10
1363,1363,1379,8,28,12,162547.85,09-11-2024,2024-09-11
1364,1364,1380,31,88,4,193346.0,2023-05-10,2023-05-10
1365,1365,1381,18,27,4,62743.7,07-02-2024,2024-07-02
1366,1366,1382,1,79,12,754073.9,25-01-2024,2024-01-25
1367,1367,1383,8,65,13,332250.0,2023-04-15,2023-04-15
1368,1368,1384,21,57,11,1306696.0,2023-01-04,2023-01-04
1369,1369,1385,5,26,11,180609.25,2024-08-06,2024-08-06
1370,1370,1386,30,114,13,9871.45,2023-02-19,2023-02-19
1371,1371,1387,2,146,11,5183.2,2024-04-16,2024-04-16
1372,1372,1388,34,124,2,7540.0,2024-07-09,2024-07-09
1373,1373,1389,5,43,2,66684.3,2024-11-25,2024-11-25
1374,1374,1390,39,38,2,50275.9,2023-11-25,2023-11-25
1375,1375,1391,49,99,13,1394467.0,2023-10-19,2023-10-19
1376,1376,1392,22,25,11,133391.0,2023-07-15,2023-07-15
1377,1377,1393,9,1,15,471996.1,14-09-2023,2023-09-14
1378,1378,1394,13,90,5,395487.0,24-07-2024,2024-07-24
1379,1379,1395,17,145,11,47848.0,16-10-2023,2023-10-16
1380,1380,1396,16,24,2,44140.8,2024-10-14,2024-10-14
1381,1381,1397,24,89,4,298976.4,2024-04-20,2024-04-20
1382,1382,1398,46,45,6,56450.9,22-10-2024,2024-10-22
1383,1383,1399,5,109,5,2958.3,28-01-2024,2024-01-28
1384,1384,1400,27,32,3,35631.65,10-08-2023,2023-10-08
1385,1385,1401,23,55,2,208975.3,03-11-2023,2023-03-11
1386,1386,1402,9,83,13,1664827.5,2023-01-08,2023-01-08
1387,1387,1403,31,3,10,90242.0,2023-12-30,2023-12-30
1388,1388,1404,30,148,15,71783.0,30-03-2023,2023-03-30
1389,1389,1405,24,53,5,254956.25,2024-12-20,2024-12-20
1390,1390,1406,7,100,2,198740.0,03-02-2023,2023-03-02
1391,1391,1407,12,49,8,106114.0,18-08-2023,2023-08-18
1392,1392,1408,42,11,15,543479.0,2023-12-29,2023-12-29
1393,1393,1409,26,100,15,1490553.8,22-07-2024,2024-07-22
1394,1394,1410,31,134,15,70764.0,17-05-2023,2023-05-17
1395,1395,1411,15,63,8,1063677.95,2023-10-21,2023-10-21
1396,1396,1412,47,132,1,1484.85,28-03-2024,2024-03-28
1397,1397,1413,43,143,7,31055.0,03-09-2024,2024-03-09
1398,1398,1414,45,72,13,1295640.0,11-12-2024,2024-11-12
1399,1399,1415,41,121,4,14777.0,2023-04-02,2023-04-02
1400,1400,1417,27,129,15,46543.35,2023-11-17,2023-11-17
1401,1401,1418,16,33,10,63800.1,2024-09-04,2024-09-04
1402,1402,1419,12,53,12,644100.0,06-12-2024,2024-06-12
1403,1403,1420,45,24,12,264846.7,2024-10-02,2024-10-02
1404,1404,1421,12,40,13,175173.35,30-12-2024,2024-12-30
1405,1405,1422,11,126,3,8031.0,29-01-2023,2023-01-29
1406,1406,1423,48,63,14,1861436.65,2023-11-23,2023-11-23
1407,1407,1424,37,129,10,32662.0,12-08-2023,2023-12-08
1408,1408,1425,36,137,14,45027.15,2024-09-21,2024-09-21
1409,1409,1426,19,22,11,433981.0,06-07-2023,2023-06-07
1410,1410,1427,33,134,7,33023.0,17-08-2024,2024-08-17
1411,1411,1428,29,43,4,140387.0,02-07-2024,2024-02-07
1412,1412,1429,47,17,6,80021.35,16-09-2024,2024-09-16
1413,1413,1430,21,108,11,34960.95,27-09-2023,2023-09-27
1414,1414,1431,18,4,1,3212.9,2024-01-10,2024-01-10
1415,1415,1432,26,57,1,118791.0,16-11-2024,2024-11-16
1416,1416,1433,47,50,9,96409.8,11-07-2024,2024-11-07
1417,1417,1434,29,144,12,26570.0,2024-01-05,2024-01-05
1418,1418,1435,29,41,15,151050.0,2024-07-22,2024-07-22
1419,1419,1436,36,58,15,1632369.0,2023-12-25,2023-12-25
1420,1420,1437,35,47,12,69802.2,2024-05-08,2024-05-08
1421,1421,1438,47,22,10,394529.0,2024-01-03,2024-01-03
1422,1422,1439,8,109,6,3549.2,16-10-2023,2023-10-16
1423,1423,1440,39,23,13,138055.9,05-09-2024,2024-05-09
1424,1424,1441,11,16,4,120024.0,2023-04-08,2023-04-08
1425,1425,1443,24,120,15,46867.0,23-11-2023,2023-11-23
1426,1426,1444,24,33,8,53726.0,22-05-2024,2024-05-22
1427,1427,1445,27,70,4,130550.9,2023-08-29,2023-08-29
1428,1428,1446,10,22,15,562203.35,02-07-2024,2024-02-07
1429,1429,1447,10,84,11,453779.85,2024-03-09,2024-03-09
1430,1430,1448,40,132,5,7815.0,2023-07-31,2023-07-31
1431,1431,1449,33,101,2,880.65,12-08-2023,2023-12-08
1432,1432,1450,23,24,7,162625.0,2023-04-20,2023-04-20
1433,1433,1451,24,52,13,169245.35,19-03-2024,2024-03-19
1434,1434,1452,19,75,11,342429.4,2024-08-21,2024-08-21
1435,1435,1453,43,42,3,17080.05,06-08-2024,2024-06-08
1436,1436,1454,20,56,7,285874.95,2023-04-10,2023-04-10
1437,1437,1455,14,130,5,20720.0,14-09-2024,2024-09-14
1438,1438,1456,42,100,15,1490553.8,11-03-2024,2024-11-03
1439,1439,1458,41,127,8,12395.0,2023-03-23,2023-03-23
1440,1440,1459,5,133,4,7571.0,2024-10-01,2024-10-01
1441,1441,1460,18,4,13,43964.0,25-07-2023,2023-07-25
1442,1442,1461,10,87,3,200580.0,2024-05-05,2024-05-05
1443,1443,1462,32,3,2,17145.6,27-06-2024,2024-06-27
1444,1444,1463,26,107,10,14377.3,18-06-2024,2024-06-18
1445,1445,1464,24,12,9,24536.0,11-04-2024,2024-11-04
1446,1446,1465,8,132,11,17193.0,30-05-2024,2024-05-30
1447,1447,1466,41,20,10,292917.3,30-09-2023,2023-09-30
1448,1448,1467,5,80,9,1104864.25,20-06-2023,2023-06-20
1449,1449,1468,31,69,15,678975.0,04-04-2023,2023-04-04
1450,1450,1469,45,124,1,3770.0,24-06-2023,2023-06-24
1451,1451,1470,36,77,7,297286.35,07-02-2023,2023-07-02
1452,1452,1471,46,68,9,571970.3,23-02-2023,2023-02-23
1453,1453,1472,32,6,2,23640.0,07-02-2023,2023-07-02
1454,1454,1473,18,4,14,47346.0,09-01-2024,2024-09-01
1455,1455,1474,47,9,3,113160.2,2024-05-19,2024-05-19
1456,1456,1475,17,59,6,496847.15,2024-06-06,2024-06-06
1457,1457,1476,13,82,13,671243.0,2023-10-31,2023-10-31
1458,1458,1477,33,144,3,6642.0,2024-06-04,2024-06-04
1459,1459,1478,15,84,3,130272.0,28-05-2023,2023-05-28
1460,1460,1479,21,104,2,7054.7,2024-03-20,2024-03-20
1461,1461,1480,21,95,5,349040.0,2023-07-31,2023-07-31
1462,1462,1481,22,44,4,41065.65,13-07-2023,2023-07-13
1463,1463,1482,36,99,15,1609000.0,18-07-2023,2023-07-18
1464,1464,1483,43,12,4,10359.75,16-08-2023,2023-08-16
1465,1465,1484,16,104,3,10582.05,2024-09-11,2024-09-11
1466,1466,1485,8,31,15,118034.65,06-04-2023,2023-06-04
1467,1467,1486,11,127,9,13246.8,22-11-2023,2023-11-22
1468,1468,1487,49,129,13,40337.95,2023-07-03,2023-07-03
1469,1469,1488,28,148,15,68193.85,26-01-2023,2023-01-26
1470,1470,1489,30,26,6,103699.0,28-08-2024,2024-08-28
1471,1471,1490,27,82,14,722877.0,09-01-2023,2023-09-01
1472,1472,1491,19,87,10,668599.0,15-06-2023,2023-06-15
1473,1473,1492,45,28,3,42776.0,2023-07-20,2023-07-20
1474,1474,1493,10,26,11,190115.0,21-06-2024,2024-06-21
1475,1475,1494,21,51,9,577431.0,18-12-2024,2024-12-18
1476,1476,1495,35,30,1,30635.6,21-02-2024,2024-02-21
1477,1477,1496,44,81,2,232082.15,2023-01-19,2023-01-19
1478,1478,1497,37,67,10,814995.5,10-12-2023,2023-10-12
1479,1479,1498,9,127,6,8831.2,03-05-2024,2024-03-05
1480,1480,1499,44,39,7,197058.5,21-11-2023,2023-11-21
1481,1481,1500,46,130,7,29009.0,2023-08-25,2023-08-25
1482,1482,1501,44,128,8,37206.0,2024-05-23,2024-05-23
1483,1483,1502,43,8,1,4734.8,2024-03-02,2024-03-02
1484,1484,1503,25,32,8,95019.0,06-01-2023,2023-06-01
1485,1485,1504,29,108,15,50183.0,01-07-2024,2024-01-07
1486,1486,1505,38,25,14,169770.0,31-08-2023,2023-08-31
1487,1487,1506,39,125,10,34021.0,2023-06-16,2023-06-16
1488,1488,1507,7,110,5,12478.0,20-07-2023,2023-07-20
1489,1489,1508,2,117,9,35080.65,2023-07-01,2023-07-01
1490,1490,1509,42,129,12,37235.25,31-07-2024,2024-07-31
1491,1491,1510,8,38,2,52922.0,2024-07-30,2024-07-30
1492,1492,1511,26,150,14,21887.05,02-05-2023,2023-02-05
1493,1493,1512,8,73,11,1496021.05,2024-05-21,2024-05-21
1494,1494,1513,24,91,10,1281417.0,02-10-2024,2024-02-10
1495,1495,1514,24,8,5,23674.95,01-09-2023,2023-01-09
1496,1496,1515,46,76,1,140788.1,2023-07-27,2023-07-27
1497,1497,1516,2,116,7,18029.0,13-11-2024,2024-11-13
1498,1498,1517,37,110,11,27451.0,14-02-2023,2023-02-14
1499,1499,1518,16,144,6,13285.0,2024-04-12,2024-04-12
1500,1500,1519,17,31,4,31475.4,2024-01-25,2024-01-25
1501,1501,1520,30,45,4,37634.25,04-03-2023,2023-04-03
1502,1502,1521,49,7,7,136631.0,2023-06-22,2023-06-22
1503,1503,1522,15,1,2,66245.0,2023-11-04,2023-11-04
1504,1504,1523,45,68,3,200691.0,14-12-2023,2023-12-14
1505,1505,1524,29,103,12,21470.0,31-01-2023,2023-01-31
1506,1506,1525,30,37,9,51878.55,2023-04-19,2023-04-19
1507,1507,1526,26,139,6,8549.0,2023-06-24,2023-06-24
1508,1508,1527,48,135,8,12498.2,2023-02-06,2023-02-06
1509,1509,1528,35,98,3,238083.0,15-02-2023,2023-02-15
1510,1510,1529,7,24,14,308988.45,2024-12-07,2024-12-07
1511,1511,1530,20,30,10,322479.0,2023-10-10,2023-10-10
1512,1512,1531,48,11,11,398551.0,2023-04-26,2023-04-26
1513,1513,1532,46,137,10,33855.0,23-12-2023,2023-12-23
1514,1514,1533,46,21,9,74680.45,2023-07-31,2023-07-31
1515,1515,1534,18,84,4,165011.2,26-09-2024,2024-09-26
1516,1516,1535,7,110,3,7487.0,19-04-2024,2024-04-19
1517,1517,1536,40,25,3,36379.0,2023-10-28,2023-10-28
1518,1518,1537,18,70,4,130550.9,09-02-2023,2023-09-02
1519,1519,1538,16,35,9,99050.0,2024-10-13,2024-10-13
1520,1520,1539,48,15,14,371067.15,21-10-2023,2023-10-21
1521,1521,1540,8,37,13,74936.0,2023-10-01,2023-10-01
1522,1522,1541,37,150,6,9874.0,2024-02-19,2024-02-19
1523,1523,1542,3,81,13,1508533.5,07-05-2023,2023-07-05
1524,1524,1543,42,69,15,678975.0,10-04-2023,2023-10-04
1525,1525,1544,44,27,10,165114.0,2024-03-13,2024-03-13
1526,1526,1545,8,18,3,75731.15,2023-04-24,2023-04-24
1527,1527,1546,5,10,6,182588.1,16-07-2024,2024-07-16
1528,1528,1547,49,71,14,1822437.0,05-06-2024,2024-05-06
1529,1529,1548,27,1,2,66245.0,02-01-2024,2024-02-01
1530,1530,1549,25,141,10,45427.1,03-11-2024,2024-03-11
1531,1531,1550,30,42,4,23971.0,2024-04-03,2024-04-03
1532,1532,1551,26,41,12,127200.0,2023-06-15,2023-06-15
1533,1533,1552,8,41,5,53000.0,20-01-2024,2024-01-20
1534,1534,1553,43,71,12,1562089.0,2023-06-16,2023-06-16
1535,1535,1554,34,108,4,13382.0,2024-04-07,2024-04-07
1536,1536,1555,14,104,4,14852.0,29-06-2024,2024-06-29
1537,1537,1557,41,57,8,950325.0,19-08-2023,2023-08-19
1538,1538,1558,3,4,11,35340.95,2024-04-29,2024-04-29
1539,1539,1559,1,64,4,423720.9,09-03-2024,2024-09-03
1540,1540,1560,16,105,11,3405.0,2024-12-17,2024-12-17
1541,1541,1561,7,133,10,18927.0,2023-08-10,2023-08-10
1542,1542,1562,36,1,8,264980.0,2023-01-26,2023-01-26
1543,1543,1563,39,51,15,962385.0,2024-05-11,2024-05-11
1544,1544,1564,16,72,15,1420221.5,25-09-2024,2024-09-25
1545,1545,1565,40,120,2,5936.55,22-01-2023,2023-01-22
1546,1546,1566,28,50,7,74985.4,17-08-2023,2023-08-17
1547,1547,1567,2,88,8,367357.4,28-05-2023,2023-05-28
1548,1548,1568,7,115,14,11628.0,04-10-2024,2024-04-10
1549,1549,1569,7,61,15,420279.0,2023-07-29,2023-07-29
1550,1550,1570,3,4,7,22489.35,2024-04-18,2024-04-18
1551,1551,1571,6,34,11,51388.35,11-01-2023,2023-11-01
1552,1552,1572,19,110,12,29946.0,10-06-2023,2023-10-06
1553,1553,1573,3,46,11,52079.95,2023-02-12,2023-02-12
1554,1554,1574,1,73,10,1431599.0,21-06-2023,2023-06-21
1555,1555,1575,47,87,9,601739.0,2024-04-10,2024-04-10
1556,1556,1576,48,129,8,26130.0,2024-02-26,2024-02-26
1557,1557,1577,30,31,9,74548.0,24-01-2024,2024-01-24
1558,1558,1578,49,2,11,153980.0,19-01-2024,2024-01-19
1559,1559,1579,21,79,9,595322.0,2024-06-01,2024-06-01
1560,1560,1580,33,134,2,8963.25,2023-10-16,2023-10-16
1561,1561,1581,13,146,4,1984.0,30-01-2024,2024-01-30
1562,1562,1582,39,64,4,446022.0,2024-10-25,2024-10-25
1563,1563,1583,25,100,8,836802.0,2023-10-19,2023-10-19
1564,1564,1584,16,48,12,167994.2,30-10-2023,2023-10-30
1565,1565,1585,15,42,15,85398.35,03-03-2023,2023-03-03
1566,1566,1586,17,69,2,86003.5,2023-08-19,2023-08-19
1567,1567,1587,29,46,4,19935.0,02-11-2023,2023-02-11
1568,1568,1588,43,102,13,10816.0,04-05-2024,2024-04-05
1569,1569,1589,30,131,6,5782.0,09-06-2024,2024-09-06
1570,1570,1590,30,98,11,829323.4,2024-07-24,2024-07-24
1571,1571,1591,36,106,7,29159.3,09-01-2023,2023-09-01
1572,1572,1592,37,101,5,2317.0,29-03-2023,2023-03-29
1573,1573,1593,14,132,6,8909.1,19-12-2023,2023-12-19
1574,1574,1594,21,49,5,63004.95,2023-08-29,2023-08-29
1575,1575,1595,49,18,13,328169.9,06-05-2023,2023-06-05
1576,1576,1596,45,77,13,581161.0,18-01-2023,2023-01-18
1577,1577,1597,39,115,2,1577.95,04-05-2023,2023-04-05
1578,1578,1598,9,76,15,2222973.0,2024-07-19,2024-07-19
1579,1579,1599,14,76,12,1689460.05,29-07-2023,2023-07-29
1580,1580,1600,44,10,11,334744.85,09-10-2023,2023-09-10
1581,1581,1601,14,141,9,40884.2,07-08-2023,2023-07-08
1582,1582,1602,5,45,15,141128.2,2024-08-14,2024-08-14
1583,1583,1603,7,18,6,159435.0,2023-08-16,2023-08-16
1584,1584,1604,30,55,4,439949.0,2024-02-04,2024-02-04
1585,1585,1605,9,95,7,464223.2,2024-05-09,2024-05-09
1586,1586,1606,18,99,8,858133.0,2023-06-06,2023-06-06
1587,1587,1607,17,13,2,15494.0,08-06-2023,2023-08-06
1588,1588,1608,31,15,9,251098.0,2024-08-25,2024-08-25
1589,1589,1609,7,108,8,25425.8,2024-10-11,2024-10-11
1590,1590,1610,3,74,15,1298378.0,2023-01-21,2023-01-21
1591,1591,1611,40,146,10,4712.0,2024-05-10,2024-05-10
1592,1592,1612,48,61,11,308205.0,02-02-2024,2024-02-02
1593,1593,1613,34,90,4,300569.55,31-01-2023,2023-01-31
1594,1594,1614,5,142,1,784.7,2024-08-11,2024-08-11
1595,1595,1615,15,63,4,559831.0,30-10-2024,2024-10-30
1596,1596,1616,25,93,13,1306201.0,2024-11-23,2024-11-23
1597,1597,1617,26,146,9,4464.0,26-02-2023,2023-02-26
1598,1598,1618,1,86,4,374093.0,07-07-2024,2024-07-07
1599,1599,1619,43,140,8,23823.15,2024-07-13,2024-07-13
1600,1600,1620,35,135,3,4687.3,2024-11-15,2024-11-15
1601,1601,1621,20,70,2,65275.45,26-05-2024,2024-05-26
1602,1602,1622,20,94,10,387132.6,2023-09-30,2023-09-30
1603,1603,1623,2,10,7,224231.0,2024-01-06,2024-01-06
1604,1604,1624,43,65,7,178904.0,2023-03-18,2023-03-18
1605,1605,1625,38,130,14,58017.0,2023-08-26,2023-08-26
1606,1606,1626,29,35,10,110055.0,31-01-2024,2024-01-31
1607,1607,1627,21,89,15,1180171.0,2023-04-28,2023-04-28
1608,1608,1628,11,41,1,10070.0,22-03-2024,2024-03-22
1609,1609,1629,10,49,2,26528.0,31-01-2024,2024-01-31
1610,1610,1630,41,117,9,36927.0,28-04-2023,2023-04-28
1611,1611,1631,17,107,10,15134.0,26-09-2023,2023-09-26
1612,1612,1632,32,109,10,6227.0,2023-05-31,2023-05-31
1613,1613,1633,12,92,4,337645.2,2024-10-14,2024-10-14
1614,1614,1634,24,110,1,2371.2,2023-06-20,2023-06-20
1615,1615,1635,15,107,8,12107.0,20-08-2024,2024-08-20
1616,1616,1636,37,80,6,736575.85,2023-10-24,2023-10-24
1617,1617,1637,45,114,15,11989.0,2023-10-22,2023-10-22
1618,1618,1638,13,45,11,108941.0,2023-07-24,2023-07-24
1619,1619,1639,10,103,14,23796.55,21-05-2023,2023-05-21
1620,1620,1640,18,58,3,310150.3,2024-10-05,2024-10-05
1621,1621,1641,25,147,4,11514.0,2024-09-08,2024-09-08
1622,1622,1642,42,46,7,34886.0,02-06-2024,2024-02-06
1623,1623,1643,10,36,10,214713.3,2023-08-08,2023-08-08
1624,1624,1644,19,112,8,17448.0,25-03-2024,2024-03-25
1625,1625,1645,9,4,1,3212.9,2024-07-21,2024-07-21
1626,1626,1646,8,4,8,25702.25,18-07-2024,2024-07-18
1627,1627,1647,48,35,10,110055.0,10-06-2024,2024-10-06
1628,1628,1648,14,87,7,468019.0,27-12-2023,2023-12-27
1629,1629,1649,4,72,12,1136177.2,11-11-2023,2023-11-11
1630,1630,1650,34,125,4,12927.6,2023-06-16,2023-06-16
1631,1631,1651,47,67,12,1029469.0,19-03-2023,2023-03-19
1632,1632,1652,45,110,15,37433.0,2023-03-30,2023-03-30
1633,1633,1653,37,36,3,67804.0,2023-03-26,2023-03-26
1634,1634,1655,34,63,9,1196638.05,04-08-2024,2024-04-08
1635,1635,1656,35,137,4,12864.9,27-04-2023,2023-04-27
1636,1636,1657,48,128,4,18603.0,2023-03-13,2023-03-13
1637,1637,1658,2,141,15,68140.65,2023-06-30,2023-06-30
1638,1638,1659,9,107,10,15134.0,2023-04-23,2023-04-23
1639,1639,1660,31,79,1,62839.65,18-07-2023,2023-07-18
1640,1640,1661,22,107,14,20127.65,11-06-2024,2024-11-06
1641,1641,1662,25,11,15,516305.05,11-03-2024,2024-11-03
1642,1642,1663,10,48,12,176836.0,26-10-2023,2023-10-26
1643,1643,1664,13,85,11,424366.0,09-09-2023,2023-09-09
1644,1644,1665,12,132,6,9378.0,2023-04-25,2023-04-25
1645,1645,1666,32,53,2,107350.0,2024-03-03,2024-03-03
1646,1646,1667,41,56,11,449232.2,28-05-2024,2024-05-28
1647,1647,1668,18,136,6,11841.0,2023-02-05,2023-02-05
1648,1648,1669,2,32,11,130650.65,2024-02-12,2024-02-12
1649,1649,1670,48,70,7,240488.0,2023-07-16,2023-07-16
1650,1650,1671,1,92,7,621979.0,2023-10-14,2023-10-14
1651,1651,1672,41,8,3,14204.4,04-06-2024,2024-04-06
1652,1652,1673,31,143,6,26619.0,24-08-2024,2024-08-24
1653,1653,1674,43,3,13,117314.0,08-04-2024,2024-08-04
1654,1654,1675,41,149,4,4654.0,30-10-2024,2024-10-30
1655,1655,1676,23,2,13,181976.0,10-07-2023,2023-10-07
1656,1656,1677,31,107,2,2875.65,2024-04-22,2024-04-22
1657,1657,1678,19,125,1,3231.9,2024-03-18,2024-03-18
1658,1658,1679,43,116,11,26914.45,2023-07-04,2023-07-04
1659,1659,1680,48,69,1,45265.0,11-07-2024,2024-11-07
1660,1660,1681,17,129,3,9309.05,2023-01-20,2023-01-20
1661,1661,1682,22,64,3,334517.0,2024-02-11,2024-02-11
1662,1662,1683,13,32,2,25005.0,19-09-2024,2024-09-19
1663,1663,1684,16,61,1,28019.0,2023-12-08,2023-12-08
1664,1664,1685,26,149,6,6982.0,2023-04-30,2023-04-30
1665,1665,1686,45,62,4,408888.0,2023-02-03,2023-02-03
1666,1666,1687,3,93,12,1145437.8,2024-02-18,2024-02-18
1667,1667,1688,31,53,1,53675.0,2023-03-28,2023-03-28
1668,1668,1689,43,74,4,346234.0,2023-06-04,2023-06-04
1669,1669,1691,40,72,7,697652.0,2023-07-25,2023-07-25
1670,1670,1692,33,54,14,1616412.65,10-12-2023,2023-10-12
1671,1671,1693,35,61,13,364242.0,30-03-2023,2023-03-30
1672,1672,1694,41,49,12,159171.0,08-02-2023,2023-08-02
1673,1673,1695,34,129,15,46543.35,2024-04-15,2024-04-15
1674,1674,1696,25,90,8,601140.05,03-03-2023,2023-03-03
1675,1675,1697,7,110,9,21337.0,2024-03-09,2024-03-09
1676,1676,1698,26,9,14,528083.15,03-11-2023,2023-03-11
1677,1677,1699,47,122,7,9257.0,2024-11-02,2024-11-02
1678,1678,1700,15,89,8,597952.8,06-03-2023,2023-06-03
1679,1679,1701,49,49,7,92850.0,06-02-2023,2023-06-02
1680,1680,1702,27,33,1,6380.2,2023-10-01,2023-10-01
1681,1681,1703,23,10,4,121725.4,22-02-2024,2024-02-22
1682,1682,1704,41,22,9,337322.2,19-12-2023,2023-12-19
1683,1683,1705,31,115,14,11628.0,2024-05-30,2024-05-30
1684,1684,1706,14,48,4,55997.75,2023-08-22,2023-08-22
1685,1685,1707,21,127,4,5887.15,03-03-2023,2023-03-03
1686,1686,1708,11,19,4,62442.55,2023-01-06,2023-01-06
1687,1687,1709,9,14,11,374225.9,2024-09-24,2024-09-24
1688,1688,1710,28,88,3,145009.0,2023-01-20,2023-01-20
1689,1689,1711,4,115,5,3945.35,2024-09-18,2024-09-18
1690,1690,1712,1,68,4,267588.0,16-04-2024,2024-04-16
1691,1691,1713,41,25,15,181897.0,24-03-2023,2023-03-24
1692,1692,1714,17,35,4,41820.9,23-12-2024,2024-12-23
1693,1693,1715,47,62,7,715554.0,2023-12-16,2023-12-16
1694,1694,1716,16,48,15,221045.0,21-09-2024,2024-09-21
1695,1695,1717,20,123,7,19439.0,2023-06-27,2023-06-27
1696,1696,1718,23,28,2,28517.0,16-05-2024,2024-05-16
1697,1697,1719,35,91,6,809316.0,2023-12-15,2023-12-15
1698,1698,1720,39,11,8,289855.0,21-07-2024,2024-07-21
1699,1699,1721,16,64,3,334517.0,08-01-2024,2024-08-01
1700,1700,1722,41,144,9,19927.0,2023-12-03,2023-12-03
1701,1701,1723,39,63,14,1861436.65,2023-04-07,2023-04-07
1702,1702,1724,23,130,11,43305.75,10-04-2023,2023-10-04
1703,1703,1725,26,69,5,226325.0,2024-10-31,2024-10-31
1704,1704,1726,21,60,11,1136448.9,2024-07-01,2024-07-01
1705,1705,1727,40,72,14,1395305.0,03-01-2023,2023-03-01
1706,1706,1728,29,46,14,66284.35,2023-01-08,2023-01-08
1707,1707,1729,36,55,1,104487.65,2023-08-02,2023-08-02
1708,1708,1730,30,93,8,803816.0,2023-11-17,2023-11-17
1709,1709,1731,1,3,9,81218.0,05-12-2023,2023-05-12
1710,1710,1732,31,45,8,79230.0,07-11-2023,2023-07-11
1711,1711,1733,40,37,14,84948.0,05-12-2024,2024-05-12
1712,1712,1734,17,115,7,5523.3,31-01-2023,2023-01-31
1713,1713,1735,49,52,12,156226.55,16-05-2023,2023-05-16
1714,1714,1736,26,7,6,111257.35,22-01-2023,2023-01-22
1715,1715,1737,37,119,14,45581.0,23-07-2024,2024-07-23
1716,1716,1738,9,89,6,472068.0,2023-08-21,2023-08-21
1717,1717,1739,6,1,14,463715.0,09-11-2024,2024-09-11
1718,1718,1740,6,138,11,46014.0,2023-05-18,2023-05-18
1719,1719,1741,6,30,12,386974.0,2024-02-14,2024-02-14
1720,1720,1742,45,82,12,619608.0,23-04-2024,2024-04-23
1721,1721,1743,23,76,2,281576.2,03-05-2024,2024-03-05
1722,1722,1744,5,85,1,36650.05,2024-07-20,2024-07-20
1723,1723,1745,5,2,14,186175.3,2023-03-22,2023-03-22
1724,1724,1747,29,148,4,18184.9,13-01-2023,2023-01-13
1725,1725,1748,3,83,3,404412.0,21-08-2024,2024-08-21
1726,1726,1749,3,99,3,305710.0,2024-03-08,2024-03-08
1727,1727,1750,28,95,11,767888.0,22-10-2023,2023-10-22
1728,1728,1751,36,115,5,3945.35,2024-10-15,2024-10-15
1729,1729,1752,27,97,5,676675.0,21-05-2023,2023-05-21
1730,1730,1753,42,27,13,203916.55,22-09-2024,2024-09-22
1731,1731,1754,45,146,8,3968.0,2024-02-08,2024-02-08
1732,1732,1755,45,101,9,3962.45,2023-11-03,2023-11-03
1733,1733,1756,27,126,4,10708.0,2024-03-05,2024-03-05
1734,1734,1757,11,47,12,73476.0,26-08-2024,2024-08-26
1735,1735,1758,10,68,4,267588.0,09-11-2024,2024-09-11
1736,1736,1759,3,96,7,469628.7,2023-07-25,2023-07-25
1737,1737,1760,1,57,4,475162.0,2024-01-28,2024-01-28
1738,1738,1761,21,89,12,896930.15,2023-07-10,2023-07-10
1739,1739,1762,38,71,5,618326.5,2023-03-31,2023-03-31
1740,1740,1763,47,55,8,879898.0,08-10-2023,2023-08-10
1741,1741,1764,16,107,4,5751.3,2023-10-31,2023-10-31
1742,1742,1765,2,133,6,11356.0,2024-06-15,2024-06-15
1743,1743,1766,29,47,3,17450.55,2024-10-31,2024-10-31
1744,1744,1767,11,1,1,33123.0,2023-01-03,2023-01-03
1745,1745,1768,37,28,11,149001.8,09-03-2024,2024-09-03
1746,1746,1769,11,32,15,178160.15,12-03-2023,2023-12-03
1747,1747,1770,36,34,6,29505.0,05-09-2023,2023-05-09
1748,1748,1771,26,117,6,23387.1,31-12-2023,2023-12-31
1749,1749,1772,2,47,13,79598.0,03-11-2023,2023-03-11
1750,1750,1773,35,140,3,8933.8,2024-01-03,2024-01-03
1751,1751,1774,37,101,14,6163.6,2023-12-26,2023-12-26
1752,1752,1775,2,19,14,218550.35,2024-11-28,2024-11-28
1753,1753,1776,31,45,7,65859.7,2024-06-22,2024-06-22
1754,1754,1777,42,27,8,125487.4,2024-08-25,2024-08-25
1755,1755,1778,38,56,11,449232.2,2023-11-02,2023-11-02
1756,1756,1779,9,68,7,444866.0,02-09-2023,2023-02-09
1757,1757,1780,49,129,6,18617.15,2024-05-24,2024-05-24
1758,1758,1781,6,46,5,23673.05,14-02-2024,2024-02-14
1759,1759,1782,12,3,4,34292.15,2024-08-09,2024-08-09
1760,1760,1783,4,37,9,51878.55,22-06-2024,2024-06-22
1761,1761,1784,15,27,1,15685.45,2024-04-08,2024-04-08
1762,1762,1785,24,103,5,8498.7,2023-03-05,2023-03-05
1763,1763,1786,31,149,9,10473.0,2024-08-07,2024-08-07
1764,1764,1787,7,126,5,13385.0,18-05-2024,2024-05-18
1765,1765,1788,1,134,8,37741.0,10-04-2023,2023-10-04
1766,1766,1789,35,67,2,162999.1,18-12-2024,2024-12-18
1767,1767,1790,27,56,8,343910.0,2024-06-26,2024-06-26
1768,1768,1791,47,103,9,15297.85,2024-11-23,2024-11-23
1769,1769,1792,45,78,10,1217616.0,11-12-2023,2023-11-12
1770,1770,1793,42,149,3,3491.0,2023-04-07,2023-04-07
1771,1771,1794,26,68,3,190656.45,04-08-2024,2024-04-08
1772,1772,1795,3,18,3,75731.15,05-06-2024,2024-05-06
1773,1773,1796,40,88,13,628374.0,28-10-2024,2024-10-28
1774,1774,1797,47,1,6,198735.0,17-12-2023,2023-12-17
1775,1775,1798,25,138,7,29281.0,11-04-2023,2023-11-04
1776,1776,1799,1,109,10,5915.65,01-10-2023,2023-01-10
1777,1777,1800,8,71,8,989322.4,2023-08-31,2023-08-31
1778,1778,1801,6,26,4,65676.35,27-07-2023,2023-07-27
1779,1779,1802,9,111,7,29997.0,2024-08-15,2024-08-15
1780,1780,1803,2,75,12,393221.0,2024-08-08,2024-08-08
1781,1781,1804,13,66,15,188574.0,2024-05-05,2024-05-05
1782,1782,1805,48,60,12,1239762.35,2023-08-27,2023-08-27
1783,1783,1806,8,119,13,40209.7,14-05-2023,2023-05-14
1784,1784,1807,4,81,12,1392492.9,2024-01-09,2024-01-09
1785,1785,1808,39,21,5,43673.0,2024-06-10,2024-06-10
1786,1786,1809,3,78,1,115673.9,2023-10-21,2023-10-21
1787,1787,1810,9,48,8,117891.0,12-08-2024,2024-12-08
1788,1788,1811,49,98,15,1130896.15,2023-05-10,2023-05-10
1789,1789,1812,12,70,6,206133.0,2023-06-20,2023-06-20
1790,1790,1813,5,124,12,45239.0,04-06-2023,2023-04-06
1791,1791,1814,2,107,8,12107.0,27-01-2023,2023-01-27
1792,1792,1815,49,67,12,1029469.0,2023-09-16,2023-09-16
1793,1793,1816,39,65,12,291357.4,25-12-2024,2024-12-25
1794,1794,1817,12,51,15,962385.0,30-12-2023,2023-12-30
1795,1795,1818,26,99,5,536333.0,28-02-2024,2024-02-28
1796,1796,1819,44,2,14,195974.0,2024-01-03,2024-01-03
1797,1797,1820,1,141,5,23909.0,2023-04-21,2023-04-21
1798,1798,1821,3,131,2,1927.0,2024-12-14,2024-12-14
1799,1799,1822,10,61,6,168112.0,2023-07-06,2023-07-06
1800,1800,1823,38,131,6,5492.9,2024-10-06,2024-10-06
1801,1801,1824,37,72,1,99665.0,03-04-2024,2024-03-04
1802,1802,1825,43,96,10,670897.6,2023-12-31,2023-12-31
1803,1803,1826,21,92,10,888541.0,2024-10-27,2024-10-27
1804,1804,1827,36,67,5,428945.0,2024-07-28,2024-07-28
1805,1805,1828,23,124,15,56549.0,31-10-2023,2023-10-31
1806,1806,1829,15,21,1,8298.25,29-09-2023,2023-09-29
1807,1807,1830,46,51,4,256636.0,14-03-2023,2023-03-14
1808,1808,1831,24,136,2,3947.0,2023-02-13,2023-02-13
1809,1809,1832,5,56,1,42989.0,03-01-2023,2023-03-01
1810,1810,1833,21,74,6,519351.0,10-11-2024,2024-10-11
1811,1811,1834,16,45,9,89133.0,2024-06-12,2024-06-12
1812,1812,1835,28,8,8,39873.0,09-08-2023,2023-09-08
1813,1813,1836,46,86,5,444235.2,2023-02-21,2023-02-21
1814,1814,1837,30,49,7,92850.0,17-07-2023,2023-07-17
1815,1815,1838,34,52,10,137041.0,2023-04-19,2023-04-19
1816,1816,1839,10,114,13,9871.45,2023-01-08,2023-01-08
1817,1817,1840,27,44,6,61598.95,23-06-2024,2024-06-23
1818,1818,1841,31,118,1,4315.0,2024-12-13,2024-12-13
1819,1819,1842,3,133,11,20820.0,24-01-2023,2023-01-24
1820,1820,1843,14,61,8,224149.0,2023-12-09,2023-12-09
1821,1821,1844,22,143,5,22182.0,14-06-2023,2023-06-14
1822,1822,1845,39,38,5,125690.7,2023-02-12,2023-02-12
1823,1823,1846,40,111,15,64278.0,07-08-2023,2023-07-08
1824,1824,1847,15,32,5,62512.0,06-05-2023,2023-06-05
1825,1825,1848,49,6,14,165483.0,2023-12-11,2023-12-11
1826,1826,1849,35,108,3,9535.15,10-03-2024,2024-10-03
1827,1827,1850,36,119,2,6186.4,2023-05-22,2023-05-22
1828,1828,1851,22,58,14,1523544.0,2024-06-19,2024-06-19
1829,1829,1852,26,140,5,15673.0,2023-06-20,2023-06-20
1830,1830,1853,44,27,5,78429.15,2023-08-12,2023-08-12
1831,1831,1854,48,143,6,26619.0,10-02-2024,2024-10-02
1832,1832,1855,41,103,15,25496.1,2023-01-19,2023-01-19
1833,1833,1856,2,95,13,907505.0,2024-03-03,2024-03-03
1834,1834,1857,47,86,3,280569.0,29-05-2023,2023-05-29
1835,1835,1858,47,55,15,1567317.6,2024-07-10,2024-07-10
1836,1836,1859,32,139,7,9475.3,18-02-2023,2023-02-18
1837,1837,1860,36,43,11,366761.75,12-05-2023,2023-12-05
1838,1838,1861,14,149,9,10473.0,2023-09-20,2023-09-20
1839,1839,1862,43,146,5,2480.0,2024-04-23,2024-04-23
1840,1840,1863,26,79,3,198441.0,2023-06-03,2023-06-03
1841,1841,1864,32,129,11,34131.6,09-02-2024,2024-09-02
1842,1842,1865,15,148,6,27277.35,19-01-2024,2024-01-19
1843,1843,1866,37,78,11,1339377.0,2024-07-21,2024-07-21
1844,1844,1867,49,52,12,156226.55,2023-07-01,2023-07-01
1845,1845,1868,46,16,5,150030.0,20-04-2023,2023-04-20
1846,1846,1869,39,7,1,18543.05,05-05-2024,2024-05-05
1847,1847,1870,4,122,14,17589.25,21-09-2024,2024-09-21
1848,1848,1871,19,45,6,59422.0,01-10-2023,2023-01-10
1849,1849,1872,49,144,1,2214.0,27-10-2024,2024-10-27
1850,1850,1873,17,66,10,125716.0,15-08-2024,2024-08-15
1851,1851,1874,36,21,4,34938.0,23-03-2024,2024-03-23
1852,1852,1875,1,88,12,551036.1,2024-05-08,2024-05-08
1853,1853,1876,27,107,3,4540.0,2023-03-20,2023-03-20
1854,1854,1877,48,81,2,244297.0,17-01-2023,2023-01-17
1855,1855,1878,17,137,14,47397.0,2023-05-06,2023-05-06
1856,1856,1879,17,127,6,8831.2,2023-06-13,2023-06-13
1857,1857,1880,8,80,1,122762.8,23-10-2023,2023-10-23
1858,1858,1881,34,74,2,164461.15,2023-01-20,2023-01-20
1859,1859,1882,26,75,1,31129.6,17-07-2023,2023-07-17
1860,1860,1883,19,2,1,13298.1,2024-01-18,2024-01-18
1861,1861,1884,5,117,14,54569.9,01-10-2024,2024-01-10
1862,1862,1885,18,130,11,45585.0,15-07-2023,2023-07-15
1863,1863,1886,14,6,1,11820.0,2024-10-28,2024-10-28
1864,1864,1887,18,101,7,3244.0,13-03-2023,2023-03-13
1865,1865,1888,40,2,8,111985.0,2023-07-24,2023-07-24
1866,1866,1889,24,5,8,179884.4,2023-10-23,2023-10-23
1867,1867,1890,41,91,13,1753518.0,14-02-2024,2024-02-14
1868,1868,1891,46,150,7,10944.0,09-09-2023,2023-09-09
1869,1869,1892,22,146,9,4240.8,2023-08-11,2023-08-11
1870,1870,1893,37,110,11,26078.45,2023-08-09,2023-08-09
1871,1871,1894,19,30,7,214448.25,16-01-2024,2024-01-16
1872,1872,1895,12,104,8,29704.0,20-08-2024,2024-08-20
1873,1873,1896,1,86,13,1155010.95,2023-11-01,2023-11-01
1874,1874,1897,22,98,1,75392.95,2023-10-29,2023-10-29
1875,1875,1898,48,125,1,3402.0,25-03-2023,2023-03-25
1876,1876,1899,10,123,9,23744.3,2023-05-11,2023-05-11
1877,1877,1900,13,145,15,65248.0,26-07-2023,2023-07-26
1878,1878,1901,35,117,5,20515.0,2023-08-23,2023-08-23
1879,1879,1902,1,129,2,6532.0,13-11-2023,2023-11-13
1880,1880,1903,3,54,7,808206.8,2023-10-14,2023-10-14
1881,1881,1904,30,15,3,79514.05,2024-05-07,2024-05-07
1882,1882,1906,47,100,12,1255203.0,2023-03-19,2023-03-19
1883,1883,1907,1,124,13,49009.0,24-07-2024,2024-07-24
1884,1884,1908,37,18,7,186007.0,04-11-2024,2024-04-11
1885,1885,1909,26,71,14,1731315.15,01-04-2023,2023-01-04
1886,1886,1910,23,119,9,29302.0,25-08-2023,2023-08-25
1887,1887,1911,34,77,11,467163.45,2024-04-15,2024-04-15
1888,1888,1912,21,5,5,112427.75,17-08-2024,2024-08-17
1889,1889,1913,22,133,13,23374.75,2023-08-23,2023-08-23
1890,1890,1914,28,72,11,1041495.45,30-11-2024,2024-11-30
1891,1891,1915,11,8,9,44857.0,03-09-2023,2023-03-09
1892,1892,1916,48,16,9,256551.3,24-02-2024,2024-02-24
1893,1893,1917,18,36,9,193242.35,29-10-2024,2024-10-29
1894,1894,1918,25,22,12,473434.0,25-09-2024,2024-09-25
1895,1895,1919,13,23,14,156501.0,08-03-2024,2024-08-03
1896,1896,1920,24,69,12,543180.0,2024-08-16,2024-08-16
1897,1897,1921,43,25,6,69121.05,2024-07-05,2024-07-05
1898,1898,1922,27,150,8,12506.75,28-01-2024,2024-01-28
1899,1899,1923,24,24,15,348483.0,2024-08-15,2024-08-15
1900,1900,1924,31,113,2,8790.0,2024-01-31,2024-01-31
1901,1901,1925,17,7,14,273263.0,2024-01-24,2024-01-24
1902,1902,1926,44,11,11,378623.45,2024-12-30,2024-12-30
1903,1903,1927,36,90,15,1186460.0,20-06-2023,2023-06-20
1904,1904,1928,36,147,6,18180.0,2024-03-28,2024-03-28
1905,1905,1929,27,59,4,331231.75,03-06-2023,2023-03-06
1906,1906,1930,27,8,14,69778.0,2023-06-29,2023-06-29
1907,1907,1931,32,94,15,580699.85,2024-10-06,2024-10-06
1908,1908,1932,3,106,12,52618.0,2024-03-21,2024-03-21
1909,1909,1933,4,102,3,2496.0,15-11-2024,2024-11-15
1910,1910,1934,26,98,13,1031695.0,2023-07-06,2023-07-06
1911,1911,1935,37,113,14,61529.0,2023-08-18,2023-08-18
1912,1912,1936,3,138,15,62746.0,2023-09-12,2023-09-12
1913,1913,1937,33,22,14,524723.0,2024-06-08,2024-06-08
1914,1914,1938,17,1,3,99368.0,18-07-2023,2023-07-18
1915,1915,1939,30,12,8,20718.55,2024-01-31,2024-01-31
1916,1916,1940,47,35,9,99050.0,10-05-2023,2023-10-05
1917,1917,1941,35,17,15,200052.9,30-06-2023,2023-06-30
1918,1918,1942,5,62,4,408888.0,23-04-2024,2024-04-23
1919,1919,1943,6,101,14,6488.0,2024-05-05,2024-05-05
1920,1920,1944,26,5,9,213021.0,2024-02-05,2024-02-05
1921,1921,1945,29,103,4,7157.0,2023-12-16,2023-12-16
1922,1922,1946,15,120,9,26714.0,19-11-2024,2024-11-19
1923,1923,1947,39,140,11,32756.0,2024-09-12,2024-09-12
1924,1924,1948,28,115,2,1577.95,2023-11-30,2023-11-30
1925,1925,1949,32,116,11,26914.45,2024-02-12,2024-02-12
1926,1926,1950,17,117,15,61545.0,2023-10-26,2023-10-26
1927,1927,1951,32,29,2,69369.95,14-01-2024,2024-01-14
1928,1928,1952,15,140,1,2978.25,2023-01-14,2023-01-14
1929,1929,1953,38,142,5,3925.4,2023-05-12,2023-05-12
1930,1930,1954,31,112,12,26171.0,02-04-2024,2024-02-04
1931,1931,1955,4,27,14,219602.0,2023-10-28,2023-10-28
1932,1932,1956,42,22,2,74960.7,2024-10-04,2024-10-04
1933,1933,1957,20,16,2,57011.4,18-01-2024,2024-01-18
1934,1934,1958,40,58,11,1137216.5,24-10-2024,2024-10-24
1935,1935,1959,33,28,15,213878.0,2024-10-04,2024-10-04
1936,1936,1960,33,87,7,468019.0,14-10-2024,2024-10-14
1937,1937,1961,31,104,5,17636.75,27-05-2024,2024-05-27
1938,1938,1962,30,48,3,44209.0,2023-09-05,2023-09-05
1939,1939,1963,1,30,7,214448.25,26-11-2023,2023-11-26
1940,1940,1964,21,3,10,90242.0,29-03-2023,2023-03-29
1941,1941,1965,20,33,6,38280.25,16-10-2024,2024-10-16
1942,1942,1966,4,90,8,632779.0,05-05-2024,2024-05-05
1943,1943,1967,39,75,15,491526.0,19-12-2023,2023-12-19
1944,1944,1968,41,65,10,242798.15,04-02-2024,2024-04-02
1945,1945,1969,37,98,3,226178.85,2024-05-30,2024-05-30
1946,1946,1970,16,114,12,9591.0,2024-11-10,2024-11-10
1947,1947,1971,39,102,1,832.0,29-06-2023,2023-06-29
1948,1948,1972,36,21,4,33191.1,17-04-2024,2024-04-17
1949,1949,1973,31,83,11,1408700.85,08-05-2024,2024-08-05
1950,1950,1974,38,37,5,30339.0,2024-11-18,2024-11-18
1951,1951,1975,37,140,13,38712.5,24-07-2024,2024-07-24
1952,1952,1976,5,132,15,23445.0,17-10-2023,2023-10-17
1953,1953,1977,49,51,3,182853.15,14-09-2023,2023-09-14
1954,1954,1978,31,3,5,45121.0,2024-05-06,2024-05-06
1955,1955,1979,36,82,11,539575.3,2024-04-08,2024-04-08
1956,1956,1980,19,47,11,63985.35,21-07-2023,2023-07-21
1957,1957,1981,34,16,5,142528.5,2023-05-02,2023-05-02
1958,1958,1982,40,103,9,16103.0,2024-12-30,2024-12-30
1959,1959,1983,29,60,8,826508.55,2023-07-08,2023-07-08
1960,1960,1984,11,138,5,20915.0,12-03-2023,2023-12-03
1961,1961,1985,40,59,10,828077.95,2023-07-28,2023-07-28
1962,1962,1986,22,134,10,44817.2,02-11-2023,2023-02-11
1963,1963,1987,49,30,15,483718.0,2023-08-20,2023-08-20
1964,1964,1988,40,37,4,23057.45,02-12-2024,2024-02-12
1965,1965,1989,16,55,6,659923.0,2024-05-07,2024-05-07
1966,1966,1990,49,5,8,189352.0,2023-08-04,2023-08-04
1967,1967,1991,15,108,14,46838.0,2024-11-22,2024-11-22
1968,1968,1992,32,99,13,1324743.65,2023-12-25,2023-12-25
1969,1969,1993,22,103,5,8498.7,2024-07-14,2024-07-14
1970,1970,1994,10,10,1,30431.35,2023-11-06,2023-11-06
1971,1971,1995,6,140,1,3135.0,30-01-2024,2024-01-30
1972,1972,1996,40,115,8,6645.0,2023-03-13,2023-03-13
1973,1973,1997,18,86,13,1155010.95,2024-07-11,2024-07-11
1974,1974,1998,23,76,15,2111824.35,2023-04-21,2023-04-21
1975,1975,1999,24,103,5,8946.0,02-04-2023,2023-02-04
1976,1976,2000,12,72,5,473406.85,2023-05-19,2023-05-19
1977,1977,2001,47,70,8,274843.0,2023-09-19,2023-09-19
1978,1978,2002,16,137,2,6771.0,2024-04-22,2024-04-22
1979,1979,2003,5,108,15,47673.85,2024-06-23,2024-06-23
1980,1980,2004,49,79,13,859909.0,2024-05-18,2024-05-18
1981,1981,2005,7,122,5,6612.0,2023-03-03,2023-03-03
1982,1982,2006,42,64,10,1059303.2,07-09-2023,2023-07-09
1983,1983,2007,49,72,4,398659.0,28-09-2023,2023-09-28
1984,1984,2008,18,88,8,386692.0,06-05-2024,2024-06-05
1985,1985,2009,45,125,3,9695.7,15-04-2024,2024-04-15
1986,1986,2010,20,23,15,167679.0,26-02-2024,2024-02-26
1987,1987,2011,33,47,1,6123.0,10-08-2024,2024-10-08
1988,1988,2012,42,82,2,103268.0,2024-03-23,2024-03-23
1989,1989,2013,19,40,14,188648.15,14-10-2024,2024-10-14
1990,1990,2014,4,135,1,1645.0,01-11-2024,2024-01-11
1991,1991,2015,23,107,3,4540.0,2024-01-16,2024-01-16
1992,1992,2016,29,27,4,62743.7,2023-01-07,2023-01-07
1993,1993,2017,45,92,1,88854.0,2023-01-04,2023-01-04
1994,1994,2018,34,13,7,51518.5,29-05-2023,2023-05-29
1995,1995,2019,4,128,2,8835.95,2024-02-05,2024-02-05
1996,1996,2020,14,143,9,37931.6,2023-05-06,2023-05-06
1997,1997,2021,18,52,10,130188.95,06-02-2023,2023-06-02
1998,1998,2022,21,63,8,1119661.0,13-02-2024,2024-02-13
1999,1999,2023,41,146,4,1984.0,2023-11-20,2023-11-20
2000,2000,2024,31,33,7,47010.0,2023-07-13,2023-07-13
2001,2001,2025,13,60,8,826508.55,2023-09-25,2023-09-25
2002,2002,2026,46,117,1,3897.85,2023-09-07,2023-09-07
2003,2003,2027,47,95,1,66317.6,10-10-2024,2024-10-10
2004,2004,2028,21,102,11,8694.4,21-08-2024,2024-08-21
2005,2005,2029,35,69,7,316855.0,2023-05-21,2023-05-21
2006,2006,2030,13,82,2,98104.6,2023-05-27,2023-05-27
2007,2007,2031,45,22,5,187400.8,2024-12-07,2024-12-07
2008,2008,2032,12,46,14,66284.35,31-05-2023,2023-05-31
2009,2009,2033,9,64,4,423720.9,2024-08-24,2024-08-24
2010,2010,2034,35,143,1,4436.0,2023-08-08,2023-08-08
2011,2011,2035,43,145,12,52198.0,2023-03-08,2023-03-08
2012,2012,2036,30,127,14,21691.0,2023-06-06,2023-06-06
2013,2013,2037,6,5,11,247341.05,2023-12-18,2023-12-18
2014,2014,2038,43,38,10,264611.0,08-07-2024,2024-08-07
2015,2015,2039,11,72,7,662769.4,2023-04-17,2023-04-17
2016,2016,2040,46,132,1,1563.0,2024-06-24,2024-06-24
2017,2017,2041,8,109,12,7472.0,07-02-2024,2024-07-02
2018,2018,2042,15,31,11,91114.0,2024-09-04,2024-09-04
2019,2019,2043,37,51,11,670461.55,2023-03-04,2023-03-04
2020,2020,2044,26,21,7,58084.9,2024-06-28,2024-06-28
2021,2021,2045,2,63,4,531839.45,2023-03-11,2023-03-11
2022,2022,2046,44,41,1,10600.0,2024-07-12,2024-07-12
2023,2023,2047,18,81,11,1343633.0,11-05-2023,2023-11-05
2024,2024,2048,18,77,10,447047.0,08-03-2024,2024-08-03
2025,2025,2049,32,8,5,23674.95,2024-01-07,2024-01-07
2026,2026,2050,12,30,8,245083.85,05-11-2024,2024-05-11
2027,2027,2051,48,3,2,18048.0,2024-01-12,2024-01-12
2028,2028,2052,23,63,7,979704.0,2023-06-03,2023-06-03
2029,2029,2053,19,61,10,266176.7,2024-05-19,2024-05-19
2030,2030,2054,41,136,11,21708.0,22-06-2023,2023-06-22
2031,2031,2055,18,33,8,51039.7,17-08-2023,2023-08-17
2032,2032,2056,39,16,10,285057.0,31-05-2023,2023-05-31
2033,2033,2057,30,6,4,44916.95,12-03-2023,2023-12-03
2034,2034,2058,7,113,10,43950.0,2024-10-04,2024-10-04
2035,2035,2059,40,33,13,87305.0,11-05-2024,2024-11-05
2036,2036,2060,40,135,10,16445.0,2024-10-11,2024-10-11
2037,2037,2061,28,102,6,4742.4,30-05-2023,2023-05-30
2038,2038,2062,20,75,3,93389.75,2023-06-29,2023-06-29
2039,2039,2063,17,112,11,23990.0,2024-05-28,2024-05-28
2040,2040,2064,7,20,7,215834.0,24-02-2024,2024-02-24
2041,2041,2065,48,140,8,23823.15,2023-10-19,2023-10-19
2042,2042,2066,38,26,3,49257.5,2023-12-07,2023-12-07
2043,2043,2067,49,58,1,108825.0,2023-03-14,2023-03-14
2044,2044,2068,17,122,5,6612.0,2023-01-30,2023-01-30
2045,2045,2069,11,130,4,16576.0,10-03-2024,2024-10-03
2046,2046,2070,9,71,3,370995.9,23-07-2024,2024-07-23
2047,2047,2071,49,11,4,137681.6,22-05-2024,2024-05-22
2048,2048,2072,21,145,2,8265.0,2023-02-23,2023-02-23
2049,2049,2073,43,116,11,28331.0,15-06-2024,2024-06-15
2050,2050,2074,16,63,9,1259619.0,02-05-2024,2024-02-05
2051,2051,2075,14,74,12,986767.85,2024-07-31,2024-07-31
2052,2052,2076,39,34,10,46716.25,2023-03-18,2023-03-18
2053,2053,2077,45,12,12,31078.3,01-08-2023,2023-01-08
2054,2054,2078,27,53,3,152973.75,2024-11-06,2024-11-06
2055,2055,2079,27,84,2,82505.6,30-11-2024,2024-11-30
2056,2056,2080,34,29,15,520272.25,2024-06-06,2024-06-06
2057,2057,2081,33,134,15,67225.8,2023-09-02,2023-09-02
2058,2058,2082,47,127,12,18592.0,2023-04-21,2023-04-21
2059,2059,2083,10,53,8,429400.0,05-06-2024,2024-05-06
2060,2060,2084,4,125,8,25856.15,2023-02-10,2023-02-10
2061,2061,2085,37,34,8,39340.0,2023-01-26,2023-01-26
2062,2062,2086,41,53,4,203965.0,02-11-2024,2024-02-11
2063,2063,2087,49,23,14,148675.95,02-08-2023,2023-02-08
2064,2064,2088,4,62,1,102222.0,25-10-2024,2024-10-25
2065,2065,2089,9,147,9,27271.0,2024-03-22,2024-03-22
2066,2066,2090,26,103,3,5368.0,09-02-2024,2024-09-02
2067,2067,2091,42,136,7,13123.3,21-06-2024,2024-06-21
2068,2068,2092,5,136,2,3749.65,2023-04-26,2023-04-26
2069,2069,2093,46,67,8,686312.0,2023-10-03,2023-10-03
2070,2070,2094,9,33,4,26863.0,2023-02-14,2023-02-14
2071,2071,2095,27,40,14,188648.15,2024-02-10,2024-02-10
2072,2072,2096,46,12,14,38167.0,17-06-2023,2023-06-17
2073,2073,2097,38,103,6,10735.0,13-04-2024,2024-04-13
2074,2074,2098,33,31,2,16566.0,16-04-2023,2023-04-16
2075,2075,2099,20,77,13,552102.95,2023-03-24,2023-03-24
2076,2076,2100,10,129,7,21719.85,19-05-2024,2024-05-19
2077,2077,2101,43,7,1,18543.05,13-08-2023,2023-08-13
2078,2078,2102,36,71,7,865657.1,03-08-2023,2023-03-08
2079,2079,2103,7,11,6,206521.45,18-10-2023,2023-10-18
2080,2080,2104,10,145,14,60898.0,2023-01-20,2023-01-20
2081,2081,2105,33,105,8,2476.0,2024-10-07,2024-10-07
2082,2082,2106,31,96,5,335448.8,2024-03-20,2024-03-20
2083,2083,2107,39,90,5,375712.65,28-04-2024,2024-04-28
2084,2084,2108,24,21,4,34938.0,21-04-2024,2024-04-21
2085,2085,2109,10,54,13,1579953.0,19-10-2024,2024-10-19
2086,2086,2110,4,116,2,4893.45,16-02-2023,2023-02-16
2087,2087,2111,33,143,7,31055.0,26-08-2024,2024-08-26
2088,2088,2112,17,118,15,64727.0,2023-11-09,2023-11-09
2089,2089,2113,6,121,11,40637.0,2023-01-05,2023-01-05
2090,2090,2114,24,20,9,277501.0,18-04-2023,2023-04-18
2091,2091,2115,34,28,5,71293.0,11-06-2023,2023-11-06
2092,2092,2116,48,4,12,38553.85,2024-11-26,2024-11-26
2093,2093,2117,35,45,5,49519.0,28-11-2024,2024-11-28
2094,2094,2118,23,98,2,150785.9,12-06-2023,2023-12-06
2095,2095,2119,45,145,12,49588.1,2024-05-29,2024-05-29
2096,2096,2120,13,4,12,38553.85,13-09-2023,2023-09-13
2097,2097,2121,12,107,10,14377.3,16-04-2023,2023-04-16
2098,2098,2122,34,126,1,2543.15,16-05-2023,2023-05-16
2099,2099,2123,11,145,12,49588.1,2024-09-24,2024-09-24
2100,2100,2124,12,15,14,371067.15,2023-09-23,2023-09-23
2101,2101,2125,3,78,12,1388082.05,09-08-2024,2024-09-08
2102,2102,2126,6,3,6,54145.0,2023-11-13,2023-11-13
2103,2103,2127,49,33,13,87305.0,2024-12-17,2024-12-17
2104,2104,2128,19,102,10,7904.0,2023-04-22,2023-04-22
2105,2105,2129,23,146,1,471.2,2023-05-03,2023-05-03
2106,2106,2130,45,74,11,904536.8,2023-06-02,2023-06-02
2107,2107,2131,39,53,6,322050.0,2024-12-18,2024-12-18
2108,2108,2132,47,18,8,212580.0,2023-02-24,2023-02-24
2109,2109,2133,41,43,8,266736.25,2024-07-11,2024-07-11
2110,2110,2134,13,58,4,413533.1,06-06-2024,2024-06-06
2111,2111,2135,14,115,10,7890.7,19-03-2023,2023-03-19
2112,2112,2136,45,21,1,8735.0,13-02-2023,2023-02-13
2113,2113,2137,16,65,14,339917.6,2024-06-20,2024-06-20
2114,2114,2138,40,107,1,1513.0,21-01-2024,2024-01-21
2115,2115,2139,33,71,13,1692263.0,2024-11-29,2024-11-29
2116,2116,2140,40,112,15,31078.3,09-06-2024,2024-09-06
2117,2117,2141,10,91,3,384425.1,01-07-2023,2023-01-07
2118,2118,2142,44,31,15,118034.65,11-03-2024,2024-11-03
2119,2119,2143,5,39,14,394117.0,2023-11-06,2023-11-06
2120,2120,2144,37,75,10,311299.8,2023-02-05,2023-02-05
2121,2121,2145,26,33,8,51039.7,26-02-2024,2024-02-26
2122,2122,2146,31,31,15,118034.65,24-04-2023,2023-04-24
2123,2123,2147,21,140,1,3135.0,06-11-2023,2023-06-11
2124,2124,2148,39,69,8,344014.0,2023-10-05,2023-10-05
2125,2125,2149,6,19,1,15610.4,2024-02-13,2024-02-13
2126,2126,2150,14,23,12,134144.0,2024-10-06,2024-10-06
2127,2127,2151,49,135,2,3124.55,2024-07-17,2024-07-17
2128,2128,2152,4,15,2,53010.0,2024-11-16,2024-11-16
2129,2129,2153,22,136,4,7499.3,2023-10-06,2023-10-06
2130,2130,2154,43,116,3,7727.0,31-10-2024,2024-10-31
2131,2131,2155,19,83,2,256127.6,2023-02-24,2023-02-24
2132,2132,2156,38,28,10,135456.7,2023-06-07,2023-06-07
2133,2133,2157,32,117,9,36927.0,2024-03-17,2024-03-17
2134,2134,2158,44,44,15,153997.85,2023-02-11,2023-02-11
2135,2135,2159,15,89,15,1180171.0,14-12-2024,2024-12-14
2136,2136,2160,46,149,15,17454.0,15-12-2023,2023-12-15
2137,2137,2161,37,13,6,44158.85,2023-02-19,2023-02-19
2138,2138,2162,49,56,15,644832.0,2023-05-09,2023-05-09
2139,2139,2163,44,101,2,880.65,29-07-2023,2023-07-29
2140,2140,2164,6,135,14,21871.85,2024-03-05,2024-03-05
2141,2141,2165,10,149,15,16581.3,2023-12-10,2023-12-10
2142,2142,2166,40,32,10,125025.0,26-02-2023,2023-02-26
2143,2143,2167,2,62,7,679776.3,17-05-2024,2024-05-17
2144,2144,2168,23,19,2,32865.0,24-03-2023,2023-03-24
2145,2145,2169,44,90,7,553681.0,2023-12-01,2023-12-01
2146,2146,2170,33,42,4,22772.45,2024-10-22,2024-10-22
2147,2147,2171,24,117,6,23387.1,01-02-2023,2023-01-02
2148,2148,2172,17,53,12,644100.0,2023-04-11,2023-04-11
2149,2149,2173,37,1,12,397470.0,19-12-2024,2024-12-19
2150,2150,2174,45,101,13,6024.0,2023-05-14,2023-05-14
2151,2151,2175,15,90,12,949168.0,20-01-2023,2023-01-20
2152,2152,2176,11,41,11,116600.0,22-03-2024,2024-03-22
2153,2153,2177,40,26,1,16418.85,2023-07-03,2023-07-03
2154,2154,2178,9,35,3,33017.0,2023-10-02,2023-10-02
2155,2155,2179,5,18,12,318869.0,29-05-2023,2023-05-29
2156,2156,2180,17,112,11,23990.0,21-12-2023,2023-12-21
2157,2157,2181,3,56,2,85978.0,02-12-2024,2024-02-12
2158,2158,2182,15,52,6,82225.0,25-02-2023,2023-02-25
2159,2159,2183,16,2,11,146281.0,26-07-2024,2024-07-26
2160,2160,2184,3,98,5,396806.0,05-02-2023,2023-05-02
2161,2161,2185,36,62,4,388443.6,23-10-2023,2023-10-23
2162,2162,2186,1,116,15,38633.0,11-08-2023,2023-11-08
2163,2163,2187,15,50,3,33828.0,26-04-2024,2024-04-26
2164,2164,2188,2,131,1,964.0,2024-07-31,2024-07-31
2165,2165,2189,46,115,1,831.0,14-07-2023,2023-07-14
2166,2166,2190,17,39,3,84453.1,2024-06-23,2024-06-23
2167,2167,2191,37,126,1,2543.15,26-12-2023,2023-12-26
2168,2168,2192,20,127,12,18592.0,2024-05-13,2024-05-13
2169,2169,2193,47,86,12,1066164.1,20-01-2024,2024-01-20
2170,2170,2194,48,133,8,15142.0,2023-03-26,2023-03-26
2171,2171,2195,45,131,12,10984.85,2024-03-08,2024-03-08
2172,2172,2196,45,26,6,103699.0,08-07-2024,2024-08-07
2173,2173,2197,15,77,10,424694.65,26-09-2024,2024-09-26
2174,2174,2198,31,24,8,185857.0,2024-04-23,2024-04-23
2175,2175,2199,10,130,13,53873.0,2024-05-10,2024-05-10
2176,2176,2200,22,136,6,11248.95,22-04-2024,2024-04-22
2177,2177,2201,26,17,6,80021.35,20-06-2024,2024-06-20
2178,2178,2202,18,44,14,143731.2,25-05-2023,2023-05-25
2179,2179,2203,10,78,8,974092.0,2024-06-11,2024-06-11
2180,2180,2204,16,66,12,143317.0,2024-05-29,2024-05-29
2181,2181,2205,22,74,15,1233459.1,26-10-2024,2024-10-26
2182,2182,2206,11,146,9,4464.0,2024-09-18,2024-09-18
2183,2183,2207,45,79,4,264587.0,2024-09-19,2024-09-19
2184,2184,2208,23,2,11,146281.0,2024-10-27,2024-10-27
2185,2185,2209,25,121,7,24567.0,2024-09-15,2024-09-15
2186,2186,2210,15,146,5,2480.0,26-07-2023,2023-07-26
2187,2187,2211,5,37,1,5764.6,08-09-2024,2024-08-09
2188,2188,2212,35,42,1,5693.35,26-08-2024,2024-08-26
2189,2189,2213,48,15,14,371067.15,15-08-2023,2023-08-15
2190,2190,2214,5,96,1,67089.95,12-01-2024,2024-12-01
2191,2191,2215,22,115,5,4153.0,03-03-2024,2024-03-03
2192,2192,2216,18,107,8,11501.65,26-12-2023,2023-12-26
2193,2193,2217,37,22,4,149920.45,2024-04-01,2024-04-01
2194,2194,2218,24,98,3,226178.85,2024-04-24,2024-04-24
2195,2195,2219,43,135,6,9373.65,2024-10-05,2024-10-05
2196,2196,2220,41,6,11,130022.0,2024-06-28,2024-06-28
2197,2197,2221,35,32,15,178160.15,27-08-2023,2023-08-27
2198,2198,2222,30,22,13,487242.65,24-07-2023,2023-07-24
2199,2199,2223,42,55,10,1044878.4,29-07-2023,2023-07-29
2200,2200,2224,44,30,9,290231.0,2023-05-24,2023-05-24
2201,2201,2225,23,142,10,8264.0,2023-03-16,2023-03-16
2202,2202,2226,37,124,2,7540.0,27-07-2023,2023-07-27
2203,2203,2227,36,112,3,6543.0,03-06-2023,2023-03-06
2204,2204,2228,10,127,3,4415.6,13-01-2023,2023-01-13
2205,2205,2229,29,150,7,11520.0,2023-10-22,2023-10-22
2206,2206,2230,9,51,9,577431.0,23-12-2024,2024-12-23
2207,2207,2231,25,118,12,49191.95,2024-11-12,2024-11-12
2208,2208,2232,32,67,10,814995.5,09-02-2024,2024-09-02
2209,2209,2233,48,19,14,218550.35,04-09-2024,2024-04-09
2210,2210,2234,28,94,4,163003.0,16-03-2024,2024-03-16
2211,2211,2235,11,65,15,364197.7,21-10-2023,2023-10-21
2212,2212,2236,31,128,14,65110.0,2024-11-11,2024-11-11
2213,2213,2237,14,105,14,4117.3,2023-10-30,2023-10-30
2214,2214,2238,37,98,5,376965.7,2024-03-18,2024-03-18
2215,2215,2239,14,30,6,193487.0,24-10-2023,2023-10-24
2216,2216,2240,15,8,8,37879.35,2024-05-17,2024-05-17
2217,2217,2241,9,150,13,20324.3,12-01-2023,2023-12-01
2218,2218,2242,35,57,1,112851.45,11-12-2023,2023-11-12
2219,2219,2243,44,112,6,12431.7,26-11-2023,2023-11-26
2220,2220,2244,47,143,13,57674.0,11-03-2024,2024-11-03
2221,2221,2245,28,21,6,49786.65,11-02-2024,2024-11-02
2222,2222,2246,7,109,15,8873.0,2024-01-28,2024-01-28
2223,2223,2247,10,46,9,42611.3,16-10-2023,2023-10-16
2224,2224,2248,47,10,6,182588.1,04-09-2023,2023-04-09
2225,2225,2249,34,59,2,174332.0,06-07-2024,2024-06-07
2226,2226,2250,3,24,12,278786.0,2024-01-07,2024-01-07
2227,2227,2251,29,102,2,1580.8,2024-09-22,2024-09-22
2228,2228,2252,36,121,10,35095.85,13-05-2023,2023-05-13
2229,2229,2253,41,132,13,19303.05,26-10-2024,2024-10-26
2230,2230,2254,10,54,7,808206.8,2023-04-07,2023-04-07
2231,2231,2255,46,9,5,188601.6,26-05-2023,2023-05-26
2232,2232,2256,36,68,6,401383.0,2023-01-25,2023-01-25
2233,2233,2257,15,111,14,59993.0,02-06-2024,2024-02-06
2234,2234,2258,10,96,5,353104.0,2024-05-29,2024-05-29
2235,2235,2259,28,71,8,989322.4,20-12-2023,2023-12-20
2236,2236,2260,46,46,2,9469.6,2024-04-06,2024-04-06
2237,2237,2261,33,55,12,1319846.0,2023-05-20,2023-05-20
2238,2238,2262,11,28,5,71293.0,03-01-2024,2024-03-01
2239,2239,2263,49,61,9,239559.6,15-03-2023,2023-03-15
2240,2240,2264,48,143,4,17746.0,2023-02-02,2023-02-02
2241,2241,2265,17,118,3,12945.0,28-07-2023,2023-07-28
2242,2242,2266,38,99,14,1501733.0,20-02-2024,2024-02-20
2243,2243,2267,19,12,3,7770.05,2024-08-14,2024-08-14
2244,2244,2268,12,62,14,1359552.6,2024-02-29,2024-02-29
2245,2245,2269,1,59,4,331231.75,2023-03-14,2023-03-14
2246,2246,2270,10,17,8,112310.0,04-11-2023,2023-04-11
2247,2247,2271,17,8,14,66289.1,2024-11-14,2024-11-14
2248,2248,2272,49,128,8,35345.7,2023-06-18,2023-06-18
2249,2249,2273,14,38,11,276519.35,21-09-2023,2023-09-21
2250,2250,2274,34,99,3,321800.0,16-04-2023,2023-04-16
2251,2251,2275,33,137,4,12864.9,2023-12-15,2023-12-15
2252,2252,2276,28,87,12,802319.0,2024-01-13,2024-01-13
2253,2253,2277,44,97,14,1799956.45,06-12-2023,2023-06-12
2254,2254,2278,29,111,14,59993.0,2024-07-27,2024-07-27
2255,2255,2279,19,11,1,34420.4,23-09-2023,2023-09-23
2256,2256,2280,40,88,8,386692.0,2023-10-25,2023-10-25
2257,2257,2281,42,57,15,1692766.05,2023-01-31,2023-01-31
2258,2258,2282,9,18,9,239152.0,2024-01-27,2024-01-27
2259,2259,2283,43,82,11,567974.0,2023-05-17,2023-05-17
2260,2260,2284,25,74,6,519351.0,28-04-2024,2024-04-28
2261,2261,2285,48,27,4,62743.7,22-01-2023,2023-01-22
2262,2262,2286,27,105,2,588.05,24-08-2023,2023-08-24
2263,2263,2287,34,100,15,1569004.0,12-10-2023,2023-12-10
2264,2264,2288,28,108,4,13382.0,2023-07-22,2023-07-22
2265,2265,2289,45,104,1,3527.35,28-12-2024,2024-12-28
2266,2266,2290,44,83,8,1024509.45,28-09-2024,2024-09-28
2267,2267,2291,48,6,5,59101.0,12-02-2023,2023-12-02
2268,2268,2292,44,2,12,167978.0,24-08-2023,2023-08-24
2269,2269,2293,7,103,13,22096.05,2023-10-30,2023-10-30
2270,2270,2294,15,123,5,13885.0,2023-10-30,2023-10-30
2271,2271,2295,1,14,11,374225.9,16-07-2024,2024-07-16
2272,2272,2296,25,26,6,103699.0,2023-08-21,2023-08-21
2273,2273,2297,22,90,12,901709.6,21-01-2024,2024-01-21
2274,2274,2298,26,128,10,44181.65,12-05-2024,2024-12-05
2275,2275,2299,40,42,3,17080.05,2024-05-31,2024-05-31
2276,2276,2300,30,95,9,596858.4,2023-01-01,2023-01-01
2277,2277,2301,13,142,9,7066.1,2023-06-14,2023-06-14
2278,2278,2302,15,56,3,128966.0,12-10-2023,2023-12-10
2279,2279,2303,30,5,12,269826.6,07-03-2023,2023-07-03
2280,2280,2304,3,32,12,142528.5,2024-12-04,2024-12-04
2281,2281,2305,44,51,9,548559.45,2023-12-21,2023-12-21
2282,2282,2306,7,11,1,36232.0,10-07-2024,2024-10-07
2283,2283,2307,20,118,5,20497.2,2024-05-10,2024-05-10
2284,2284,2308,9,71,2,260348.0,2023-04-13,2023-04-13
2285,2285,2309,26,23,13,138055.9,2024-07-01,2024-07-01
2286,2286,2310,34,114,3,2398.0,17-05-2023,2023-05-17
2287,2287,2311,10,14,6,214866.0,2024-10-21,2024-10-21
2288,2288,2312,36,139,12,17099.0,2024-01-19,2024-01-19
2289,2289,2313,17,146,7,3472.0,22-01-2024,2024-01-22
2290,2290,2314,45,49,4,50404.15,2024-10-07,2024-10-07
2291,2291,2315,18,38,3,75413.85,21-07-2023,2023-07-21
2292,2292,2316,12,29,11,401614.0,18-05-2023,2023-05-18
2293,2293,2317,20,107,15,22701.0,01-08-2024,2024-01-08
2294,2294,2318,25,73,9,1288439.0,19-05-2023,2023-05-19
2295,2295,2319,3,38,10,251380.45,2023-10-26,2023-10-26
2296,2296,2320,41,138,7,27816.95,10-07-2023,2023-10-07
2297,2297,2321,24,9,3,113160.2,2024-09-05,2024-09-05
2298,2298,2322,29,147,6,18180.0,31-01-2023,2023-01-31
2299,2299,2323,32,35,2,20910.45,09-01-2024,2024-09-01
2300,2300,2324,43,18,15,378657.65,22-01-2024,2024-01-22
2301,2301,2325,38,116,1,2447.2,2024-11-18,2024-11-18
2302,2302,2326,19,111,11,44781.1,05-12-2024,2024-05-12
2303,2303,2327,17,81,5,580204.9,2024-03-26,2024-03-26
2304,2304,2328,19,30,6,193487.0,2024-10-11,2024-10-11
2305,2305,2329,31,135,15,24668.0,05-10-2023,2023-05-10
2306,2306,2330,37,78,5,608808.0,2024-05-23,2024-05-23
2307,2307,2331,12,49,6,75606.7,15-06-2023,2023-06-15
2308,2308,2332,33,109,12,7472.0,2024-09-17,2024-09-17
2309,2309,2333,3,18,6,159435.0,05-01-2023,2023-05-01
2310,2310,2335,8,76,7,985518.6,01-02-2024,2024-01-02
2311,2311,2336,4,5,15,355035.0,22-10-2023,2023-10-22
2312,2312,2337,20,81,1,122148.0,24-10-2023,2023-10-24
2313,2313,2338,41,96,1,67089.95,26-12-2024,2024-12-26
2314,2314,2339,9,5,8,189352.0,2024-01-06,2024-01-06
2315,2315,2340,13,109,11,6507.5,2023-09-20,2023-09-20
2316,2316,2341,9,128,15,69761.0,2023-05-18,2023-05-18
2317,2317,2342,34,30,10,322479.0,2023-02-18,2023-02-18
2318,2318,2343,42,126,4,10172.6,01-05-2024,2024-01-05
2319,2319,2344,48,41,5,50350.0,23-04-2023,2023-04-23
2320,2320,2345,17,32,1,12502.0,11-12-2024,2024-11-12
2321,2321,2346,2,30,11,354727.0,2023-08-07,2023-08-07
2322,2322,2347,39,128,1,4651.0,2024-04-03,2024-04-03
2323,2323,2348,5,18,12,302925.55,09-09-2024,2024-09-09
2324,2324,2349,13,42,1,5993.0,14-06-2023,2023-06-14
2325,2325,2350,34,85,13,476446.85,22-10-2023,2023-10-22
2326,2326,2351,26,24,3,69697.0,2023-05-13,2023-05-13
2327,2327,2352,27,73,1,136002.0,2023-06-29,2023-06-29
2328,2328,2353,2,68,13,826178.9,15-08-2024,2024-08-15
2329,2329,2354,3,31,6,49699.0,2023-09-30,2023-09-30
2330,2330,2355,4,150,5,7816.6,2023-12-17,2023-12-17
2331,2331,2356,47,34,3,14015.35,2023-06-25,2023-06-25
2332,2332,2357,33,131,12,11563.0,28-09-2023,2023-09-28
2333,2333,2358,34,67,9,733495.95,03-08-2024,2024-03-08
2334,2334,2359,31,69,12,543180.0,17-02-2023,2023-02-17
2335,2335,2360,9,58,6,652948.0,16-04-2023,2023-04-16
2336,2336,2361,13,29,4,146041.0,26-08-2024,2024-08-26
2337,2337,2362,33,12,5,13631.0,09-07-2024,2024-09-07
2338,2338,2363,27,61,4,112075.0,11-03-2023,2023-11-03
2339,2339,2364,49,63,1,132960.1,16-07-2024,2024-07-16
2340,2340,2365,22,115,3,2367.4,2024-09-16,2024-09-16
2341,2341,2366,27,108,6,20073.0,19-07-2024,2024-07-19
2342,2342,2367,19,149,9,9949.35,24-12-2023,2023-12-24
2343,2343,2368,23,58,2,206766.55,02-09-2024,2024-02-09
2344,2344,2369,26,60,8,826508.55,2023-05-11,2023-05-11
2345,2345,2370,30,113,7,29226.75,2024-05-15,2024-05-15
2346,2346,2371,1,144,7,14724.05,02-12-2024,2024-02-12
2347,2347,2372,20,69,2,90530.0,2024-08-30,2024-08-30
2348,2348,2374,11,122,5,6612.0,17-03-2023,2023-03-17
2349,2349,2375,49,116,14,34254.15,31-05-2024,2024-05-31
2350,2350,2376,41,112,9,18647.55,11-07-2023,2023-11-07
2351,2351,2377,30,6,5,56145.95,20-04-2024,2024-04-20
2352,2352,2378,31,114,14,11190.0,2023-12-25,2023-12-25
2353,2353,2379,39,7,10,195188.0,2023-10-23,2023-10-23
2354,2354,2380,5,47,10,61230.0,23-05-2024,2024-05-23
2355,2355,2381,23,41,3,30210.0,11-11-2023,2023-11-11
2356,2356,2382,36,88,1,45919.2,19-07-2023,2023-07-19
2357,2357,2383,26,102,9,7488.0,23-07-2023,2023-07-23
2358,2358,2384,43,42,6,35957.0,2023-07-04,2023-07-04
2359,2359,2385,21,43,14,491356.0,22-06-2024,2024-06-22
2360,2360,2386,15,97,13,1671388.2,14-07-2024,2024-07-14
2361,2361,2387,47,141,4,19127.0,06-02-2024,2024-06-02
2362,2362,2388,41,41,15,151050.0,13-11-2023,2023-11-13
2363,2363,2389,17,145,1,4132.5,21-02-2024,2024-02-21
2364,2364,2390,45,43,12,400103.9,19-12-2024,2024-12-19
2365,2365,2391,1,142,4,3306.0,2023-03-19,2023-03-19
2366,2366,2392,14,63,13,1819450.0,2024-12-26,2024-12-26
2367,2367,2393,22,54,14,1701487.0,2024-03-22,2024-03-22
2368,2368,2394,19,11,11,398551.0,2024-11-09,2024-11-09
2369,2369,2395,14,49,12,159171.0,24-01-2023,2023-01-24
2370,2370,2396,34,45,13,128748.0,2023-06-23,2023-06-23
2371,2371,2397,19,112,3,6543.0,07-05-2024,2024-07-05
2372,2372,2398,2,46,9,42611.3,2024-10-07,2024-10-07
2373,2373,2399,41,36,11,248615.0,2023-07-12,2023-07-12
2374,2374,2400,39,2,10,132982.9,2024-05-12,2024-05-12
2375,2375,2401,37,148,9,43070.0,05-09-2023,2023-05-09
2376,2376,2402,35,45,10,94085.15,11-10-2023,2023-11-10
2377,2377,2403,21,131,8,7323.55,2024-05-09,2024-05-09
2378,2378,2404,3,123,8,22217.0,2024-08-29,2024-08-29
2379,2379,2405,42,57,15,1692766.05,03-10-2024,2024-03-10
2380,2380,2406,45,111,2,8141.5,2024-02-22,2024-02-22
2381,2381,2407,48,66,10,119430.2,22-07-2024,2024-07-22
2382,2382,2408,41,7,1,19519.0,06-01-2024,2024-06-01
2383,2383,2409,16,16,15,427585.5,08-06-2023,2023-08-06
2384,2384,2410,44,125,5,17010.0,16-04-2023,2023-04-16
2385,2385,2411,31,16,10,285057.0,2023-11-11,2023-11-11
2386,2386,2412,47,84,3,123758.4,21-04-2024,2024-04-21
2387,2387,2413,31,134,1,4482.1,2023-04-09,2023-04-09
2388,2388,2414,42,45,12,118845.0,11-12-2024,2024-11-12
2389,2389,2415,39,119,3,9767.0,17-03-2024,2024-03-17
2390,2390,2416,9,119,14,45581.0,31-08-2023,2023-08-31
2391,2391,2417,24,110,7,17469.0,24-02-2023,2023-02-24
2392,2392,2418,18,102,9,7113.6,2024-03-18,2024-03-18
2393,2393,2419,40,22,10,374802.55,31-01-2023,2023-01-31
2394,2394,2420,16,7,7,136631.0,2023-04-07,2023-04-07
2395,2395,2421,35,97,7,947345.0,2023-02-09,2023-02-09
2396,2396,2422,49,19,7,115026.0,2024-11-11,2024-11-11
2397,2397,2423,14,22,13,512887.0,04-06-2023,2023-04-06
2398,2398,2424,49,25,10,121265.0,28-03-2024,2024-03-28
2399,2399,2425,43,133,3,5678.0,25-07-2024,2024-07-25
2400,2400,2426,42,120,11,32650.55,23-06-2024,2024-06-23
2401,2401,2427,33,100,3,298110.95,2023-04-25,2023-04-25
2402,2402,2428,21,126,15,40156.0,29-01-2024,2024-01-29
2403,2403,2429,39,33,6,40295.0,23-11-2023,2023-11-23
2404,2404,2431,9,62,8,817776.0,2024-08-25,2024-08-25
2405,2405,2432,12,49,13,163813.25,2024-02-03,2024-02-03
2406,2406,2433,35,116,9,23180.0,23-11-2023,2023-11-23
2407,2407,2434,11,5,5,112427.75,18-09-2024,2024-09-18
2408,2408,2435,32,122,5,6612.0,20-05-2024,2024-05-20
2409,2409,2436,39,90,8,632779.0,2024-11-16,2024-11-16
2410,2410,2437,26,7,6,111257.35,2023-09-27,2023-09-27
2411,2411,2438,11,8,12,59810.0,13-01-2023,2023-01-13
2412,2412,2439,21,115,6,4734.8,2023-08-29,2023-08-29
2413,2413,2440,34,125,11,35551.85,18-04-2023,2023-04-18
2414,2414,2441,20,16,1,28505.7,2023-09-25,2023-09-25
2415,2415,2442,45,15,14,371067.15,22-07-2023,2023-07-22
2416,2416,2443,24,106,11,48234.0,2023-12-05,2023-12-05
2417,2417,2444,49,147,2,5757.0,19-08-2023,2023-08-19
2418,2418,2445,49,92,13,1097347.85,2023-02-03,2023-02-03
2419,2419,2446,7,96,11,776829.0,2024-05-09,2024-05-09
2420,2420,2447,15,129,3,9309.05,2024-11-24,2024-11-24
2421,2421,2448,36,59,6,496847.15,15-03-2023,2023-03-15
2422,2422,2449,45,22,13,512887.0,27-11-2023,2023-11-27
2423,2423,2450,30,16,6,180036.0,2023-04-26,2023-04-26
2424,2424,2451,5,33,15,95700.15,2023-10-10,2023-10-10
2425,2425,2452,40,110,8,19964.0,18-06-2024,2024-06-18
2426,2426,2453,5,46,13,61549.55,21-02-2024,2024-02-21
2427,2427,2455,35,111,13,52922.6,12-08-2024,2024-12-08
2428,2428,2456,34,31,1,7868.85,2023-03-07,2023-03-07
2429,2429,2457,33,27,3,47057.3,2024-06-02,2024-06-02
2430,2430,2458,42,115,7,5523.3,29-08-2023,2023-08-29
2431,2431,2459,35,64,8,847441.8,18-05-2023,2023-05-18
2432,2432,2460,19,3,13,111448.3,2024-02-08,2024-02-08
2433,2433,2461,26,44,3,32421.0,19-01-2023,2023-01-19
2434,2434,2462,8,106,5,20827.8,08-04-2024,2024-08-04
2435,2435,2463,26,131,11,10599.0,2023-03-13,2023-03-13
2436,2436,2464,42,99,6,611420.0,2023-02-23,2023-02-23
2437,2437,2465,9,10,3,91294.05,17-05-2023,2023-05-17
2438,2438,2466,44,126,2,5086.3,2023-09-17,2023-09-17
2439,2439,2467,13,64,8,847441.8,2024-09-09,2024-09-09
2440,2440,2468,32,39,4,118531.0,17-08-2024,2024-08-17
2441,2441,2469,24,142,8,6280.45,2024-12-19,2024-12-19
2442,2442,2470,47,44,7,75648.0,2023-04-14,2023-04-14
2443,2443,2471,9,81,13,1587930.0,2023-02-25,2023-02-25
2444,2444,2472,36,21,11,96080.0,2024-03-16,2024-03-16
2445,2445,2473,42,29,11,381533.3,18-07-2023,2023-07-18
2446,2446,2474,8,9,9,339482.5,17-06-2024,2024-06-17
2447,2447,2475,48,52,1,13018.8,2023-05-18,2023-05-18
2448,2448,2476,25,126,10,25432.45,01-02-2023,2023-01-02
2449,2449,2477,35,18,4,106290.0,2023-07-10,2023-07-10
2450,2450,2478,37,68,9,602074.0,12-05-2023,2023-12-05
2451,2451,2479,5,78,4,487046.0,2024-12-29,2024-12-29
2452,2452,2480,5,53,9,458921.25,2024-05-30,2024-05-30
2453,2453,2481,3,31,5,41416.0,2024-07-22,2024-07-22
2454,2454,2482,8,98,9,714250.0,28-02-2023,2023-02-28
2455,2455,2483,25,9,11,414922.0,2023-08-01,2023-08-01
2456,2456,2484,26,136,13,24373.2,2024-01-17,2024-01-17
2457,2457,2485,26,69,11,473019.25,13-04-2023,2023-04-13
2458,2458,2486,14,23,1,11179.0,2023-02-04,2023-02-04
2459,2459,2487,48,11,2,72464.0,2024-01-18,2024-01-18
2460,2460,2488,29,72,4,398659.0,2024-02-17,2024-02-17
2461,2461,2489,49,85,6,231472.0,2023-06-12,2023-06-12
2462,2462,2490,11,60,11,1136448.9,13-05-2023,2023-05-13
2463,2463,2491,22,60,1,108751.0,29-08-2023,2023-08-29
2464,2464,2492,29,35,1,11006.0,24-01-2023,2023-01-24
2465,2465,2493,22,78,8,974092.0,2023-11-17,2023-11-17
2466,2466,2494,24,74,13,1068997.95,2024-10-09,2024-10-09
2467,2467,2495,19,109,8,4982.0,01-11-2023,2023-01-11
2468,2468,2496,46,46,6,28407.85,2024-07-14,2024-07-14
2469,2469,2497,12,57,6,712743.0,05-05-2023,2023-05-05
2470,2470,2498,17,47,4,23267.4,2023-03-19,2023-03-19
2471,2471,2499,12,143,13,57674.0,10-04-2023,2023-10-04
2472,2472,2500,20,86,2,187046.0,2024-05-18,2024-05-18
2473,2473,2501,45,131,5,4577.1,2024-04-06,2024-04-06
2474,2474,2502,2,16,15,427585.5,13-06-2024,2024-06-13
2475,2475,2503,18,91,6,809316.0,20-02-2023,2023-02-20
2476,2476,2504,39,64,3,317791.15,01-07-2024,2024-01-07
2477,2477,2505,16,37,9,54609.0,2023-08-09,2023-08-09
2478,2478,2506,8,142,7,5785.0,2024-02-20,2024-02-20
2479,2479,2507,21,142,7,5495.75,21-08-2023,2023-08-21
2480,2480,2508,18,73,6,816012.0,22-11-2024,2024-11-22
2481,2481,2509,12,34,15,70074.85,2024-06-17,2024-06-17
2482,2482,2510,40,24,4,88282.55,18-11-2023,2023-11-18
2483,2483,2511,7,123,1,2777.0,24-11-2024,2024-11-24
2484,2484,2512,36,131,1,915.8,26-04-2024,2024-04-26
2485,2485,2513,8,82,3,147156.9,01-02-2023,2023-01-02
2486,2486,2514,11,13,12,88316.75,18-03-2024,2024-03-18
2487,2487,2515,23,133,5,8990.8,2024-09-26,2024-09-26
2488,2488,2516,4,101,2,927.0,2023-07-04,2023-07-04
2489,2489,2517,10,10,3,96099.0,2023-11-02,2023-11-02
2490,2490,2518,36,134,9,40335.1,08-06-2023,2023-08-06
2491,2491,2519,45,135,11,17185.5,08-07-2023,2023-08-07
2492,2492,2520,4,88,10,483365.0,2024-10-02,2024-10-02
2493,2493,2521,1,110,14,33190.15,2023-07-28,2023-07-28
2494,2494,2522,42,139,13,17596.85,2024-02-26,2024-02-26
2495,2495,2523,1,70,9,293739.05,2023-10-27,2023-10-27
2496,2496,2524,1,89,5,393390.0,09-07-2023,2023-09-07
2497,2497,2525,46,55,8,835903.1,2024-11-09,2024-11-09
2498,2498,2526,42,21,15,124467.1,30-11-2024,2024-11-30
2499,2499,2527,9,142,7,5785.0,24-02-2024,2024-02-24
2500,2500,2528,5,132,15,23445.0,18-06-2024,2024-06-18
2501,2501,2529,10,82,1,49052.3,15-04-2024,2024-04-15
2502,2502,2530,31,75,9,294915.0,07-03-2023,2023-07-03
2503,2503,2531,48,104,13,45855.55,2024-06-16,2024-06-16
2504,2504,2532,6,125,3,9695.7,10-09-2023,2023-10-09
2505,2505,2533,13,18,14,372014.0,15-06-2024,2024-06-15
2506,2506,2534,31,119,9,29302.0,20-01-2024,2024-01-20
2507,2507,2535,12,69,8,344014.0,20-12-2024,2024-12-20
2508,2508,2536,49,24,13,302018.0,06-07-2023,2023-06-07
2509,2509,2537,23,136,12,23682.0,2024-05-29,2024-05-29
2510,2510,2538,20,76,2,296396.0,2023-03-14,2023-03-14
2511,2511,2539,31,17,14,186715.85,2024-10-20,2024-10-20
2512,2512,2540,7,144,5,11071.0,2024-04-17,2024-04-17
2513,2513,2541,10,101,13,5722.8,2023-01-24,2023-01-24
2514,2514,2542,10,88,2,91839.35,2024-01-25,2024-01-25
2515,2515,2543,22,116,8,20604.0,2024-02-09,2024-02-09
2516,2516,2544,40,67,13,1059495.1,29-02-2024,2024-02-29
2517,2517,2545,23,84,2,86848.0,2023-06-28,2023-06-28
2518,2518,2546,49,125,2,6463.8,2023-11-09,2023-11-09
2519,2519,2547,2,98,14,1111056.0,08-03-2024,2024-08-03
2520,2520,2548,2,124,9,33929.0,28-10-2024,2024-10-28
2521,2521,2549,44,17,1,13337.05,2024-05-18,2024-05-18
2522,2522,2550,20,149,11,12800.0,2024-11-05,2024-11-05
2523,2523,2551,4,127,11,17043.0,02-09-2023,2023-02-09
2524,2524,2552,8,16,2,57011.4,2024-01-03,2024-01-03
2525,2525,2553,24,150,1,1646.0,2024-06-10,2024-06-10
2526,2526,2554,10,145,4,17399.0,29-06-2024,2024-06-29
2527,2527,2555,17,58,9,979421.0,06-07-2023,2023-06-07
2528,2528,2556,14,89,4,298976.4,2024-08-30,2024-08-30
2529,2529,2557,45,47,3,18369.0,20-01-2023,2023-01-20
2530,2530,2558,14,72,2,189362.55,2024-04-22,2024-04-22
2531,2531,2559,47,86,5,444235.2,2023-11-27,2023-11-27
2532,2532,2560,34,50,1,10712.2,10-09-2023,2023-10-09
2533,2533,2561,36,55,12,1253853.7,09-11-2024,2024-09-11
2534,2534,2562,14,84,2,82505.6,2023-05-16,2023-05-16
2535,2535,2563,46,12,9,23309.2,2023-11-04,2023-11-04
2536,2536,2564,29,42,5,28465.8,23-09-2024,2024-09-23
2537,2537,2565,44,115,2,1661.0,18-06-2024,2024-06-18
2538,2538,2566,46,132,7,10941.0,2023-11-01,2023-11-01
2539,2539,2567,11,8,10,49842.0,28-10-2024,2024-10-28
2540,2540,2568,25,133,6,11356.0,11-06-2024,2024-11-06
2541,2541,2569,25,42,10,56931.6,2023-09-09,2023-09-09
2542,2542,2570,32,3,8,72194.0,2024-01-19,2024-01-19
2543,2543,2571,19,32,7,87517.0,2024-06-29,2024-06-29
2544,2544,2572,3,2,13,181976.0,21-01-2024,2024-01-21
2545,2545,2573,22,133,13,24605.0,28-06-2024,2024-06-28
2546,2546,2574,4,92,4,355416.0,2024-06-14,2024-06-14
2547,2547,2575,48,128,7,32555.0,22-07-2023,2023-07-22
2548,2548,2576,14,62,4,388443.6,19-11-2023,2023-11-19
2549,2549,2577,36,6,7,82741.0,12-12-2023,2023-12-12
2550,2550,2578,36,20,2,61667.0,01-09-2024,2024-01-09
2551,2551,2579,10,9,12,452642.7,2023-06-19,2023-06-19
2552,2552,2580,14,141,5,22713.55,22-12-2023,2023-12-22
2553,2553,2581,29,116,4,10302.0,02-10-2023,2023-02-10
2554,2554,2582,35,132,1,1484.85,15-10-2024,2024-10-15
2555,2555,2583,44,91,2,256283.4,02-07-2023,2023-02-07
2556,2556,2584,48,58,12,1305895.0,2023-07-24,2023-07-24
2557,2557,2585,36,65,10,255577.0,2023-07-26,2023-07-26
2558,2558,2586,46,24,12,278786.0,2023-03-05,2023-03-05
2559,2559,2587,20,105,11,3405.0,2024-08-15,2024-08-15
2560,2560,2588,3,92,10,844113.95,26-07-2023,2023-07-26
2561,2561,2589,7,88,4,183678.7,07-04-2023,2023-07-04
2562,2562,2590,47,143,15,66546.0,14-02-2023,2023-02-14
2563,2563,2591,26,74,8,657844.6,2023-03-05,2023-03-05
2564,2564,2592,10,106,8,33325.05,23-12-2023,2023-12-23
2565,2565,2593,4,109,10,6227.0,10-10-2024,2024-10-10
2566,2566,2594,3,147,1,3030.0,2024-06-15,2024-06-15
2567,2567,2595,45,69,5,215008.75,15-05-2024,2024-05-15
2568,2568,2596,36,90,12,949168.0,24-01-2024,2024-01-24
2569,2569,2597,3,72,10,996646.0,20-04-2023,2023-04-20
2570,2570,2598,21,116,10,24467.25,2024-04-12,2024-04-12
2571,2571,2599,35,6,5,56145.95,2023-10-28,2023-10-28
2572,2572,2600,25,137,14,47397.0,01-07-2023,2023-01-07
2573,2573,2601,32,110,1,2371.2,12-01-2024,2024-12-01
2574,2574,2602,35,115,8,6312.75,02-01-2023,2023-02-01
2575,2575,2603,7,61,6,168112.0,27-11-2023,2023-11-27
2576,2576,2604,47,113,3,13185.0,07-10-2024,2024-07-10
2577,2577,2605,2,123,5,13190.75,2024-03-19,2024-03-19
2578,2578,2606,7,100,12,1192442.85,2023-05-22,2023-05-22
2579,2579,2607,4,63,2,279915.0,02-10-2023,2023-02-10
2580,2580,2608,11,93,9,904293.0,2024-08-09,2024-08-09
2581,2581,2609,47,16,12,360072.0,2023-03-07,2023-03-07
2582,2582,2610,6,89,11,822186.05,2024-09-17,2024-09-17
2583,2583,2611,23,47,15,87251.8,05-11-2023,2023-05-11
2584,2584,2612,35,12,14,36258.65,18-04-2024,2024-04-18
2585,2585,2613,42,87,12,802319.0,2024-05-17,2024-05-17
2586,2586,2614,27,34,8,37373.0,18-02-2024,2024-02-18
2587,2587,2615,19,138,6,25098.0,01-03-2024,2024-01-03
2588,2588,2616,30,3,4,36097.0,2024-07-07,2024-07-07
2589,2589,2617,21,58,4,435298.0,2023-08-16,2023-08-16
2590,2590,2618,42,107,12,17252.95,01-11-2023,2023-01-11
2591,2591,2619,10,135,5,8223.0,2023-04-01,2023-04-01
2592,2592,2620,38,16,3,90018.0,23-02-2023,2023-02-23
2593,2593,2621,6,128,9,39763.2,2024-12-21,2024-12-21
2594,2594,2622,27,116,11,26914.45,2023-01-03,2023-01-03
2595,2595,2623,46,54,7,808206.8,21-04-2024,2024-04-21
2596,2596,2624,19,49,2,25201.6,2024-01-08,2024-01-08
2597,2597,2625,34,35,4,44022.0,11-06-2024,2024-11-06
2598,2598,2626,45,50,10,112760.0,05-03-2023,2023-05-03
2599,2599,2627,23,27,6,99069.0,2023-05-04,2023-05-04
2600,2600,2628,10,109,10,6227.0,2023-03-12,2023-03-12
2601,2601,2629,42,146,4,1884.8,15-05-2024,2024-05-15
2602,2602,2630,42,43,15,526453.0,18-05-2023,2023-05-18
2603,2603,2631,17,10,13,416430.0,2024-07-16,2024-07-16
2604,2604,2632,24,135,5,8223.0,22-10-2023,2023-10-22
2605,2605,2633,19,94,14,541986.4,01-08-2024,2024-01-08
2606,2606,2634,35,47,3,17450.55,16-10-2024,2024-10-16
2607,2607,2635,21,148,13,62212.0,22-12-2024,2024-12-22
2608,2608,2636,15,78,5,578367.6,25-02-2023,2023-02-25
2609,2609,2637,5,99,8,858133.0,2023-06-17,2023-06-17
2610,2610,2638,2,9,6,226321.35,2024-12-31,2024-12-31
2611,2611,2639,20,40,1,13474.8,05-10-2024,2024-05-10
2612,2612,2640,43,113,6,25051.5,2023-11-10,2023-11-10
2613,2613,2641,4,87,6,381101.05,2024-12-26,2024-12-26
2614,2614,2642,36,49,8,106114.0,28-09-2024,2024-09-28
2615,2615,2643,11,107,6,9080.0,08-01-2023,2023-08-01
2616,2616,2644,32,75,3,93389.75,2023-05-13,2023-05-13
2617,2617,2645,25,89,1,78678.0,2024-10-10,2024-10-10
2618,2618,2646,42,83,6,768381.85,2023-08-21,2023-08-21
2619,2619,2647,7,69,12,516021.0,2024-02-04,2024-02-04
2620,2620,2648,39,42,8,45545.85,05-05-2023,2023-05-05
2621,2621,2649,9,26,7,114932.9,2024-07-19,2024-07-19
2622,2622,2650,42,70,10,326376.3,2024-06-08,2024-06-08
2623,2623,2651,21,74,10,822306.7,31-03-2024,2024-03-31
2624,2624,2652,18,81,15,1740615.65,16-05-2024,2024-05-16
2625,2625,2653,25,83,13,1664827.5,2024-08-28,2024-08-28
2626,2626,2654,42,3,13,111448.3,14-01-2024,2024-01-14
2627,2627,2655,44,87,12,762203.05,01-07-2024,2024-01-07
2628,2628,2656,49,72,1,94681.75,2023-08-02,2023-08-02
2629,2629,2657,15,109,13,7690.25,2024-12-20,2024-12-20
2630,2630,2658,14,73,6,858960.0,2024-07-14,2024-07-14
2631,2631,2659,37,126,14,35605.05,2024-06-02,2024-06-02
2632,2632,2660,9,35,4,44022.0,2023-10-11,2023-10-11
2633,2633,2661,39,105,10,3095.0,27-10-2023,2023-10-27
2634,2634,2662,25,119,11,35814.0,04-07-2024,2024-04-07
2635,2635,2663,2,93,6,602862.0,08-08-2023,2023-08-08
2636,2636,2664,31,117,11,42876.35,24-01-2023,2023-01-24
2637,2637,2665,29,72,14,1395305.0,2023-08-16,2023-08-16
2638,2638,2666,16,15,3,83699.0,30-09-2024,2024-09-30
2639,2639,2667,47,20,15,462502.0,25-10-2023,2023-10-25
2640,2640,2668,23,59,11,958828.0,2023-12-20,2023-12-20
2641,2641,2669,19,93,1,100477.0,2024-06-15,2024-06-15
2642,2642,2670,1,62,1,97110.9,2023-08-30,2023-08-30
2643,2643,2671,25,131,10,9636.0,14-07-2024,2024-07-14
2644,2644,2672,28,113,14,61529.0,2024-01-07,2024-01-07
2645,2645,2673,15,139,7,9475.3,16-03-2023,2023-03-16
2646,2646,2674,4,39,9,253360.25,03-11-2023,2023-03-11
2647,2647,2675,49,85,6,219898.4,2023-12-08,2023-12-08
2648,2648,2676,6,69,2,86003.5,21-01-2023,2023-01-21
2649,2649,2677,4,104,1,3527.35,16-08-2024,2024-08-16
2650,2650,2678,16,50,12,128546.4,25-10-2024,2024-10-25
2651,2651,2679,25,29,12,416217.8,2024-10-10,2024-10-10
2652,2652,2680,15,92,7,590880.05,2024-09-18,2024-09-18
2653,2653,2681,38,36,9,193242.35,25-09-2024,2024-09-25
2654,2654,2682,6,127,12,18592.0,2023-06-14,2023-06-14
2655,2655,2683,48,102,4,3161.6,2023-10-25,2023-10-25
2656,2656,2684,39,105,6,1764.15,2024-05-29,2024-05-29
2657,2657,2685,36,33,15,100737.0,2024-02-24,2024-02-24
2658,2658,2686,49,108,7,23419.0,05-01-2023,2023-05-01
2659,2659,2687,22,52,12,156226.55,25-09-2024,2024-09-25
2660,2660,2688,1,4,1,3212.9,31-10-2023,2023-10-31
2661,2661,2689,39,128,12,55809.0,2024-05-13,2024-05-13
2662,2662,2690,48,5,3,67456.65,2024-03-02,2024-03-02
2663,2663,2691,6,103,2,3399.1,2024-10-20,2024-10-20
2664,2664,2692,5,90,6,450854.8,14-02-2024,2024-02-14
2665,2665,2693,26,82,15,774511.0,2023-08-20,2023-08-20
2666,2666,2694,42,56,3,128966.0,2023-06-03,2023-06-03
2667,2667,2695,35,107,11,16647.0,26-12-2024,2024-12-26
2668,2668,2696,13,75,5,155649.9,03-02-2023,2023-03-02
2669,2669,2697,44,70,14,456927.2,17-04-2023,2023-04-17
2670,2670,2698,37,2,7,93087.65,18-12-2024,2024-12-18
2671,2671,2699,13,41,12,127200.0,07-11-2024,2024-07-11
2672,2672,2700,6,71,3,370995.9,2023-10-03,2023-10-03
2673,2673,2701,26,48,7,103154.0,06-12-2023,2023-06-12
2674,2674,2702,2,86,14,1309324.0,2023-02-28,2023-02-28
2675,2675,2703,3,93,8,763625.2,20-01-2023,2023-01-20
2676,2676,2704,36,71,7,911218.0,14-05-2023,2023-05-14
2677,2677,2705,41,110,9,22460.0,2023-07-05,2023-07-05
2678,2678,2706,18,150,7,10944.0,2023-11-07,2023-11-07
2679,2679,2707,9,25,13,149761.8,11-01-2023,2023-11-01
2680,2680,2708,4,25,7,84885.0,05-12-2023,2023-05-12
2681,2681,2709,24,110,3,7112.65,2023-04-18,2023-04-18
2682,2682,2710,14,136,3,5920.0,2023-12-22,2023-12-22
2683,2683,2711,5,29,10,346847.85,2023-03-27,2023-03-27
2684,2684,2712,3,1,3,94399.6,2023-11-21,2023-11-21
2685,2685,2713,39,13,14,103036.05,2024-04-25,2024-04-25
2686,2686,2714,41,150,9,14070.45,17-02-2023,2023-02-17
2687,2687,2716,32,8,13,64794.0,2023-11-17,2023-11-17
2688,2688,2718,6,109,8,4982.0,31-07-2023,2023-07-31
2689,2689,2719,24,128,8,35345.7,22-11-2023,2023-11-22
2690,2690,2720,18,92,10,844113.95,2023-05-16,2023-05-16
2691,2691,2721,32,54,10,1215348.0,01-10-2024,2024-01-10
2692,2692,2722,39,71,10,1236653.95,2023-03-03,2023-03-03
2693,2693,2723,5,108,15,50183.0,2024-10-28,2024-10-28
2694,2694,2724,34,137,5,16080.65,2023-12-19,2023-12-19
2695,2695,2725,24,65,1,25558.0,26-05-2024,2024-05-26
2696,2696,2726,6,81,3,348122.75,01-07-2024,2024-01-07
2697,2697,2727,31,10,4,128132.0,2024-07-02,2024-07-02
2698,2698,2728,10,89,13,1022815.0,17-10-2024,2024-10-17
2699,2699,2729,45,105,10,3095.0,2023-01-06,2023-01-06
2700,2700,2730,13,98,2,150785.9,05-07-2024,2024-05-07
2701,2701,2731,10,54,3,346373.8,2024-08-23,2024-08-23
2702,2702,2732,19,136,8,14998.6,23-02-2024,2024-02-23
2703,2703,2733,22,94,3,116140.35,2023-11-28,2023-11-28
2704,2704,2735,40,39,3,88898.0,04-08-2023,2023-04-08
2705,2705,2736,21,35,4,44022.0,2024-01-17,2024-01-17
2706,2706,2737,22,82,10,516340.0,2024-10-01,2024-10-01
2707,2707,2738,48,140,13,38712.5,2024-09-14,2024-09-14
2708,2708,2739,24,98,4,301572.75,2023-07-04,2023-07-04
2709,2709,2740,33,107,13,18690.3,13-05-2024,2024-05-13
2710,2710,2741,44,22,3,118359.0,2023-04-24,2023-04-24
2711,2711,2742,25,13,6,46483.0,31-01-2024,2024-01-31
2712,2712,2743,40,130,4,16576.0,30-09-2024,2024-09-30
2713,2713,2744,26,73,13,1768025.05,2024-02-09,2024-02-09
2714,2714,2745,30,5,15,337283.25,20-08-2023,2023-08-20
2715,2715,2746,32,22,13,487242.65,2024-01-21,2024-01-21
2716,2716,2747,23,33,11,73873.0,12-09-2024,2024-12-09
2717,2717,2748,5,58,3,310150.3,2023-11-25,2023-11-25
2718,2718,2749,25,135,5,8223.0,01-05-2023,2023-01-05
2719,2719,2750,37,127,2,2944.05,2023-01-17,2023-01-17
2720,2720,2751,4,112,15,31078.3,08-09-2023,2023-08-09
2721,2721,2752,13,104,1,3713.0,2023-06-21,2023-06-21
2722,2722,2753,33,78,5,578367.6,14-03-2023,2023-03-14
2723,2723,2754,1,121,2,7019.55,14-04-2023,2023-04-14
2724,2724,2755,7,124,9,32232.55,2023-07-19,2023-07-19
2725,2725,2756,6,35,4,41820.9,26-12-2023,2023-12-26
2726,2726,2757,28,98,9,714250.0,23-01-2024,2024-01-23
2727,2727,2758,5,101,15,6951.0,2023-09-27,2023-09-27
2728,2728,2759,8,28,10,142586.0,17-10-2024,2024-10-17
2729,2729,2760,48,110,9,22460.0,13-03-2024,2024-03-13
2730,2730,2761,6,35,4,41820.9,2023-05-10,2023-05-10
2731,2731,2762,36,90,6,450854.8,2023-06-21,2023-06-21
2732,2732,2763,17,40,11,156024.0,06-08-2023,2023-06-08
2733,2733,2764,5,131,8,7323.55,2023-09-22,2023-09-22
2734,2734,2765,31,35,15,156828.85,2024-02-29,2024-02-29
2735,2735,2766,40,80,15,1938358.0,2024-10-25,2024-10-25
2736,2736,2767,23,70,11,359014.5,2023-06-13,2023-06-13
2737,2737,2768,7,62,9,873998.1,30-09-2024,2024-09-30
2738,2738,2769,24,144,9,19927.0,06-09-2023,2023-06-09
2739,2739,2770,20,139,13,17596.85,11-09-2024,2024-11-09
2740,2740,2771,13,89,15,1121162.45,2023-04-21,2023-04-21
2741,2741,2772,19,85,10,385787.0,2024-03-22,2024-03-22
2742,2742,2773,4,127,14,21691.0,2023-09-15,2023-09-15
2743,2743,2774,30,49,7,88207.5,2024-05-18,2024-05-18
2744,2744,2775,47,79,12,793762.0,18-04-2023,2023-04-18
2745,2745,2776,4,27,8,125487.4,05-06-2024,2024-05-06
2746,2746,2777,21,104,1,3713.0,2024-01-08,2024-01-08
2747,2747,2778,42,114,10,7993.0,30-10-2024,2024-10-30
2748,2748,2779,38,30,9,290231.0,2023-12-09,2023-12-09
2749,2749,2780,42,98,8,634889.0,2024-02-08,2024-02-08
2750,2750,2781,9,62,10,1022220.0,28-06-2024,2024-06-28
2751,2751,2782,35,65,2,51115.0,2024-08-01,2024-08-01
2752,2752,2783,42,69,6,271590.0,25-05-2023,2023-05-25
2753,2753,2784,14,105,10,3095.0,16-08-2023,2023-08-16
2754,2754,2785,43,131,2,1830.65,2024-01-09,2024-01-09
2755,2755,2786,31,32,2,25005.0,2023-10-14,2023-10-14
2756,2756,2787,28,44,2,21614.0,2024-08-01,2024-08-01
2757,2757,2788,6,96,12,847450.0,12-09-2024,2024-12-09
2758,2758,2789,40,54,11,1270038.85,21-01-2024,2024-01-21
2759,2759,2790,2,135,1,1645.0,2023-02-25,2023-02-25
2760,2760,2791,5,50,4,42848.8,2024-01-19,2024-01-19
2761,2761,2792,1,81,13,1508533.5,2024-01-25,2024-01-25
2762,2762,2793,11,32,13,154405.4,04-11-2023,2023-04-11
2763,2763,2794,9,139,3,4061.25,25-04-2023,2023-04-25
2764,2764,2795,28,8,1,4734.8,2024-06-26,2024-06-26
2765,2765,2796,6,11,13,471015.0,2024-08-31,2024-08-31
2766,2766,2797,42,146,13,6125.6,2023-08-31,2023-08-31
2767,2767,2798,8,23,5,55893.0,06-07-2024,2024-06-07
2768,2768,2799,33,52,1,13018.8,23-03-2024,2024-03-23
2769,2769,2800,37,126,5,12715.75,2024-08-16,2024-08-16
2770,2770,2801,48,101,8,3521.65,2024-08-24,2024-08-24
2771,2771,2802,31,133,8,14384.9,18-08-2023,2023-08-18
2772,2772,2803,39,122,1,1255.9,22-08-2024,2024-08-22
2773,2773,2804,6,93,4,401908.0,07-12-2023,2023-07-12
2774,2774,2805,15,93,8,803816.0,18-04-2024,2024-04-18
2775,2775,2806,44,20,7,205042.3,12-02-2024,2024-12-02
2776,2776,2807,25,67,15,1222494.2,18-01-2024,2024-01-18
2777,2777,2808,2,97,5,642841.25,2024-07-09,2024-07-09
2778,2778,2809,12,36,2,42942.85,2023-05-29,2023-05-29
2779,2779,2810,45,94,13,529761.0,2023-11-13,2023-11-13
2780,2780,2811,8,41,4,40280.0,2024-10-31,2024-10-31
2781,2781,2812,31,44,11,112931.25,11-11-2024,2024-11-11
2782,2782,2813,46,26,14,229866.75,26-06-2023,2023-06-26
2783,2783,2814,8,135,8,12498.2,03-07-2024,2024-03-07
2784,2784,2815,27,137,14,45027.15,22-04-2023,2023-04-22
2785,2785,2816,2,63,13,1728477.5,27-02-2024,2024-02-27
2786,2786,2817,27,40,12,161697.6,26-01-2023,2023-01-26
2787,2787,2818,23,30,4,128991.0,2023-09-24,2023-09-24
2788,2788,2819,3,12,4,10905.0,2024-08-13,2024-08-13
2789,2789,2820,12,1,13,409063.35,2023-04-27,2023-04-27
2790,2790,2821,34,128,2,8835.95,2024-09-22,2024-09-22
2791,2791,2822,48,133,1,1893.0,2023-04-04,2023-04-04
2792,2792,2823,31,40,10,134748.0,17-05-2024,2024-05-17
2793,2793,2824,11,78,9,1041061.3,2024-05-30,2024-05-30
2794,2794,2825,12,150,2,3291.0,01-06-2024,2024-01-06
2795,2795,2826,31,40,13,175173.35,24-10-2024,2024-10-24
2796,2796,2827,45,13,6,44158.85,2023-07-02,2023-07-02
2797,2797,2828,8,30,2,64496.0,2023-08-16,2023-08-16
2798,2798,2829,33,52,9,123337.0,2024-01-06,2024-01-06
2799,2799,2830,7,89,2,149488.2,2023-09-07,2023-09-07
2800,2800,2831,48,82,15,774511.0,2024-11-28,2024-11-28
2801,2801,2832,24,65,5,127788.0,2023-10-07,2023-10-07
2802,2802,2833,12,19,13,213621.0,2023-07-15,2023-07-15
2803,2803,2834,14,36,8,171770.45,2023-10-09,2023-10-09
2804,2804,2835,47,35,13,143072.0,2023-12-31,2023-12-31
2805,2805,2836,28,149,5,5527.1,2023-12-04,2023-12-04
2806,2806,2837,10,148,4,19142.0,2024-02-26,2024-02-26
2807,2807,2838,36,18,9,239152.0,11-12-2023,2023-11-12
2808,2808,2839,49,21,14,122284.0,30-05-2024,2024-05-30
2809,2809,2840,45,3,8,72194.0,2023-05-01,2023-05-01
2810,2810,2841,48,111,14,56993.35,2023-02-28,2023-02-28
2811,2811,2842,41,135,14,23023.0,20-01-2024,2024-01-20
2812,2812,2843,13,26,15,259248.0,13-11-2023,2023-11-13
2813,2813,2844,34,21,1,8298.25,2024-10-23,2024-10-23
2814,2814,2845,43,90,7,553681.0,27-10-2023,2023-10-27
2815,2815,2846,16,26,4,65676.35,2024-10-03,2024-10-03
2816,2816,2847,39,143,2,8429.35,2023-07-24,2023-07-24
2817,2817,2848,16,138,10,39738.5,29-04-2024,2024-04-29
2818,2818,2849,29,17,11,154427.0,04-02-2023,2023-04-02
2819,2819,2850,37,103,4,7157.0,2023-01-20,2023-01-20
2820,2820,2851,28,127,7,10302.75,21-11-2024,2024-11-21
2821,2821,2852,27,37,14,84948.0,2023-06-13,2023-06-13
2822,2822,2853,35,123,4,11108.0,2024-04-10,2024-04-10
2823,2823,2854,20,109,11,6850.0,2023-02-17,2023-02-17
2824,2824,2855,36,102,11,9152.0,2024-11-14,2024-11-14
2825,2825,2856,19,41,2,21200.0,2024-05-16,2024-05-16
2826,2826,2857,24,23,3,33536.0,2023-07-06,2023-07-06
2827,2827,2858,38,86,10,935231.0,2024-04-22,2024-04-22
2828,2828,2859,24,8,9,42614.15,16-08-2023,2023-08-16
2829,2829,2860,1,37,11,63407.75,03-02-2023,2023-03-02
2830,2830,2861,16,115,15,12459.0,2023-06-01,2023-06-01
2831,2831,2862,14,100,12,1192442.85,2023-07-15,2023-07-15
2832,2832,2863,43,18,5,132862.0,07-01-2024,2024-07-01
2833,2833,2864,27,20,6,175750.95,2024-05-02,2024-05-02
2834,2834,2865,19,147,15,43178.45,2023-01-12,2023-01-12
2835,2835,2866,45,13,12,88316.75,2023-03-17,2023-03-17
2836,2836,2867,46,116,10,24467.25,2023-10-04,2023-10-04
2837,2837,2868,42,64,6,669033.0,06-11-2024,2024-06-11
2838,2838,2869,4,110,7,16595.55,31-08-2024,2024-08-31
2839,2839,2870,26,62,15,1533330.0,2023-12-12,2023-12-12
2840,2840,2871,8,107,13,19674.0,2024-11-04,2024-11-04
2841,2841,2872,39,37,9,51878.55,2023-07-02,2023-07-02
2842,2842,2873,28,49,10,132642.0,2024-11-08,2024-11-08
2843,2843,2874,33,75,14,435819.15,2024-09-03,2024-09-03
2844,2844,2875,1,52,15,205562.0,2023-09-26,2023-09-26
2845,2845,2876,28,52,1,13704.0,2024-07-24,2024-07-24
2846,2846,2877,26,29,7,255572.0,2023-10-17,2023-10-17
2847,2847,2878,23,20,8,234334.6,08-02-2023,2023-08-02
2848,2848,2879,5,115,8,6312.75,2024-09-17,2024-09-17
2849,2849,2880,16,122,15,18845.15,28-03-2023,2023-03-28
2850,2850,2881,18,133,11,20820.0,10-04-2023,2023-10-04
2851,2851,2882,30,12,4,10359.75,19-06-2024,2024-06-19
2852,2852,2883,31,65,14,357808.0,2023-11-01,2023-11-01
2853,2853,2884,18,82,13,671243.0,2024-12-01,2024-12-01
2854,2854,2885,40,83,5,640318.05,30-06-2024,2024-06-30
2855,2855,2886,21,147,6,18180.0,2024-08-01,2024-08-01
2856,2856,2887,20,61,9,239559.6,2023-12-30,2023-12-30
2857,2857,2888,24,122,8,10051.0,11-01-2023,2023-11-01
2858,2858,2889,30,80,12,1473151.7,2024-04-30,2024-04-30
2859,2859,2890,27,106,4,17539.0,13-01-2024,2024-01-13
2860,2860,2891,38,89,14,1046418.35,14-09-2024,2024-09-14
2861,2861,2892,1,22,7,262361.5,2023-12-06,2023-12-06
2862,2862,2893,49,99,2,203806.35,2024-04-28,2024-04-28
2863,2863,2894,3,127,1,1549.0,15-01-2024,2024-01-15
2864,2864,2895,19,45,12,118845.0,2023-04-26,2023-04-26
2865,2865,2896,35,29,11,401614.0,27-10-2023,2023-10-27
2866,2866,2897,17,47,1,6123.0,2023-12-20,2023-12-20
2867,2867,2898,45,111,4,17141.0,03-05-2023,2023-03-05
2868,2868,2899,10,85,9,347208.0,14-05-2023,2023-05-14
2869,2869,2900,38,144,10,22141.0,10-05-2023,2023-10-05
2870,2870,2901,19,78,2,243523.0,2024-11-12,2024-11-12
2871,2871,2902,14,116,2,5151.0,01-04-2023,2023-01-04
2872,2872,2903,22,42,5,29964.0,2023-08-04,2023-08-04
2873,2873,2904,12,12,6,16357.0,2023-12-15,2023-12-15
2874,2874,2905,6,84,5,217119.0,05-04-2024,2024-05-04
2875,2875,2906,14,70,2,68711.0,16-05-2024,2024-05-16
2876,2876,2907,13,134,10,44817.2,2024-05-18,2024-05-18
2877,2877,2908,41,148,12,54555.65,17-01-2023,2023-01-17
2878,2878,2909,16,61,13,346029.9,2024-09-11,2024-09-11
2879,2879,2910,5,120,8,23746.2,2023-01-13,2023-01-13
2880,2880,2911,6,7,6,111257.35,2023-12-24,2023-12-24
2881,2881,2912,17,49,5,63004.95,29-06-2023,2023-06-29
2882,2882,2913,36,25,9,103681.1,2023-09-02,2023-09-02
2883,2883,2914,26,148,3,13639.15,02-01-2024,2024-02-01
2884,2884,2915,24,68,7,444866.0,29-01-2024,2024-01-29
2885,2885,2916,33,57,3,338553.4,2023-01-29,2023-01-29
2886,2886,2917,34,7,11,214706.0,05-11-2023,2023-05-11
2887,2887,2919,42,120,9,28120.0,2024-03-26,2024-03-26
2888,2888,2920,19,50,2,21424.4,01-02-2023,2023-01-02
2889,2889,2921,26,139,12,16244.05,2024-08-24,2024-08-24
2890,2890,2922,41,94,13,503272.95,2023-03-04,2023-03-04
2891,2891,2923,3,133,4,7571.0,09-06-2024,2024-09-06
2892,2892,2924,8,51,1,64159.0,30-10-2023,2023-10-30
2893,2893,2925,7,114,12,9591.0,2023-08-23,2023-08-23
2894,2894,2926,14,69,10,430017.5,24-01-2024,2024-01-24
2895,2895,2927,35,58,9,930449.95,30-04-2024,2024-04-30
2896,2896,2928,20,65,1,24280.1,13-06-2024,2024-06-13
2897,2897,2929,45,4,14,47346.0,2023-02-03,2023-02-03
2898,2898,2930,48,109,14,8282.1,07-03-2023,2023-07-03
2899,2899,2931,13,12,5,12949.45,10-02-2024,2024-10-02
2900,2900,2932,9,41,9,90630.0,24-04-2023,2023-04-24
2901,2901,2933,26,14,8,286489.0,18-08-2024,2024-08-18
2902,2902,2934,7,127,7,10302.75,08-11-2023,2023-08-11
2903,2903,2935,34,85,4,154315.0,03-03-2023,2023-03-03
2904,2904,2936,32,130,10,41441.0,11-11-2024,2024-11-11
2905,2905,2937,41,76,14,1971036.25,30-01-2024,2024-01-30
2906,2906,2938,38,60,14,1522515.0,2024-03-01,2024-03-01
2907,2907,2939,29,83,1,128063.8,2024-11-01,2024-11-01
2908,2908,2940,5,10,2,64066.0,2023-11-24,2023-11-24
2909,2909,2941,29,34,4,18686.5,2024-08-11,2024-08-11
2910,2910,2942,5,136,6,11841.0,09-09-2023,2023-09-09
2911,2911,2943,3,72,10,996646.0,2024-06-21,2024-06-21
2912,2912,2944,45,54,13,1579953.0,24-11-2024,2024-11-24
2913,2913,2945,4,56,13,558854.0,12-10-2024,2024-12-10
2914,2914,2946,23,3,9,77157.1,03-12-2024,2024-03-12
2915,2915,2947,18,7,15,292782.0,2023-11-24,2023-11-24
2916,2916,2948,38,128,12,53018.55,2024-01-30,2024-01-30
2917,2917,2949,41,38,8,201104.55,2024-10-09,2024-10-09
2918,2918,2950,34,40,5,70920.0,10-11-2023,2023-10-11
2919,2919,2951,15,115,2,1661.0,02-04-2023,2023-02-04
2920,2920,2952,26,75,14,458757.0,08-02-2023,2023-08-02
2921,2921,2953,45,26,14,241965.0,2024-06-30,2024-06-30
2922,2922,2954,6,25,9,103681.1,2024-04-29,2024-04-29
2923,2923,2955,20,130,2,8288.0,13-11-2024,2024-11-13
2924,2924,2956,42,133,8,14384.9,2023-09-18,2023-09-18
2925,2925,2957,8,16,4,114022.8,08-04-2024,2024-08-04
2926,2926,2958,48,78,13,1503755.0,17-12-2024,2024-12-17
2927,2927,2959,39,22,6,236717.0,2023-10-02,2023-10-02
2928,2928,2960,37,143,1,4214.2,29-08-2024,2024-08-29
2929,2929,2961,9,63,3,419873.0,26-09-2024,2024-09-26
2930,2930,2962,33,148,10,45463.2,14-09-2024,2024-09-14
2931,2931,2963,19,53,1,50991.25,19-07-2023,2023-07-19
2932,2932,2964,28,56,8,326714.5,2024-07-25,2024-07-25
2933,2933,2965,10,36,13,293818.0,2024-10-16,2024-10-16
2934,2934,2966,27,74,7,575614.5,2024-05-26,2024-05-26
2935,2935,2967,47,3,14,126339.0,2024-01-05,2024-01-05
2936,2936,2968,13,81,1,116040.6,28-03-2023,2023-03-28
2937,2937,2969,29,108,10,31783.2,04-10-2023,2023-04-10
2938,2938,2970,43,101,2,927.0,17-05-2024,2024-05-17
2939,2939,2971,17,146,2,992.0,12-05-2023,2023-12-05
2940,2940,2972,21,31,1,8283.0,31-12-2024,2024-12-31
2941,2941,2973,32,81,7,855039.0,2023-01-23,2023-01-23
2942,2942,2974,41,111,11,47138.0,2023-09-02,2023-09-02
2943,2943,2975,49,139,13,18523.0,25-12-2023,2023-12-25
2944,2944,2976,8,31,5,41416.0,2024-06-23,2024-06-23
2945,2945,2977,24,121,6,22166.0,27-01-2023,2023-01-27
2946,2946,2978,4,101,10,4634.0,08-11-2023,2023-08-11
2947,2947,2979,6,39,10,281511.6,2023-12-29,2023-12-29
2948,2948,2980,43,42,14,83900.0,2023-12-27,2023-12-27
2949,2949,2981,45,57,3,338553.4,2023-02-07,2023-02-07
2950,2950,2982,14,52,14,182264.15,28-01-2024,2024-01-28
2951,2951,2983,3,62,4,408888.0,2023-10-01,2023-10-01
2952,2952,2984,43,121,14,49134.0,2024-12-05,2024-12-05
2953,2953,2985,26,107,7,10064.3,2023-01-26,2023-01-26
2954,2954,2986,4,85,2,73299.15,2024-05-06,2024-05-06
2955,2955,2987,2,118,15,64727.0,29-11-2023,2023-11-29
2956,2956,2988,48,62,12,1226664.0,2024-04-20,2024-04-20
2957,2957,2989,18,8,13,64794.0,2023-02-15,2023-02-15
2958,2958,2990,12,4,3,10146.0,2023-08-23,2023-08-23
2959,2959,2992,19,81,14,1624575.05,2024-07-19,2024-07-19
2960,2960,2993,35,59,12,993694.3,22-02-2024,2024-02-22
2961,2961,2994,1,137,9,28945.55,2023-03-25,2023-03-25
2962,2962,2995,44,16,3,90018.0,11-05-2024,2024-11-05
2963,2963,2996,33,16,15,427585.5,2023-11-21,2023-11-21
2964,2964,2997,21,9,8,301761.8,26-11-2024,2024-11-26
2965,2965,2998,26,85,15,578680.0,2024-01-26,2024-01-26
2966,2966,2999,14,119,13,42326.0,21-02-2023,2023-02-21
2967,2967,3000,18,32,4,47509.5,2024-09-09,2024-09-09
2968,2968,3001,15,149,15,17454.0,2024-11-28,2024-11-28
2969,2969,3002,29,23,10,111786.0,2024-04-02,2024-04-02
2970,2970,3003,42,73,7,952014.0,2024-11-23,2024-11-23
2971,2971,3004,44,139,4,5700.0,10-02-2023,2023-10-02
2972,2972,3005,19,71,1,123665.3,02-08-2023,2023-02-08
2973,2973,3006,20,122,2,2645.0,19-08-2024,2024-08-19
2974,2974,3007,14,111,7,28497.15,2023-05-28,2023-05-28
2975,2975,3008,37,143,10,44364.0,29-04-2023,2023-04-29
2976,2976,3009,39,1,5,157332.35,06-01-2024,2024-06-01
2977,2977,3010,22,29,2,69369.95,22-12-2024,2024-12-22
2978,2978,3011,12,58,3,310150.3,2023-04-04,2023-04-04
2979,2979,3012,42,83,5,640318.05,24-08-2023,2023-08-24
2980,2980,3013,36,146,4,1884.8,13-08-2024,2024-08-13
2981,2981,3014,23,8,5,23674.95,2023-11-15,2023-11-15
2982,2982,3015,17,68,11,735868.0,2024-07-10,2024-07-10
2983,2983,3016,17,91,15,2023290.0,2024-06-21,2024-06-21
2984,2984,3017,26,84,6,260543.0,2024-06-30,2024-06-30
2985,2985,3018,38,131,1,915.8,20-06-2024,2024-06-20
2986,2986,3019,2,121,4,14038.15,2024-11-25,2024-11-25
2987,2987,3020,14,61,10,280186.0,24-01-2023,2023-01-24
2988,2988,3021,46,39,12,355594.0,18-02-2024,2024-02-18
2989,2989,3022,22,139,4,5415.0,06-12-2023,2023-06-12
2990,2990,3023,41,57,5,564255.35,05-07-2024,2024-05-07
2991,2991,3024,35,1,13,430593.0,2023-06-24,2023-06-24
2992,2992,3025,20,74,6,519351.0,05-05-2024,2024-05-05
2993,2993,3026,5,99,15,1528550.0,2024-12-31,2024-12-31
2994,2994,3027,5,53,6,305947.5,24-09-2024,2024-09-24
2995,2995,3028,35,14,10,358111.0,2024-08-22,2024-08-22
2996,2996,3029,31,33,1,6380.2,16-02-2024,2024-02-16
2997,2997,3030,6,133,15,28391.0,03-09-2024,2024-03-09
2998,2998,3031,3,95,2,132635.2,2023-07-22,2023-07-22
2999,2999,3032,1,137,9,28945.55,10-05-2024,2024-10-05
3000,3000,3033,31,18,9,227194.4,2023-06-23,2023-06-23
3001,3001,3034,35,104,10,35273.5,11-04-2024,2024-11-04
3002,3002,3035,9,138,11,43713.3,22-05-2024,2024-05-22
3003,3003,3036,18,21,13,113549.0,24-09-2024,2024-09-24
3004,3004,3037,25,82,12,619608.0,2023-03-13,2023-03-13
3005,3005,3038,12,46,6,28407.85,2024-06-26,2024-06-26
3006,3006,3039,3,6,2,23640.0,2024-04-15,2024-04-15
3007,3007,3040,43,47,14,85721.0,25-10-2024,2024-10-25
3008,3008,3041,33,21,14,116169.8,2023-04-01,2023-04-01
3009,3009,3042,30,104,4,14109.4,06-01-2024,2024-06-01
3010,3010,3043,4,93,1,100477.0,01-05-2024,2024-01-05
3011,3011,3044,43,145,10,43499.0,2023-03-14,2023-03-14
3012,3012,3045,9,12,6,15539.15,09-11-2024,2024-09-11
3013,3013,3046,28,97,8,1028546.95,2024-07-04,2024-07-04
3014,3014,3047,19,113,15,62627.8,2024-02-08,2024-02-08
3015,3015,3048,37,83,11,1482843.0,14-12-2023,2023-12-14
3016,3016,3049,23,97,3,385704.75,2024-01-26,2024-01-26
3017,3017,3050,25,125,14,47629.0,24-06-2023,2023-06-24
3018,3018,3051,43,101,1,463.0,2023-09-21,2023-09-21
3019,3019,3052,9,72,12,1195976.0,2023-01-31,2023-01-31
3020,3020,3053,27,3,15,128594.85,10-12-2024,2024-10-12
3021,3021,3054,45,65,13,332250.0,02-07-2024,2024-02-07
3022,3022,3055,21,94,6,232279.75,2024-08-02,2024-08-02
3023,3023,3056,47,116,10,24467.25,2023-01-14,2023-01-14
3024,3024,3057,5,19,11,180756.0,2024-04-13,2024-04-13
3025,3025,3058,17,79,6,377036.95,10-11-2024,2024-10-11
3026,3026,3059,4,29,13,450902.3,2024-08-12,2024-08-12
3027,3027,3060,5,60,8,826508.55,19-02-2023,2023-02-19
3028,3028,3061,7,148,13,62212.0,19-03-2024,2024-03-19
3029,3029,3062,8,43,3,100026.45,2023-07-22,2023-07-22
3030,3030,3063,38,138,4,15895.4,2023-11-15,2023-11-15
3031,3031,3064,41,49,5,63004.95,14-02-2024,2024-02-14
3032,3032,3065,33,52,5,68520.0,22-03-2023,2023-03-22
3033,3033,3066,38,69,4,172007.0,2023-11-23,2023-11-23
3034,3034,3067,11,139,12,17099.0,2023-10-02,2023-10-02
3035,3035,3068,35,10,8,243450.8,31-08-2024,2024-08-31
3036,3036,3069,48,90,15,1186460.0,12-12-2024,2024-12-12
3037,3037,3070,29,134,5,23588.0,19-03-2024,2024-03-19
3038,3038,3071,38,102,5,3952.0,05-09-2024,2024-05-09
3039,3039,3072,10,67,8,686312.0,2023-08-31,2023-08-31
3040,3040,3073,44,116,13,31807.9,2023-05-08,2023-05-08
3041,3041,3074,18,82,14,722877.0,2024-06-09,2024-06-09
3042,3042,3075,13,148,11,52641.0,28-03-2023,2023-03-28
3043,3043,3076,22,89,4,298976.4,11-07-2023,2023-11-07
3044,3044,3077,10,28,5,67728.35,2024-10-26,2024-10-26
3045,3045,3078,29,23,13,145322.0,2024-12-14,2024-12-14
3046,3046,3079,8,109,5,2958.3,20-04-2024,2024-04-20
3047,3047,3080,9,40,3,40424.4,07-05-2024,2024-07-05
3048,3048,3081,14,99,7,713323.65,2023-04-14,2023-04-14
3049,3049,3082,37,37,8,48542.0,2024-11-18,2024-11-18
3050,3050,3083,45,84,14,607934.0,20-10-2023,2023-10-20
3051,3051,3084,19,41,8,80560.0,2024-08-04,2024-08-04
3052,3052,3085,26,23,4,44715.0,31-03-2023,2023-03-31
3053,3053,3086,29,18,3,79717.0,07-05-2023,2023-07-05
3054,3054,3087,25,73,9,1288439.0,2023-06-11,2023-06-11
3055,3055,3088,22,92,13,1097347.85,12-06-2023,2023-12-06
3056,3056,3089,26,8,12,59810.0,28-03-2024,2024-03-28
3057,3057,3090,45,121,2,7019.55,22-06-2023,2023-06-22
3058,3058,3091,47,58,10,1088246.0,02-10-2023,2023-02-10
3059,3059,3092,18,61,5,133088.35,2023-05-06,2023-05-06
3060,3060,3093,1,114,13,10391.0,2023-05-07,2023-05-07
3061,3061,3094,30,150,11,17196.9,2024-05-31,2024-05-31
3062,3062,3095,39,117,1,4103.0,2023-10-31,2023-10-31
3063,3063,3096,29,62,3,291332.7,13-05-2023,2023-05-13
3064,3064,3097,39,82,11,539575.3,11-11-2023,2023-11-11
3065,3065,3098,15,97,3,385704.75,2023-11-30,2023-11-30
3066,3066,3099,36,124,12,45239.0,19-03-2024,2024-03-19
3067,3067,3100,44,106,11,48234.0,02-07-2024,2024-02-07
3068,3068,3101,31,145,12,49588.1,27-08-2024,2024-08-27
3069,3069,3102,23,117,8,32824.0,2023-12-02,2023-12-02
3070,3070,3103,29,114,15,11989.0,2023-11-30,2023-11-30
3071,3071,3104,16,110,1,2371.2,2024-06-30,2024-06-30
3072,3072,3105,39,120,6,18747.0,27-09-2024,2024-09-27
3073,3073,3106,31,88,8,386692.0,2024-06-17,2024-06-17
3074,3074,3107,25,11,14,481884.65,2024-09-27,2024-09-27
3075,3075,3108,7,139,14,18950.6,2023-07-07,2023-07-07
3076,3076,3109,44,47,13,75618.1,2023-06-28,2023-06-28
3077,3077,3110,36,78,7,809714.45,2023-05-10,2023-05-10
3078,3078,3111,16,2,11,153980.0,14-03-2023,2023-03-14
3079,3079,3112,45,15,2,55800.0,21-01-2023,2023-01-21
3080,3080,3113,2,105,4,1176.1,03-06-2023,2023-03-06
3081,3081,3114,40,42,6,35957.0,2023-01-08,2023-01-08
3082,3082,3115,38,105,5,1470.6,07-11-2024,2024-07-11
3083,3083,3116,16,105,3,929.0,13-12-2023,2023-12-13
3084,3084,3117,37,5,11,247341.05,04-06-2024,2024-04-06
3085,3085,3118,13,27,7,115580.0,2023-06-04,2023-06-04
3086,3086,3119,8,6,2,23640.0,26-07-2023,2023-07-26
3087,3087,3120,36,52,8,104151.35,03-10-2023,2023-03-10
3088,3088,3121,26,132,3,4689.0,2024-03-01,2024-03-01
3089,3089,3122,45,123,4,11108.0,13-11-2023,2023-11-13
3090,3090,3123,10,33,7,44659.5,29-09-2023,2023-09-29
3091,3091,3124,26,89,6,448464.6,2024-05-06,2024-05-06
3092,3092,3125,29,121,11,40637.0,2024-02-24,2024-02-24
3093,3093,3126,16,13,1,7359.65,20-03-2023,2023-03-20
3094,3094,3127,37,131,7,6407.75,2023-11-16,2023-11-16
3095,3095,3128,2,118,9,38836.0,2024-04-23,2024-04-23
3096,3096,3129,15,81,8,928328.6,20-06-2024,2024-06-20
3097,3097,3130,18,140,13,40750.0,2023-09-20,2023-09-20
3098,3098,3131,28,130,13,53873.0,01-01-2023,2023-01-01
3099,3099,3132,41,133,15,28391.0,04-06-2023,2023-04-06
3100,3100,3133,13,126,11,27975.6,2024-05-23,2024-05-23
3101,3101,3134,39,139,4,5415.0,2023-07-13,2023-07-13
3102,3102,3135,33,6,14,157208.85,25-09-2024,2024-09-25
3103,3103,3136,33,16,9,256551.3,16-05-2024,2024-05-16
3104,3104,3137,23,90,5,375712.65,2024-12-15,2024-12-15
3105,3105,3138,34,24,8,176564.15,2023-12-29,2023-12-29
3106,3106,3139,41,18,5,126218.9,2023-04-09,2023-04-09
3107,3107,3140,16,85,5,183249.3,2024-08-31,2024-08-31
3108,3108,3141,19,100,4,397480.95,09-09-2024,2024-09-09
3109,3109,3142,28,39,9,266695.0,11-02-2024,2024-11-02
3110,3110,3143,17,8,11,54826.0,2024-05-03,2024-05-03
3111,3111,3144,36,109,1,591.85,2024-03-31,2024-03-31
3112,3112,3145,46,76,8,1185586.0,2024-12-18,2024-12-18
3113,3113,3146,13,107,9,12939.0,11-12-2023,2023-11-12
3114,3114,3147,42,113,5,20876.25,2023-04-25,2023-04-25
3115,3115,3148,40,13,1,7359.65,2024-04-14,2024-04-14
3116,3116,3149,49,68,5,334486.0,07-06-2024,2024-07-06
3117,3117,3150,45,48,3,44209.0,2023-05-15,2023-05-15
3118,3118,3151,9,58,10,1033833.7,2023-10-28,2023-10-28
3119,3119,3152,10,147,2,6060.0,2023-02-07,2023-02-07
3120,3120,3153,44,113,14,61529.0,13-04-2024,2024-04-13
3121,3121,3154,19,149,3,3316.45,05-04-2023,2023-05-04
3122,3122,3155,18,136,12,22497.9,09-09-2023,2023-09-09
3123,3123,3156,39,52,13,178153.0,2023-02-19,2023-02-19
3124,3124,3157,37,14,15,537166.0,13-06-2023,2023-06-13
3125,3125,3158,22,14,4,136081.8,25-04-2024,2024-04-25
3126,3126,3159,10,141,3,13627.75,04-09-2024,2024-04-09
3127,3127,3160,21,65,9,218518.05,2023-09-01,2023-09-01
3128,3128,3161,32,88,9,435028.0,15-11-2024,2024-11-15
3129,3129,3162,8,90,14,1107363.0,2023-05-14,2023-05-14
3130,3130,3163,34,33,10,63800.1,03-07-2023,2023-03-07
3131,3131,3164,42,56,4,171955.0,08-05-2023,2023-08-05
3132,3132,3165,6,47,6,34901.1,29-12-2023,2023-12-29
3133,3133,3166,11,72,7,697652.0,22-05-2023,2023-05-22
3134,3134,3167,9,7,6,117113.0,08-05-2024,2024-08-05
3135,3135,3168,14,44,13,133464.55,2023-11-21,2023-11-21
3136,3136,3169,41,113,8,35160.0,2024-02-25,2024-02-25
3137,3137,3170,20,4,1,3382.0,02-07-2024,2024-02-07
3138,3138,3171,26,11,15,543479.0,08-07-2024,2024-08-07
3139,3139,3172,26,44,10,102664.6,30-11-2023,2023-11-30
3140,3140,3173,12,77,4,178819.0,11-06-2024,2024-11-06
3141,3141,3174,23,38,15,396917.0,04-05-2024,2024-04-05
3142,3142,3175,6,22,15,591793.0,05-05-2023,2023-05-05
3143,3143,3176,39,112,9,19629.0,2023-02-15,2023-02-15
3144,3144,3177,24,7,10,185428.6,22-02-2023,2023-02-22
3145,3145,3178,45,43,8,266736.25,02-12-2024,2024-02-12
3146,3146,3179,14,39,5,148164.0,27-03-2024,2024-03-27
3147,3147,3180,49,56,3,122517.7,2024-10-16,2024-10-16
3148,3148,3181,11,132,7,10941.0,18-09-2024,2024-09-18
3149,3149,3182,42,123,9,23744.3,2023-03-27,2023-03-27
3150,3150,3183,31,59,9,784495.0,26-09-2023,2023-09-26
3151,3151,3184,29,88,15,725047.0,31-12-2023,2023-12-31
3152,3152,3185,44,89,4,314712.0,30-05-2023,2023-05-30
3153,3153,3186,6,127,14,20606.45,2024-08-24,2024-08-24
3154,3154,3187,12,122,5,6612.0,14-10-2024,2024-10-14
3155,3155,3188,7,63,14,1959407.0,05-06-2023,2023-05-06
3156,3156,3189,42,4,1,3212.9,2023-06-05,2023-06-05
3157,3157,3190,44,98,1,75392.95,2024-01-05,2024-01-05
3158,3158,3191,43,87,2,133720.0,13-01-2023,2023-01-13
3159,3159,3192,37,65,15,364197.7,08-11-2023,2023-08-11
3160,3160,3193,10,33,11,73873.0,2023-09-13,2023-09-13
3161,3161,3194,49,78,13,1582900.0,2024-05-10,2024-05-10
3162,3162,3195,42,31,15,118034.65,09-03-2023,2023-09-03
3163,3163,3196,35,20,3,92500.0,20-03-2023,2023-03-20
3164,3164,3197,34,30,15,459532.1,2024-04-25,2024-04-25
3165,3165,3198,27,74,3,246692.2,11-05-2023,2023-11-05
3166,3166,3199,24,145,11,47848.0,10-10-2023,2023-10-10
3167,3167,3200,12,48,7,103154.0,08-08-2023,2023-08-08
3168,3168,3201,23,133,2,3595.75,18-08-2023,2023-08-18
3169,3169,3202,10,46,5,23673.05,05-02-2023,2023-05-02
3170,3170,3203,15,113,15,62627.8,2024-12-16,2024-12-16
3171,3171,3204,16,76,11,1548671.95,07-09-2024,2024-07-09
3172,3172,3205,23,23,9,100608.0,19-12-2024,2024-12-19
3173,3173,3206,39,61,9,239559.6,2023-11-06,2023-11-06
3174,3174,3207,16,144,11,24356.0,26-05-2023,2023-05-26
3175,3175,3208,2,110,14,33190.15,2023-02-25,2023-02-25
3176,3176,3209,20,108,9,30110.0,27-03-2024,2024-03-27
3177,3177,3210,13,136,11,21708.0,22-11-2023,2023-11-22
3178,3178,3211,4,22,8,315623.0,2023-02-22,2023-02-22
3179,3179,3212,12,33,7,44659.5,24-03-2023,2023-03-24
3180,3180,3213,18,150,7,11520.0,07-09-2023,2023-07-09
3181,3181,3214,32,74,9,740075.65,2023-12-21,2023-12-21
3182,3182,3215,43,16,6,171034.2,2023-04-02,2023-04-02
3183,3183,3216,33,106,14,61388.0,2023-10-08,2023-10-08
3184,3184,3217,18,134,15,67225.8,16-03-2023,2023-03-16
3185,3185,3218,4,11,9,309782.65,2024-09-13,2024-09-13
3186,3186,3219,5,111,2,8141.5,2024-01-28,2024-01-28
3187,3187,3220,48,103,1,1789.0,27-08-2023,2023-08-27
3188,3188,3221,47,90,12,901709.6,14-01-2024,2024-01-14
3189,3189,3222,24,132,1,1484.85,26-04-2023,2023-04-26
3190,3190,3223,4,36,12,257656.15,23-01-2024,2024-01-23
3191,3191,3224,32,31,5,39345.2,04-09-2023,2023-04-09
3192,3192,3225,13,18,1,26572.0,2023-04-11,2023-04-11
3193,3193,3226,19,141,1,4782.0,2024-07-06,2024-07-06
3194,3194,3227,27,35,15,165083.0,21-04-2024,2024-04-21
3195,3195,3228,31,149,6,6632.9,20-10-2024,2024-10-20
3196,3196,3229,14,25,6,69121.05,06-11-2024,2024-06-11
3197,3197,3230,44,131,5,4577.1,2024-01-22,2024-01-22
3198,3198,3231,27,45,12,112902.75,2024-06-24,2024-06-24
3199,3199,3232,26,51,13,792363.65,18-10-2024,2024-10-18
3200,3200,3233,35,134,11,51894.0,11-03-2024,2024-11-03
3201,3201,3234,6,62,4,408888.0,2024-06-17,2024-06-17
3202,3202,3235,12,57,10,1187906.0,05-10-2023,2023-05-10
3203,3203,3236,23,103,6,10735.0,2024-03-09,2024-03-09
3204,3204,3237,46,1,13,409063.35,2023-06-02,2023-06-02
3205,3205,3238,2,58,15,1632369.0,2024-03-14,2024-03-14
3206,3206,3239,36,125,15,51031.0,26-12-2024,2024-12-26
3207,3207,3240,6,134,9,40335.1,16-09-2024,2024-09-16
3208,3208,3241,34,120,13,38587.1,2023-08-04,2023-08-04
3209,3209,3242,36,83,2,269608.0,31-12-2024,2024-12-31
3210,3210,3243,9,81,15,1740615.65,2023-08-31,2023-08-31
3211,3211,3244,29,67,1,81499.55,28-09-2023,2023-09-28
3212,3212,3245,42,93,11,1049984.65,2024-06-10,2024-06-10
3213,3213,3246,30,120,14,41555.85,2024-02-22,2024-02-22
3214,3214,3247,46,136,12,23682.0,10-05-2023,2023-10-05
3215,3215,3248,28,33,1,6380.2,2024-11-13,2024-11-13
3216,3216,3249,11,14,6,214866.0,2024-01-31,2024-01-31
3217,3217,3250,30,109,3,1774.6,2024-09-21,2024-09-21
3218,3218,3251,34,128,9,41856.0,17-11-2023,2023-11-17
3219,3219,3252,35,129,5,15514.45,2023-06-30,2023-06-30
3220,3220,3253,18,94,13,503272.95,2024-09-03,2024-09-03
3221,3221,3254,45,71,13,1692263.0,2024-11-16,2024-11-16
3222,3222,3255,37,75,7,229379.0,15-07-2024,2024-07-15
3223,3223,3256,48,127,8,12395.0,08-01-2023,2023-08-01
3224,3224,3257,17,85,9,347208.0,2023-04-11,2023-04-11
3225,3225,3258,16,88,1,48336.0,2023-08-07,2023-08-07
3226,3226,3259,32,68,14,889731.05,05-02-2023,2023-05-02
3227,3227,3260,37,68,4,267588.0,26-05-2023,2023-05-26
3228,3228,3261,4,124,15,56549.0,2024-01-20,2024-01-20
3229,3229,3262,32,27,11,181626.0,22-09-2023,2023-09-22
3230,3230,3263,47,58,8,870597.0,2024-02-21,2024-02-21
3231,3231,3264,38,9,10,377202.25,2023-05-31,2023-05-31
3232,3232,3265,33,4,13,43964.0,24-05-2024,2024-05-24
3233,3233,3266,38,1,2,66245.0,27-06-2024,2024-06-27
3234,3234,3267,1,20,7,205042.3,04-07-2024,2024-04-07
3235,3235,3268,38,60,10,1033135.45,2023-11-17,2023-11-17
3236,3236,3269,44,135,11,18090.0,2024-08-06,2024-08-06
3237,3237,3270,45,57,6,677105.85,05-03-2023,2023-05-03
3238,3238,3271,32,105,6,1857.0,04-08-2023,2023-04-08
3239,3239,3272,36,18,8,212580.0,2023-12-19,2023-12-19
3240,3240,3273,9,137,11,35378.0,2024-11-11,2024-11-11
3241,3241,3274,31,16,13,370574.1,21-08-2024,2024-08-21
3242,3242,3275,44,77,9,382224.9,2024-10-08,2024-10-08
3243,3243,3276,31,33,5,33579.0,2024-01-27,2024-01-27
3244,3244,3277,27,90,4,300569.55,17-08-2023,2023-08-17
3245,3245,3278,41,4,12,40583.0,2023-02-10,2023-02-10
3246,3246,3279,24,80,1,129224.0,2023-11-16,2023-11-16
3247,3247,3280,4,103,15,26838.0,2023-11-17,2023-11-17
3248,3248,3281,6,92,12,1012936.55,2023-09-16,2023-09-16
3249,3249,3282,39,42,9,53936.0,2024-05-12,2024-05-12
3250,3250,3283,8,73,1,143160.0,2024-04-11,2024-04-11
3251,3251,3284,30,69,15,678975.0,20-11-2024,2024-11-20
3252,3252,3285,7,35,2,22011.0,17-05-2023,2023-05-17
3253,3253,3286,46,81,10,1160410.75,08-05-2023,2023-08-05
3254,3254,3287,15,27,10,156858.3,2024-08-24,2024-08-24
3255,3255,3288,28,88,4,183678.7,07-07-2024,2024-07-07
3256,3256,3289,40,87,13,869179.0,20-02-2023,2023-02-20
3257,3257,3290,40,8,4,18940.15,28-08-2024,2024-08-28
3258,3258,3291,13,74,10,865586.0,2023-01-03,2023-01-03
3259,3259,3292,33,132,3,4689.0,16-03-2023,2023-03-16
3260,3260,3293,4,127,3,4648.0,2023-06-19,2023-06-19
3261,3261,3294,45,133,7,12586.55,24-04-2023,2023-04-24
3262,3262,3295,17,18,7,186007.0,10-07-2023,2023-10-07
3263,3263,3296,46,13,7,51518.5,17-06-2024,2024-06-17
3264,3264,3297,10,32,3,35631.65,2024-10-17,2024-10-17
3265,3265,3298,20,95,9,596858.4,2024-03-14,2024-03-14
3266,3266,3299,42,52,1,13704.0,01-03-2024,2024-01-03
3267,3267,3300,15,53,11,590425.0,2024-08-13,2024-08-13
3268,3268,3301,41,65,11,267078.25,2024-07-05,2024-07-05
3269,3269,3302,26,11,9,326087.0,15-05-2024,2024-05-15
3270,3270,3303,47,22,2,78906.0,22-03-2024,2024-03-22
3271,3271,3304,47,77,2,89409.0,31-01-2024,2024-01-31
3272,3272,3305,20,141,7,33473.0,2023-09-07,2023-09-07
3273,3273,3306,46,99,9,965400.0,27-09-2024,2024-09-27
3274,3274,3307,7,79,14,926056.0,2024-01-24,2024-01-24
3275,3275,3308,35,96,10,706208.0,2024-07-12,2024-07-12
3276,3276,3309,31,54,7,808206.8,12-03-2024,2024-12-03
3277,3277,3310,41,34,6,28029.75,2024-08-12,2024-08-12
3278,3278,3311,10,30,13,398260.9,2023-08-15,2023-08-15
3279,3279,3312,21,83,12,1536764.65,03-09-2023,2023-03-09
3280,3280,3313,15,86,13,1155010.95,2023-01-24,2023-01-24
3281,3281,3314,40,105,11,3405.0,2023-10-16,2023-10-16
3282,3282,3315,2,100,15,1569004.0,2023-08-21,2023-08-21
3283,3283,3316,46,139,5,7124.0,21-03-2024,2024-03-21
3284,3284,3317,6,83,4,512255.2,06-12-2024,2024-06-12
3285,3285,3318,20,27,5,82557.0,2024-02-23,2024-02-23
3286,3286,3319,47,89,11,822186.05,2023-10-13,2023-10-13
3287,3287,3320,11,58,13,1343984.0,2024-01-12,2024-01-12
3288,3288,3321,10,91,4,539544.0,23-08-2023,2023-08-23
3289,3289,3322,29,6,15,168437.85,29-10-2023,2023-10-29
3290,3290,3323,3,140,10,31346.0,10-08-2023,2023-10-08
3291,3291,3324,15,16,1,30006.0,06-12-2024,2024-06-12
3292,3292,3325,37,36,11,248615.0,2023-09-03,2023-09-03
3293,3293,3326,12,96,7,469628.7,2023-02-05,2023-02-05
3294,3294,3327,18,134,9,42458.0,2023-01-09,2023-01-09
3295,3295,3328,43,69,2,90530.0,26-06-2023,2023-06-26
3296,3296,3329,38,59,6,496847.15,2023-07-29,2023-07-29
3297,3297,3330,19,142,14,10991.5,15-05-2023,2023-05-15
3298,3298,3331,5,133,14,26498.0,2024-09-12,2024-09-12
3299,3299,3332,2,47,15,87251.8,08-10-2023,2023-08-10
3300,3300,3333,20,123,5,13190.75,02-05-2023,2023-02-05
3301,3301,3334,45,108,4,13382.0,30-11-2023,2023-11-30
3302,3302,3335,2,77,12,536456.0,2023-12-01,2023-12-01
3303,3303,3336,25,137,2,6432.45,2024-12-30,2024-12-30
3304,3304,3337,46,79,12,793762.0,29-01-2024,2024-01-29
3305,3305,3338,43,3,13,111448.3,17-04-2024,2024-04-17
3306,3306,3339,3,124,11,39395.55,13-11-2023,2023-11-13
3307,3307,3340,3,107,2,2875.65,2024-03-16,2024-03-16
3308,3308,3341,16,34,11,51388.35,12-09-2024,2024-12-09
3309,3309,3342,48,41,13,137800.0,2023-01-04,2023-01-04
3310,3310,3343,12,103,11,18696.95,16-03-2023,2023-03-16
3311,3311,3344,41,141,10,47818.0,2023-12-22,2023-12-22
3312,3312,3345,43,78,13,1503755.0,06-03-2023,2023-06-03
3313,3313,3346,6,12,2,5179.4,2023-09-10,2023-09-10
3314,3314,3347,13,20,9,263625.95,2023-09-10,2023-09-10
3315,3315,3348,11,118,7,30206.0,2023-05-01,2023-05-01
3316,3316,3349,1,109,7,4359.0,2023-07-13,2023-07-13
3317,3317,3350,8,120,11,34369.0,01-08-2023,2023-01-08
3318,3318,3351,3,33,12,80589.0,2023-03-28,2023-03-28
3319,3319,3352,7,125,6,19391.4,2024-02-23,2024-02-23
3320,3320,3353,49,101,9,3962.45,26-07-2024,2024-07-26
3321,3321,3354,16,129,7,21719.85,23-05-2023,2023-05-23
3322,3322,3355,28,15,14,371067.15,28-04-2024,2024-04-28
3323,3323,3356,15,3,13,111448.3,17-06-2024,2024-06-17
3324,3324,3357,42,40,8,113472.0,19-03-2024,2024-03-19
3325,3325,3358,13,61,10,266176.7,2023-03-09,2023-03-09
3326,3326,3359,34,116,5,12878.0,29-10-2023,2023-10-29
3327,3327,3360,13,82,10,516340.0,2024-09-18,2024-09-18
3328,3328,3361,37,65,14,357808.0,24-10-2023,2023-10-24
3329,3329,3362,37,48,11,162100.0,2024-06-01,2024-06-01
3330,3330,3363,9,112,7,14503.65,2024-12-13,2024-12-13
3331,3331,3364,13,71,1,123665.3,2023-01-31,2023-01-31
3332,3332,3365,15,35,13,143072.0,19-11-2024,2024-11-19
3333,3333,3366,49,60,1,103313.45,15-11-2023,2023-11-15
3334,3334,3367,39,61,2,56037.0,04-06-2023,2023-04-06
3335,3335,3368,12,120,2,6249.0,21-04-2023,2023-04-21
3336,3336,3369,7,2,14,186175.3,2024-04-13,2024-04-13
3337,3337,3370,20,82,4,206536.0,2024-04-03,2024-04-03
3338,3338,3371,29,27,1,16511.0,2024-04-19,2024-04-19
3339,3339,3372,39,41,7,74200.0,01-02-2024,2024-01-02
3340,3340,3373,5,149,8,9309.0,25-01-2024,2024-01-25
3341,3341,3374,5,83,2,256127.6,04-07-2024,2024-04-07
3342,3342,3375,5,8,14,69778.0,2024-05-05,2024-05-05
3343,3343,3376,48,1,13,430593.0,05-02-2024,2024-05-02
3344,3344,3377,15,24,1,23232.0,2023-05-30,2023-05-30
3345,3345,3378,26,149,14,15476.45,2024-04-04,2024-04-04
3346,3346,3379,49,62,3,291332.7,27-12-2024,2024-12-27
3347,3347,3380,38,132,7,10941.0,2024-10-09,2024-10-09
3348,3348,3381,37,36,3,67804.0,27-11-2024,2024-11-27
3349,3349,3382,20,83,14,1792891.3,2023-09-30,2023-09-30
3350,3350,3383,48,23,7,78250.0,23-02-2024,2024-02-23
3351,3351,3384,48,124,8,30159.0,2024-12-27,2024-12-27
3352,3352,3385,9,146,3,1413.6,21-04-2023,2023-04-21
3353,3353,3386,45,137,2,6771.0,2024-05-16,2024-05-16
3354,3354,3387,34,106,4,16662.05,30-01-2023,2023-01-30
3355,3355,3388,15,127,4,6197.0,22-11-2023,2023-11-22
3356,3356,3389,49,37,8,48542.0,2024-07-27,2024-07-27
3357,3357,3390,24,130,11,43305.75,13-12-2023,2023-12-13
3358,3358,3391,13,93,12,1205724.0,2024-11-10,2024-11-10
3359,3359,3392,49,68,7,468280.0,2023-01-31,2023-01-31
3360,3360,3393,7,51,13,792363.65,2024-02-10,2024-02-10
3361,3361,3394,27,116,2,5151.0,2023-03-25,2023-03-25
3362,3362,3395,33,10,7,224231.0,2023-09-22,2023-09-22
3363,3363,3396,3,134,15,70764.0,26-04-2024,2024-04-26
3364,3364,3397,27,8,2,9469.6,03-06-2024,2024-03-06
3365,3365,3398,19,126,4,10172.6,2024-06-03,2024-06-03
3366,3366,3399,1,140,15,44668.05,2024-02-06,2024-02-06
3367,3367,3400,44,20,1,30833.0,2023-03-11,2023-03-11
3368,3368,3401,10,30,5,153177.05,2023-09-25,2023-09-25
3369,3369,3402,23,125,12,38783.75,24-01-2023,2023-01-24
3370,3370,3403,19,135,13,21379.0,2023-08-25,2023-08-25
3371,3371,3404,28,127,10,14719.3,07-10-2024,2024-07-10
3372,3372,3405,18,46,13,64789.0,2024-01-25,2024-01-25
3373,3373,3406,28,19,4,65729.0,28-10-2024,2024-10-28
3374,3374,3407,42,129,4,12411.75,15-02-2024,2024-02-15
3375,3375,3408,30,52,8,109633.0,06-11-2023,2023-06-11
3376,3376,3409,41,39,6,168907.15,2023-02-12,2023-02-12
3377,3377,3410,29,74,1,82231.05,01-09-2023,2023-01-09
3378,3378,3411,20,69,2,86003.5,16-10-2023,2023-10-16
3379,3379,3412,32,145,7,30449.0,06-05-2024,2024-06-05
3380,3380,3413,44,122,11,14547.0,10-06-2023,2023-10-06
3381,3381,3414,40,138,8,33464.0,22-07-2023,2023-07-22
3382,3382,3415,48,46,12,56814.75,2023-07-23,2023-07-23
3383,3383,3416,15,6,10,112291.9,2023-02-25,2023-02-25
3384,3384,3417,11,1,6,198735.0,31-10-2023,2023-10-31
3385,3385,3418,3,146,2,992.0,2024-11-09,2024-11-09
3386,3386,3419,45,85,15,549746.0,27-08-2023,2023-08-27
3387,3387,3420,32,117,1,4103.0,2023-10-05,2023-10-05
3388,3388,3421,4,149,2,2327.0,25-07-2023,2023-07-25
3389,3389,3422,29,142,5,4132.0,25-02-2024,2024-02-25
3390,3390,3423,39,131,15,14454.0,2023-02-05,2023-02-05
3391,3391,3424,5,78,9,1095854.0,12-10-2024,2024-12-10
3392,3392,3426,41,111,5,21426.0,2023-12-10,2023-12-10
3393,3393,3427,29,112,3,6543.0,2023-04-17,2023-04-17
3394,3394,3428,10,138,10,39738.5,29-10-2024,2024-10-29
3395,3395,3429,31,15,7,195298.0,06-05-2023,2023-06-05
3396,3396,3430,20,141,13,62163.0,14-01-2023,2023-01-14
3397,3397,3431,28,119,14,45581.0,02-07-2023,2023-02-07
3398,3398,3432,28,12,7,18128.85,10-12-2024,2024-10-12
3399,3399,3433,41,26,9,155549.0,2023-06-04,2023-06-04
3400,3400,3434,30,41,6,63600.0,13-09-2023,2023-09-13
3401,3401,3435,30,130,14,55116.15,30-07-2024,2024-07-30
3402,3402,3436,36,75,2,65537.0,12-10-2024,2024-12-10
3403,3403,3437,33,137,3,10156.0,28-11-2023,2023-11-28
3404,3404,3438,23,105,4,1176.1,16-03-2023,2023-03-16
3405,3405,3439,16,150,11,17196.9,2023-10-15,2023-10-15
3406,3406,3440,48,139,14,19948.0,08-03-2023,2023-08-03
3407,3407,3441,24,87,12,762203.05,2023-07-22,2023-07-22
3408,3408,3442,5,45,13,128748.0,21-11-2024,2024-11-21
3409,3409,3443,42,68,10,668971.0,19-03-2024,2024-03-19
3410,3410,3444,24,60,14,1522515.0,2023-06-07,2023-06-07
3411,3411,3445,49,94,14,570512.0,15-08-2023,2023-08-15
3412,3412,3446,5,6,13,145979.85,2023-09-09,2023-09-09
3413,3413,3447,37,11,4,144928.0,2023-08-22,2023-08-22
3414,3414,3448,27,142,6,4958.0,19-09-2024,2024-09-19
3415,3415,3449,22,131,8,7709.0,24-12-2024,2024-12-24
3416,3416,3450,8,15,6,159029.05,02-10-2023,2023-02-10
3417,3417,3451,29,104,5,18565.0,2024-01-19,2024-01-19
3418,3418,3452,24,73,8,1088015.05,2023-09-03,2023-09-03
3419,3419,3453,13,39,14,414860.0,28-05-2023,2023-05-28
3420,3420,3454,31,40,15,212761.0,2024-12-14,2024-12-14
3421,3421,3455,4,15,4,111599.0,27-03-2023,2023-03-27
3422,3422,3456,45,138,10,39738.5,2023-07-04,2023-07-04
3423,3423,3457,24,50,3,32136.6,04-06-2023,2023-04-06
3424,3424,3458,19,49,7,92850.0,29-07-2023,2023-07-29
3425,3425,3459,33,124,3,11310.0,2023-04-14,2023-04-14
3426,3426,3460,42,26,2,32837.7,16-01-2023,2023-01-16
3427,3427,3461,44,65,14,357808.0,2024-03-15,2024-03-15
3428,3428,3462,22,74,13,1068997.95,2023-05-27,2023-05-27
3429,3429,3463,41,79,5,314197.3,2023-02-24,2023-02-24
3430,3430,3464,35,141,11,52600.0,2024-02-11,2024-02-11
3431,3431,3465,20,130,5,20720.0,2024-11-10,2024-11-10
3432,3432,3466,9,109,6,3736.0,2023-08-15,2023-08-15
3433,3433,3467,47,58,1,108825.0,2023-05-02,2023-05-02
3434,3434,3468,6,137,10,33855.0,07-10-2023,2023-07-10
3435,3435,3469,15,22,13,512887.0,2024-11-06,2024-11-06
3436,3436,3470,35,27,15,247672.0,25-07-2023,2023-07-25
3437,3437,3471,36,91,13,1753518.0,23-02-2023,2023-02-23
3438,3438,3472,23,70,13,424289.95,2024-07-16,2024-07-16
3439,3439,3473,32,81,7,855039.0,17-11-2024,2024-11-17
3440,3440,3474,2,103,11,19681.0,2024-01-02,2024-01-02
3441,3441,3475,25,69,12,543180.0,2023-09-29,2023-09-29
3442,3442,3476,34,95,15,994764.95,15-11-2023,2023-11-15
3443,3443,3477,18,46,2,9469.6,02-01-2023,2023-02-01
3444,3444,3478,27,29,7,255572.0,2023-01-19,2023-01-19
3445,3445,3479,6,38,15,377071.15,2024-11-17,2024-11-17
3446,3446,3480,30,56,9,386899.0,2024-03-19,2024-03-19
3447,3447,3481,6,38,14,370456.0,2024-12-29,2024-12-29
3448,3448,3482,14,63,4,559831.0,2024-08-01,2024-08-01
3449,3449,3483,4,37,5,30339.0,30-11-2023,2023-11-30
3450,3450,3484,27,101,13,6024.0,2023-01-29,2023-01-29
3451,3451,3485,32,139,5,6767.8,2023-04-30,2023-04-30
3452,3452,3486,33,110,2,4991.0,21-04-2023,2023-04-21
3453,3453,3487,44,106,15,65773.0,13-02-2023,2023-02-13
3454,3454,3488,30,11,8,275362.25,29-04-2023,2023-04-29
3455,3455,3489,13,128,7,30927.25,13-11-2024,2024-11-13
3456,3456,3490,18,90,14,1051994.85,09-10-2023,2023-09-10
3457,3457,3491,24,6,3,33687.95,2023-01-17,2023-01-17
3458,3458,3492,30,113,14,61529.0,2023-10-31,2023-10-31
3459,3459,3493,33,65,7,178904.0,2023-08-09,2023-08-09
3460,3460,3494,4,20,12,370001.0,25-08-2023,2023-08-25
3461,3461,3495,27,126,9,24094.0,28-04-2023,2023-04-28
3462,3462,3496,46,140,7,20844.9,15-04-2024,2024-04-15
3463,3463,3497,8,132,1,1484.85,2024-03-02,2024-03-02
3464,3464,3498,21,49,13,163813.25,05-09-2024,2024-05-09
3465,3465,3499,6,106,9,39464.0,2024-05-31,2024-05-31
3466,3466,3500,28,73,2,286320.0,2024-05-31,2024-05-31
3467,3467,3501,25,59,7,579654.85,20-05-2023,2023-05-20
3468,3468,3502,14,2,2,27996.0,2024-10-26,2024-10-26
3469,3469,3503,22,55,1,104487.65,05-07-2024,2024-05-07
3470,3470,3504,47,149,12,13963.0,14-09-2023,2023-09-14
3471,3471,3505,26,115,12,9967.0,2024-05-19,2024-05-19
3472,3472,3506,49,13,12,88316.75,28-07-2024,2024-07-28
3473,3473,3507,16,141,9,40884.2,02-05-2023,2023-02-05
3474,3474,3508,41,49,4,50404.15,16-12-2023,2023-12-16
3475,3475,3509,10,33,7,44659.5,04-06-2024,2024-04-06
3476,3476,3510,24,123,8,22217.0,01-03-2023,2023-01-03
3477,3477,3511,35,128,14,61854.5,2024-07-24,2024-07-24
3478,3478,3512,45,10,2,64066.0,2023-05-08,2023-05-08
3479,3479,3513,35,52,5,65094.0,04-09-2024,2024-04-09
3480,3480,3514,34,13,6,46483.0,2023-11-24,2023-11-24
3481,3481,3515,42,99,6,643600.0,2023-05-01,2023-05-01
3482,3482,3516,11,5,9,202369.95,2024-02-08,2024-02-08
3483,3483,3517,10,18,8,212580.0,2024-10-10,2024-10-10
3484,3484,3518,20,150,15,24685.0,09-05-2023,2023-09-05
3485,3485,3519,33,50,8,85697.6,27-09-2023,2023-09-27
3486,3486,3520,47,19,6,93664.3,22-10-2024,2024-10-22
3487,3487,3521,3,85,9,347208.0,17-09-2024,2024-09-17
3488,3488,3522,48,4,7,23673.0,31-08-2024,2024-08-31
3489,3489,3523,24,48,9,125995.65,2023-10-11,2023-10-11
3490,3490,3524,46,88,12,580038.0,21-02-2024,2024-02-21
3491,3491,3525,32,133,6,11356.0,2023-01-02,2023-01-02
3492,3492,3526,44,54,5,577290.3,04-09-2023,2023-04-09
3493,3493,3527,4,40,11,156024.0,2023-05-07,2023-05-07
3494,3494,3528,6,122,8,10051.0,2024-04-28,2024-04-28
3495,3495,3529,38,148,4,18184.9,12-03-2023,2023-12-03
3496,3496,3530,4,73,1,136002.0,30-11-2023,2023-11-30
3497,3497,3531,12,95,2,139616.0,2024-02-05,2024-02-05
3498,3498,3532,47,67,4,343156.0,2024-07-02,2024-07-02
3499,3499,3533,38,42,12,68318.3,2024-08-03,2024-08-03
3500,3500,3534,44,30,5,153177.05,27-11-2023,2023-11-27
3501,3501,3535,3,81,10,1221485.0,2024-05-11,2024-05-11
3502,3502,3536,3,81,3,348122.75,2024-03-30,2024-03-30
3503,3503,3537,17,118,6,24596.45,2024-11-03,2024-11-03
3504,3504,3538,26,120,5,15622.0,19-11-2023,2023-11-19
3505,3505,3539,36,77,13,552102.95,23-02-2024,2024-02-23
3506,3506,3540,9,111,11,47138.0,09-04-2024,2024-09-04
3507,3507,3541,15,31,14,115964.0,11-09-2023,2023-11-09
3508,3508,3542,29,77,1,42469.75,08-01-2023,2023-08-01
3509,3509,3543,10,63,5,699788.0,2024-02-27,2024-02-27
3510,3510,3544,27,7,3,58556.0,2024-09-01,2024-09-01
3511,3511,3545,19,26,10,164190.4,07-02-2024,2024-07-02
3512,3512,3546,1,41,10,106000.0,2024-02-26,2024-02-26
3513,3513,3547,28,80,8,982101.45,2024-10-01,2024-10-01
3514,3514,3548,36,26,7,114932.9,31-01-2023,2023-01-31
3515,3515,3549,10,53,13,662886.25,2023-01-01,2023-01-01
3516,3516,3550,6,116,8,19573.8,2023-10-11,2023-10-11
3517,3517,3551,18,17,4,56155.0,2023-12-07,2023-12-07
3518,3518,3552,18,17,15,200052.9,2024-11-04,2024-11-04
3519,3519,3553,18,32,9,106895.9,17-08-2023,2023-08-17
3520,3520,3554,19,37,8,46114.9,18-01-2023,2023-01-18
3521,3521,3555,4,69,1,43001.75,26-07-2023,2023-07-26
3522,3522,3556,37,43,12,400103.9,2023-02-21,2023-02-21
3523,3523,3557,35,134,15,70764.0,05-08-2023,2023-05-08
3524,3524,3558,6,9,3,119116.0,2023-02-18,2023-02-18
3525,3525,3559,11,8,1,4984.0,2024-09-30,2024-09-30
3526,3526,3560,5,78,11,1339377.0,02-08-2023,2023-02-08
3527,3527,3561,48,127,15,23240.0,08-11-2024,2024-08-11
3528,3528,3562,30,141,6,27256.45,29-01-2024,2024-01-29
3529,3529,3563,7,29,1,36510.0,26-08-2024,2024-08-26
3530,3530,3564,37,117,10,41030.0,2023-07-07,2023-07-07
3531,3531,3565,35,106,4,17539.0,2024-01-01,2024-01-01
3532,3532,3566,49,125,14,47629.0,2024-04-28,2024-04-28
3533,3533,3567,18,78,13,1503755.0,2023-09-30,2023-09-30
3534,3534,3568,37,25,8,97012.0,21-05-2023,2023-05-21
3535,3535,3569,38,74,8,692468.0,25-10-2024,2024-10-25
3536,3536,3570,24,15,9,238543.1,2023-07-21,2023-07-21
3537,3537,3571,33,17,9,120031.55,2023-05-11,2023-05-11
3538,3538,3572,2,112,11,23990.0,21-08-2024,2024-08-21
3539,3539,3573,3,103,11,19681.0,24-09-2023,2023-09-24
3540,3540,3574,14,139,7,9974.0,31-07-2024,2024-07-31
3541,3541,3575,14,150,2,3126.45,2024-06-04,2024-06-04
3542,3542,3576,28,6,2,22458.0,2023-04-11,2023-04-11
3543,3543,3577,14,9,8,317644.0,2023-02-01,2023-02-01
3544,3544,3578,19,84,7,288768.65,23-05-2024,2024-05-23
3545,3545,3579,42,54,13,1579953.0,2023-10-27,2023-10-27
3546,3546,3580,22,13,3,23241.0,2023-12-27,2023-12-27
3547,3547,3581,39,113,5,21975.0,29-09-2024,2024-09-29
3548,3548,3582,32,61,6,159706.4,2023-04-25,2023-04-25
3549,3549,3583,28,47,12,73476.0,06-08-2024,2024-06-08
3550,3550,3584,41,117,5,19489.25,10-11-2023,2023-10-11
3551,3551,3585,35,67,12,1029469.0,25-04-2023,2023-04-25
3552,3552,3586,12,118,15,61490.65,2024-01-21,2024-01-21
3553,3553,3587,21,133,9,17034.0,19-11-2024,2024-11-19
3554,3554,3588,22,128,2,9301.0,24-04-2023,2023-04-24
3555,3555,3589,37,40,8,113472.0,21-07-2024,2024-07-21
3556,3556,3590,32,131,3,2891.0,2024-05-25,2024-05-25
3557,3557,3591,6,31,14,110165.8,2024-06-02,2024-06-02
3558,3558,3592,19,94,13,503272.95,22-04-2024,2024-04-22
3559,3559,3593,22,68,7,444866.0,2024-10-04,2024-10-04
3560,3560,3594,17,89,4,314712.0,2023-02-08,2023-02-08
3561,3561,3595,26,101,3,1320.5,2023-10-06,2023-10-06
3562,3562,3596,7,70,5,163188.15,2023-11-10,2023-11-10
3563,3563,3597,10,145,14,57853.1,24-05-2024,2024-05-24
3564,3564,3598,38,82,8,413072.0,2023-11-11,2023-11-11
3565,3565,3599,49,96,1,70621.0,12-11-2023,2023-12-11
3566,3566,3600,34,62,6,613332.0,2024-09-23,2024-09-23
3567,3567,3601,14,1,12,377596.5,29-01-2023,2023-01-29
3568,3568,3602,47,91,15,1922125.5,12-05-2024,2024-12-05
3569,3569,3603,34,31,12,94427.15,2024-12-05,2024-12-05
3570,3570,3604,40,74,7,605910.0,2023-11-29,2023-11-29
3571,3571,3605,14,24,8,185857.0,2024-03-19,2024-03-19
3572,3572,3606,11,128,11,48600.1,2024-06-03,2024-06-03
3573,3573,3607,2,12,3,8179.0,17-03-2024,2024-03-17
3574,3574,3608,3,26,9,155549.0,04-07-2023,2023-04-07
3575,3575,3609,21,38,9,238150.0,21-05-2023,2023-05-21
3576,3576,3610,33,127,5,7747.0,09-10-2023,2023-09-10
3577,3577,3611,24,48,5,69997.9,24-05-2023,2023-05-24
3578,3578,3612,34,12,1,2589.7,2023-05-26,2023-05-26
3579,3579,3613,31,148,7,31824.05,20-08-2024,2024-08-20
3580,3580,3614,21,115,9,7475.0,2024-11-14,2024-11-14
3581,3581,3615,31,74,12,986767.85,29-11-2023,2023-11-29
3582,3582,3616,17,62,15,1456663.5,13-04-2024,2024-04-13
3583,3583,3617,39,4,3,10146.0,06-06-2024,2024-06-06
3584,3584,3618,34,111,4,16283.95,26-04-2024,2024-04-26
3585,3585,3619,42,78,4,487046.0,04-07-2023,2023-04-07
3586,3586,3620,6,6,9,106382.0,01-07-2023,2023-01-07
3587,3587,3621,15,147,1,3030.0,08-04-2023,2023-08-04
3588,3588,3622,28,14,6,214866.0,19-04-2024,2024-04-19
3589,3589,3623,10,85,10,366497.65,2024-10-30,2024-10-30
3590,3590,3624,9,145,1,4132.5,2023-05-29,2023-05-29
3591,3591,3625,18,141,6,28691.0,2024-10-05,2024-10-05
3592,3592,3626,1,12,14,38167.0,2023-09-07,2023-09-07
3593,3593,3627,3,94,6,244505.0,16-07-2024,2024-07-16
3594,3594,3628,14,36,12,271217.0,13-12-2024,2024-12-13
3595,3595,3629,12,29,3,109531.0,2023-02-10,2023-02-10
3596,3596,3630,16,30,13,398260.9,03-10-2024,2024-03-10
3597,3597,3631,44,8,1,4734.8,2024-10-26,2024-10-26
3598,3598,3632,36,98,3,238083.0,2023-07-31,2023-07-31
3599,3599,3633,27,58,13,1343984.0,18-12-2024,2024-12-18
3600,3600,3634,35,36,15,339021.0,2024-06-12,2024-06-12
3601,3601,3635,46,61,13,364242.0,2023-04-13,2023-04-13
3602,3602,3636,21,46,6,29903.0,17-02-2023,2023-02-17
3603,3603,3637,26,57,8,950325.0,21-10-2024,2024-10-21
3604,3604,3638,24,15,6,159029.05,2023-01-26,2023-01-26
3605,3605,3639,20,114,6,4556.2,12-05-2024,2024-12-05
3606,3606,3640,33,5,4,89942.2,2024-03-18,2024-03-18
3607,3607,3641,15,113,11,45927.75,09-01-2023,2023-09-01
3608,3608,3642,14,121,4,14777.0,2024-11-05,2024-11-05
3609,3609,3643,39,149,7,8145.0,09-11-2023,2023-09-11
3610,3610,3644,22,134,8,37741.0,29-10-2023,2023-10-29
3611,3611,3645,38,136,8,14998.6,02-04-2023,2023-02-04
3612,3612,3646,23,145,6,26099.0,2024-08-01,2024-08-01
3613,3613,3647,25,50,6,64273.2,2024-06-13,2024-06-13
3614,3614,3648,28,63,11,1539534.0,2024-12-12,2024-12-12
3615,3615,3649,42,42,5,29964.0,06-02-2024,2024-06-02
3616,3616,3650,22,86,5,467616.0,09-07-2023,2023-09-07
3617,3617,3651,32,44,6,64841.0,13-04-2023,2023-04-13
3618,3618,3653,23,43,2,70194.0,2024-11-22,2024-11-22
3619,3619,3654,36,56,6,257933.0,2023-06-16,2023-06-16
3620,3620,3655,24,64,4,446022.0,2024-11-12,2024-11-12
3621,3621,3656,20,29,14,485587.75,2023-12-23,2023-12-23
3622,3622,3657,37,6,14,157208.85,28-10-2023,2023-10-28
3623,3623,3658,29,95,8,558464.0,05-11-2024,2024-05-11
3624,3624,3659,46,27,4,62743.7,2024-01-12,2024-01-12
3625,3625,3660,25,140,4,11911.1,2023-11-09,2023-11-09
3626,3626,3661,2,61,7,196130.0,2024-03-28,2024-03-28
3627,3627,3662,37,89,8,629424.0,2024-01-29,2024-01-29
3628,3628,3664,35,99,3,321800.0,12-11-2023,2023-12-11
3629,3629,3665,36,127,14,21691.0,2024-09-06,2024-09-06
3630,3630,3666,47,64,1,105930.7,2024-04-23,2024-04-23
3631,3631,3667,18,33,11,70179.35,26-11-2024,2024-11-26
3632,3632,3668,38,116,15,38633.0,2024-02-14,2024-02-14
3633,3633,3669,24,3,2,18048.0,29-10-2024,2024-10-29
3634,3634,3670,28,148,14,63648.1,28-05-2023,2023-05-28
3635,3635,3671,7,20,1,29291.35,27-06-2024,2024-06-27
3636,3636,3672,20,54,15,1823022.0,2024-02-04,2024-02-04
3637,3637,3673,21,140,14,41689.8,2023-01-25,2023-01-25
3638,3638,3674,27,22,8,315623.0,2023-09-23,2023-09-23
3639,3639,3675,25,122,14,18515.0,19-05-2024,2024-05-19
3640,3640,3676,47,36,4,85885.7,30-06-2024,2024-06-30
3641,3641,3677,7,66,15,179145.3,2024-08-12,2024-08-12
3642,3642,3678,25,71,12,1562089.0,31-10-2023,2023-10-31
3643,3643,3679,5,4,1,3212.9,03-08-2023,2023-03-08
3644,3644,3680,40,6,13,153663.0,2023-06-29,2023-06-29
3645,3645,3681,20,82,7,343366.1,2024-03-26,2024-03-26
3646,3646,3682,10,92,8,675291.35,2023-04-14,2023-04-14
3647,3647,3683,12,48,11,162100.0,2023-07-28,2023-07-28
3648,3648,3684,44,24,7,154493.75,2023-03-20,2023-03-20
3649,3649,3685,25,6,15,177303.0,2024-11-08,2024-11-08
3650,3650,3686,16,97,15,1928524.7,2023-03-25,2023-03-25
3651,3651,3687,44,104,3,10582.05,28-08-2024,2024-08-28
3652,3652,3688,48,115,11,9136.0,09-08-2024,2024-09-08
3653,3653,3689,6,135,8,12498.2,2023-02-18,2023-02-18
3654,3654,3690,4,139,14,18950.6,2024-03-16,2024-03-16
3655,3655,3691,45,67,1,85789.0,19-06-2024,2024-06-19
3656,3656,3692,14,138,3,12549.0,2023-03-12,2023-03-12
3657,3657,3693,7,110,7,16595.55,14-09-2023,2023-09-14
3658,3658,3694,28,118,14,60412.0,17-09-2023,2023-09-17
3659,3659,3695,38,6,1,11820.0,17-09-2024,2024-09-17
3660,3660,3696,41,127,3,4415.6,2024-10-13,2024-10-13
3661,3661,3698,22,67,14,1201047.0,07-02-2024,2024-07-02
3662,3662,3699,40,46,6,28407.85,15-11-2023,2023-11-15
3663,3663,3700,20,2,8,106385.75,2023-08-30,2023-08-30
3664,3664,3701,27,77,5,223523.0,2023-05-17,2023-05-17
3665,3665,3702,4,124,15,53721.55,2023-10-19,2023-10-19
3666,3666,3703,4,58,4,435298.0,30-01-2024,2024-01-30
3667,3667,3704,49,9,1,37720.7,2023-07-15,2023-07-15
3668,3668,3705,2,98,5,396806.0,03-11-2024,2024-03-11
3669,3669,3706,16,79,6,377036.95,24-04-2023,2023-04-24
3670,3670,3707,25,119,6,19535.0,07-10-2024,2024-07-10
3671,3671,3708,10,68,14,936559.0,12-09-2024,2024-12-09
3672,3672,3709,8,132,4,6252.0,2023-08-17,2023-08-17
3673,3673,3710,4,136,6,11841.0,2023-08-10,2023-08-10
3674,3674,3711,19,123,6,15828.9,2024-10-12,2024-10-12
3675,3675,3712,29,54,2,243070.0,2023-10-30,2023-10-30
3676,3676,3713,1,119,1,3256.0,01-03-2023,2023-01-03
3677,3677,3714,22,99,9,965400.0,24-07-2024,2024-07-24
3678,3678,3715,49,10,1,32033.0,24-03-2023,2023-03-24
3679,3679,3716,16,84,4,173696.0,2024-07-22,2024-07-22
3680,3680,3717,34,89,7,523208.7,06-09-2024,2024-06-09
3681,3681,3718,41,17,2,26674.1,2023-10-18,2023-10-18
3682,3682,3719,4,137,7,22513.1,08-08-2023,2023-08-08
3683,3683,3720,13,80,2,245525.6,2024-07-10,2024-07-10
3684,3684,3721,20,149,8,9309.0,02-02-2023,2023-02-02
3685,3685,3722,12,119,11,34023.3,2024-12-27,2024-12-27
3686,3686,3723,7,25,1,12126.0,30-12-2024,2024-12-30
3687,3687,3724,29,99,5,509516.35,11-02-2024,2024-11-02
3688,3688,3725,41,74,11,904536.8,2023-11-02,2023-11-02
3689,3689,3726,5,45,7,69326.0,03-05-2024,2024-03-05
3690,3690,3727,1,145,12,52198.0,11-03-2023,2023-11-03
3691,3691,3728,19,114,8,6074.3,24-03-2023,2023-03-24
3692,3692,3729,27,59,6,496847.15,30-03-2024,2024-03-30
3693,3693,3730,33,104,9,33417.0,2024-09-21,2024-09-21
3694,3694,3731,39,52,11,143207.75,2024-06-10,2024-06-10
3695,3695,3732,15,97,13,1671388.2,2023-12-15,2023-12-15
3696,3696,3733,41,87,3,190551.0,2024-09-25,2024-09-25
3697,3697,3734,47,128,6,27904.0,26-10-2024,2024-10-26
3698,3698,3735,41,17,9,126349.0,2023-08-11,2023-08-11
3699,3699,3736,21,111,10,40709.4,28-05-2024,2024-05-28
3700,3700,3737,23,91,1,128141.7,14-03-2024,2024-03-14
3701,3701,3738,36,103,10,17892.0,14-03-2024,2024-03-14
3702,3702,3739,4,47,2,12246.0,23-05-2024,2024-05-23
3703,3703,3740,37,86,14,1243857.8,07-08-2024,2024-07-08
3704,3704,3741,43,88,15,725047.0,01-12-2024,2024-01-12
3705,3705,3742,7,149,11,12800.0,08-02-2023,2023-08-02
3706,3706,3743,12,64,1,105930.7,2024-10-18,2024-10-18
3707,3707,3744,36,90,9,676282.2,30-11-2023,2023-11-30
3708,3708,3745,22,93,11,1105247.0,2024-06-07,2024-06-07
3709,3709,3746,27,99,2,214533.0,14-02-2023,2023-02-14
3710,3710,3747,3,42,4,23971.0,2024-11-09,2024-11-09
3711,3711,3748,1,6,1,11229.0,26-04-2024,2024-04-26
3712,3712,3749,12,117,4,15591.4,2024-03-04,2024-03-04
3713,3713,3750,3,143,8,33716.45,27-05-2024,2024-05-27
3714,3714,3751,34,4,5,16063.55,2024-11-10,2024-11-10
3715,3715,3752,6,45,14,131719.4,2024-09-16,2024-09-16
3716,3716,3753,15,58,10,1033833.7,2023-02-28,2023-02-28
3717,3717,3754,25,34,13,60731.6,30-03-2023,2023-03-30
3718,3718,3755,10,119,8,24744.65,2024-10-04,2024-10-04
3719,3719,3756,27,13,13,100712.0,2024-03-08,2024-03-08
3720,3720,3757,33,61,14,392261.0,02-09-2024,2024-02-09
3721,3721,3758,14,113,3,12525.75,2024-03-04,2024-03-04
3722,3722,3759,26,106,13,57003.0,2024-03-25,2024-03-25
3723,3723,3760,10,147,1,2878.5,06-11-2024,2024-06-11
3724,3724,3761,21,27,6,99069.0,2024-10-15,2024-10-15
3725,3725,3762,49,66,7,83600.95,2024-11-06,2024-11-06
3726,3726,3763,27,112,5,10905.0,2024-02-16,2024-02-16
3727,3727,3764,39,103,7,12524.0,05-12-2023,2023-05-12
3728,3728,3765,26,70,7,228463.6,2023-04-18,2023-04-18
3729,3729,3766,32,64,9,953372.5,2023-05-15,2023-05-15
3730,3730,3767,31,45,6,56450.9,29-01-2024,2024-01-29
3731,3731,3768,22,86,4,355388.35,2024-01-21,2024-01-21
3732,3732,3769,2,91,1,128141.7,19-02-2024,2024-02-19
3733,3733,3770,22,82,5,245261.5,2024-04-06,2024-04-06
3734,3734,3771,27,70,13,424289.95,2024-08-02,2024-08-02
3735,3735,3772,46,130,9,37297.0,2023-09-22,2023-09-22
3736,3736,3773,8,48,15,209992.75,2023-04-21,2023-04-21
3737,3737,3774,4,41,14,148400.0,2023-12-11,2023-12-11
3738,3738,3775,42,63,6,839746.0,29-08-2023,2023-08-29
3739,3739,3776,37,57,12,1354212.65,2024-06-17,2024-06-17
3740,3740,3777,5,146,14,6944.0,2024-01-24,2024-01-24
3741,3741,3778,4,13,15,110395.7,2023-01-30,2023-01-30
3742,3742,3779,35,128,5,22091.3,2024-11-05,2024-11-05
3743,3743,3780,47,126,5,13385.0,23-01-2024,2024-01-23
3744,3744,3781,21,76,2,296396.0,17-06-2024,2024-06-17
3745,3745,3782,34,61,8,224149.0,2023-11-20,2023-11-20
3746,3746,3783,26,103,4,7157.0,12-05-2024,2024-12-05
3747,3747,3784,37,127,8,11775.25,2023-07-05,2023-07-05
3748,3748,3785,24,99,2,203806.35,01-10-2023,2023-01-10
3749,3749,3786,34,5,1,22485.55,14-12-2023,2023-12-14
3750,3750,3787,35,77,13,581161.0,2023-03-27,2023-03-27
3751,3751,3788,49,10,13,416430.0,20-04-2024,2024-04-20
3752,3752,3789,39,21,10,82978.7,2023-03-09,2023-03-09
3753,3753,3790,2,2,5,69991.0,29-03-2023,2023-03-29
3754,3754,3791,38,115,10,8306.0,2023-06-21,2023-06-21
3755,3755,3792,40,14,8,272164.55,2023-05-14,2023-05-14
3756,3756,3793,22,4,2,6425.8,01-02-2023,2023-01-02
3757,3757,3794,14,64,5,529651.6,2023-12-30,2023-12-30
3758,3758,3795,43,40,9,127656.0,20-12-2024,2024-12-20
3759,3759,3796,38,92,7,590880.05,22-12-2023,2023-12-22
3760,3760,3797,2,52,13,169245.35,2024-11-13,2024-11-13
3761,3761,3798,2,122,8,10051.0,2024-11-09,2024-11-09
3762,3762,3799,13,21,11,91276.0,2024-09-23,2024-09-23
3763,3763,3800,4,45,13,128748.0,17-01-2023,2023-01-17
3764,3764,3801,30,122,9,11306.9,21-08-2024,2024-08-21
3765,3765,3802,39,9,4,158822.0,2023-08-16,2023-08-16
3766,3766,3803,34,106,12,52618.0,19-04-2024,2024-04-19
3767,3767,3804,40,61,9,239559.6,05-12-2024,2024-05-12
3768,3768,3805,37,89,2,157356.0,23-02-2024,2024-02-23
3769,3769,3806,14,54,14,1616412.65,04-03-2023,2023-04-03
3770,3770,3807,21,30,4,128991.0,2024-07-23,2024-07-23
3771,3771,3808,4,34,7,32701.85,12-03-2024,2024-12-03
3772,3772,3809,6,125,8,25856.15,2024-05-13,2024-05-13
3773,3773,3810,15,72,10,996646.0,2024-05-11,2024-05-11
3774,3774,3811,34,10,11,334744.85,16-04-2024,2024-04-16
3775,3775,3812,34,64,6,635581.35,2023-08-03,2023-08-03
3776,3776,3813,37,14,11,393922.0,02-01-2024,2024-02-01
3777,3777,3814,17,6,5,56145.95,04-07-2024,2024-04-07
3778,3778,3815,7,142,8,6280.45,21-11-2023,2023-11-21
3779,3779,3816,34,88,4,183678.7,01-12-2023,2023-01-12
3780,3780,3817,18,33,11,70179.35,2024-06-14,2024-06-14
3781,3781,3818,14,66,2,23885.85,25-11-2024,2024-11-25
3782,3782,3819,26,56,13,558854.0,2023-04-17,2023-04-17
3783,3783,3820,40,15,10,265048.1,22-11-2023,2023-11-22
3784,3784,3821,1,32,1,12502.0,06-02-2023,2023-06-02
3785,3785,3822,11,77,5,212346.85,31-03-2023,2023-03-31
3786,3786,3823,15,14,9,306185.0,31-07-2023,2023-07-31
3787,3787,3824,41,86,5,444235.2,2024-01-10,2024-01-10
3788,3788,3825,22,17,7,93357.45,28-04-2024,2024-04-28
3789,3789,3826,24,51,8,487608.4,2023-09-07,2023-09-07
3790,3790,3827,37,92,8,710833.0,2023-05-17,2023-05-17
3791,3791,3828,38,52,2,26037.6,03-07-2024,2024-03-07
3792,3792,3829,2,142,12,9917.0,2023-11-02,2023-11-02
3793,3793,3830,28,18,7,186007.0,2024-09-13,2024-09-13
3794,3794,3831,49,129,13,40337.95,2023-07-04,2023-07-04
3795,3795,3832,9,133,10,18927.0,2024-12-04,2024-12-04
3796,3796,3833,21,48,13,181994.35,2024-11-08,2024-11-08
3797,3797,3834,6,45,5,49519.0,2024-04-24,2024-04-24
3798,3798,3835,41,13,15,116206.0,2023-04-04,2023-04-04
3799,3799,3836,18,98,12,952334.0,13-01-2023,2023-01-13
3800,3800,3837,12,66,6,75430.0,07-12-2023,2023-07-12
3801,3801,3838,29,40,8,113472.0,02-05-2023,2023-02-05
3802,3802,3839,39,59,12,993694.3,27-08-2023,2023-08-27
3803,3803,3840,4,134,3,14153.0,28-01-2024,2024-01-28
3804,3804,3841,33,134,8,37741.0,2023-06-08,2023-06-08
3805,3805,3842,31,17,5,70194.0,16-03-2023,2023-03-16
3806,3806,3843,35,92,15,1266171.4,06-02-2024,2024-06-02
3807,3807,3844,33,148,10,47856.0,2023-12-22,2023-12-22
3808,3808,3845,35,143,9,37931.6,2024-03-01,2024-03-01
3809,3809,3846,3,54,4,486139.0,21-04-2023,2023-04-21
3810,3810,3847,49,53,10,536750.0,2024-08-08,2024-08-08
3811,3811,3848,9,132,8,11878.8,30-12-2024,2024-12-30
3812,3812,3849,26,52,7,95929.0,2023-07-11,2023-07-11
3813,3813,3850,5,124,13,46558.55,2023-10-26,2023-10-26
3814,3814,3851,34,119,7,21651.45,2023-09-14,2023-09-14
3815,3815,3852,21,129,15,46543.35,2024-09-17,2024-09-17
3816,3816,3853,31,112,7,14503.65,2023-02-15,2023-02-15
3817,3817,3854,13,15,11,306897.0,2023-09-27,2023-09-27
3818,3818,3855,23,46,9,42611.3,2023-07-09,2023-07-09
3819,3819,3856,28,71,15,1854980.45,2024-11-03,2024-11-03
3820,3820,3857,40,122,3,3967.0,2024-11-18,2024-11-18
3821,3821,3858,41,133,6,11356.0,08-12-2023,2023-08-12
3822,3822,3859,45,34,14,68845.0,09-09-2023,2023-09-09
3823,3823,3860,14,9,10,377202.25,09-01-2024,2024-09-01
3824,3824,3861,9,89,10,786780.0,07-07-2024,2024-07-07
3825,3825,3862,20,105,12,3714.0,2023-11-03,2023-11-03
3826,3826,3863,7,71,9,1112988.65,14-10-2023,2023-10-14
3827,3827,3864,43,23,9,95577.6,08-01-2023,2023-08-01
3828,3828,3865,12,100,1,99370.0,2023-07-13,2023-07-13
3829,3829,3866,28,150,15,24685.0,17-04-2024,2024-04-17
3830,3830,3867,30,62,3,306666.0,2024-03-24,2024-03-24
3831,3831,3868,20,118,12,49191.95,2024-09-23,2024-09-23
3832,3832,3869,37,97,14,1894691.0,20-08-2023,2023-08-20
3833,3833,3870,17,40,4,53899.2,2024-08-24,2024-08-24
3834,3834,3871,47,58,9,930449.95,2024-11-26,2024-11-26
3835,3835,3872,8,96,10,670897.6,2024-08-13,2024-08-13
3836,3836,3873,42,36,3,67804.0,2023-11-12,2023-11-12
3837,3837,3874,37,93,1,95453.15,2023-05-31,2023-05-31
3838,3838,3875,10,11,15,516305.05,2024-09-17,2024-09-17
3839,3839,3876,6,97,13,1759356.0,2023-02-21,2023-02-21
3840,3840,3877,46,105,13,4024.0,27-12-2023,2023-12-27
3841,3841,3878,36,116,5,12234.1,03-09-2024,2024-03-09
3842,3842,3879,36,33,14,94021.0,02-06-2023,2023-02-06
3843,3843,3880,29,77,14,625865.0,2023-11-23,2023-11-23
3844,3844,3881,22,17,14,186715.85,21-03-2024,2024-03-21
3845,3845,3882,24,129,15,48993.0,2023-02-17,2023-02-17
3846,3846,3883,33,30,6,193487.0,19-04-2024,2024-04-19
3847,3847,3884,19,7,1,19519.0,12-03-2024,2024-12-03
3848,3848,3885,31,106,8,33325.05,03-02-2023,2023-03-02
3849,3849,3886,30,16,11,330066.0,2023-05-13,2023-05-13
3850,3850,3887,1,85,6,231472.0,07-01-2023,2023-07-01
3851,3851,3888,30,117,9,35080.65,2024-04-02,2024-04-02
3852,3852,3889,31,69,1,45265.0,2023-08-20,2023-08-20
3853,3853,3890,26,84,4,173696.0,08-07-2024,2024-08-07
3854,3854,3891,9,40,9,127656.0,21-05-2024,2024-05-21
3855,3855,3892,17,29,15,547655.0,07-04-2024,2024-07-04
3856,3856,3893,11,134,9,42458.0,12-04-2023,2023-12-04
3857,3857,3894,31,11,7,253623.0,20-06-2023,2023-06-20
3858,3858,3895,29,49,4,50404.15,24-10-2024,2024-10-24
3859,3859,3896,30,104,2,7054.7,30-01-2024,2024-01-30
3860,3860,3897,26,36,10,226014.0,2024-09-08,2024-09-08
3861,3861,3898,42,133,8,15142.0,2023-01-27,2023-01-27
3862,3862,3899,3,114,3,2278.1,2023-07-06,2023-07-06
3863,3863,3900,13,35,4,44022.0,2023-12-23,2023-12-23
3864,3864,3901,28,70,5,171777.0,11-06-2024,2024-11-06
3865,3865,3902,43,18,15,398587.0,05-10-2024,2024-05-10
3866,3866,3903,9,45,15,148556.0,2023-12-18,2023-12-18
3867,3867,3904,43,109,11,6850.0,2023-05-03,2023-05-03
3868,3868,3905,30,58,1,103383.75,2024-05-03,2024-05-03
3869,3869,3906,31,110,15,37433.0,23-11-2023,2023-11-23
3870,3870,3907,48,133,10,18927.0,13-06-2024,2024-06-13
3871,3871,3908,44,115,15,11836.05,2024-05-09,2024-05-09
3872,3872,3909,17,130,10,41441.0,2023-09-19,2023-09-19
3873,3873,3911,39,76,15,2222973.0,07-08-2023,2023-07-08
3874,3874,3912,23,13,11,80957.1,2023-02-16,2023-02-16
3875,3875,3913,30,69,8,344014.0,09-01-2024,2024-09-01
3876,3876,3914,38,16,13,390078.0,16-06-2024,2024-06-16
3877,3877,3915,10,106,4,16662.05,27-08-2023,2023-08-27
3878,3878,3916,44,4,12,40583.0,2023-04-10,2023-04-10
3879,3879,3917,43,84,9,371274.25,2024-10-02,2024-10-02
3880,3880,3918,8,20,3,87875.0,17-12-2024,2024-12-17
3881,3881,3919,7,73,7,1002120.0,09-09-2023,2023-09-09
3882,3882,3920,2,14,10,358111.0,10-02-2023,2023-10-02
3883,3883,3921,20,133,10,18927.0,11-03-2024,2024-11-03
3884,3884,3922,33,89,5,373720.5,26-11-2023,2023-11-26
3885,3885,3923,33,34,3,14753.0,18-03-2024,2024-03-18
3886,3886,3924,35,24,7,162625.0,14-09-2024,2024-09-14
3887,3887,3925,48,43,10,350969.0,22-10-2024,2024-10-22
3888,3888,3926,17,80,15,1938358.0,2023-06-15,2023-06-15
3889,3889,3927,1,60,6,652507.0,2023-11-17,2023-11-17
3890,3890,3928,7,71,7,911218.0,2024-11-17,2024-11-17
3891,3891,3929,12,58,8,870597.0,08-04-2023,2023-08-04
3892,3892,3930,2,132,13,19303.05,13-12-2024,2024-12-13
3893,3893,3931,33,117,2,7795.7,02-04-2023,2023-02-04
3894,3894,3932,34,125,9,29088.05,02-01-2023,2023-02-01
3895,3895,3933,20,31,3,23606.55,30-06-2023,2023-06-30
3896,3896,3934,13,143,8,35491.0,15-03-2024,2024-03-15
3897,3897,3935,5,111,3,12856.0,11-10-2023,2023-11-10
3898,3898,3936,44,106,1,4385.0,2023-02-09,2023-02-09
3899,3899,3937,36,146,9,4464.0,20-06-2023,2023-06-20
3900,3900,3938,23,144,9,18930.65,2023-02-07,2023-02-07
3901,3901,3939,24,33,15,95700.15,03-03-2024,2024-03-03
3902,3902,3940,9,16,8,228045.6,2024-08-12,2024-08-12
3903,3903,3941,21,28,14,199620.0,04-11-2023,2023-04-11
3904,3904,3942,7,17,13,173378.8,07-06-2023,2023-07-06
3905,3905,3943,22,57,1,118791.0,2024-07-04,2024-07-04
3906,3906,3944,21,84,10,434239.0,13-05-2024,2024-05-13
3907,3907,3945,27,72,10,946813.7,2023-06-25,2023-06-25
3908,3908,3946,25,9,6,226321.35,31-07-2024,2024-07-31
3909,3909,3947,45,83,15,2022058.0,29-11-2023,2023-11-29
3910,3910,3948,14,121,7,24567.0,2023-11-14,2023-11-14
3911,3911,3949,9,93,13,1240890.95,15-08-2024,2024-08-15
3912,3912,3950,17,109,7,4359.0,10-10-2024,2024-10-10
3913,3913,3951,34,103,10,16997.4,2024-10-24,2024-10-24
3914,3914,3952,15,37,14,80700.6,05-05-2024,2024-05-05
3915,3915,3953,21,36,9,193242.35,2024-02-28,2024-02-28
3916,3916,3954,37,73,8,1145279.0,2024-01-20,2024-01-20
3917,3917,3955,47,89,11,865459.0,2023-04-02,2023-04-02
3918,3918,3956,41,29,6,208108.9,07-07-2023,2023-07-07
3919,3919,3957,45,105,4,1176.1,18-03-2024,2024-03-18
3920,3920,3958,5,71,12,1562089.0,08-11-2023,2023-08-11
3921,3921,3959,32,102,14,11065.6,2023-09-02,2023-09-02
3922,3922,3960,48,123,1,2638.15,2024-03-06,2024-03-06
3923,3923,3961,14,28,11,149001.8,2023-08-10,2023-08-10
3924,3924,3962,23,107,6,8626.0,27-10-2024,2024-10-27
3925,3925,3963,49,92,11,977395.0,26-08-2023,2023-08-26
3926,3926,3964,24,37,9,51878.55,11-06-2023,2023-11-06
3927,3927,3965,22,21,14,122284.0,10-12-2023,2023-10-12
3928,3928,3966,4,97,6,771409.5,2023-11-30,2023-11-30
3929,3929,3968,24,123,11,30548.0,06-09-2024,2024-06-09
3930,3930,3969,12,112,4,8724.0,23-12-2023,2023-12-23
3931,3931,3970,22,2,6,79789.55,18-08-2024,2024-08-18
3932,3932,3971,41,76,9,1333784.0,11-08-2023,2023-11-08
3933,3933,3972,15,95,10,698080.0,2023-06-03,2023-06-03
3934,3934,3973,32,6,11,123520.9,2024-08-20,2024-08-20
3935,3935,3974,38,58,6,620300.6,21-10-2024,2024-10-21
3936,3936,3975,49,79,15,992203.0,22-06-2023,2023-06-22
3937,3937,3976,5,140,14,43884.0,12-03-2023,2023-12-03
3938,3938,3977,36,78,14,1619428.9,30-12-2023,2023-12-30
3939,3939,3978,41,76,13,1830248.15,2023-03-02,2023-03-02
3940,3940,3979,11,148,9,43070.0,2023-07-01,2023-07-01
3941,3941,3980,29,52,4,52075.2,16-08-2023,2023-08-16
3942,3942,3981,26,31,6,47214.05,30-01-2024,2024-01-30
3943,3943,3982,36,42,8,47943.0,13-04-2024,2024-04-13
3944,3944,3983,42,14,8,286489.0,2023-12-23,2023-12-23
3945,3945,3984,1,75,3,93389.75,16-02-2024,2024-02-16
3946,3946,3985,14,146,2,942.4,13-03-2023,2023-03-13
3947,3947,3986,8,44,14,151296.0,2024-02-11,2024-02-11
3948,3948,3987,6,14,7,238144.1,27-07-2024,2024-07-27
3949,3949,3988,28,91,15,2023290.0,2024-02-13,2024-02-13
3950,3950,3989,46,108,7,22248.05,10-06-2023,2023-10-06
3951,3951,3991,26,102,1,790.4,2024-09-27,2024-09-27
3952,3952,3992,24,9,5,188601.6,01-09-2024,2024-01-09
3953,3953,3993,23,118,10,40993.45,2023-11-22,2023-11-22
3954,3954,3994,3,144,11,24356.0,2024-06-26,2024-06-26
3955,3955,3995,40,99,9,965400.0,26-03-2024,2024-03-26
3956,3956,3996,16,141,5,22713.55,02-07-2023,2023-02-07
3957,3957,3997,19,3,1,8572.8,2024-03-24,2024-03-24
3958,3958,3998,30,138,15,59608.7,14-11-2024,2024-11-14
3959,3959,3999,3,148,8,36369.8,2023-03-22,2023-03-22
3960,3960,4000,6,63,9,1259619.0,2023-12-14,2023-12-14
3961,3961,4001,22,34,14,65402.75,2024-10-18,2024-10-18
3962,3962,4002,11,71,15,1854980.45,2024-08-23,2024-08-23
3963,3963,4003,13,29,12,438124.0,04-09-2023,2023-04-09
3964,3964,4004,25,61,14,372647.95,2023-08-08,2023-08-08
3965,3965,4005,6,122,14,18515.0,20-05-2024,2024-05-20
3966,3966,4006,35,91,9,1153275.3,13-01-2023,2023-01-13
3967,3967,4007,30,48,5,73682.0,30-11-2023,2023-11-30
3968,3968,4008,47,94,1,40751.0,13-07-2024,2024-07-13
3969,3969,4009,7,150,13,21394.0,02-09-2024,2024-02-09
3970,3970,4010,16,63,13,1728477.5,2023-01-03,2023-01-03
3971,3971,4011,6,89,1,74744.1,2024-11-06,2024-11-06
3972,3972,4012,46,123,5,13885.0,2023-01-19,2023-01-19
3973,3973,4013,38,128,8,35345.7,2023-11-04,2023-11-04
3974,3974,4014,28,26,11,180609.25,17-12-2023,2023-12-17
3975,3975,4015,16,121,13,48026.0,14-04-2023,2023-04-14
3976,3976,4016,47,40,7,99288.0,30-08-2023,2023-08-30
3977,3977,4017,17,51,15,962385.0,2023-02-03,2023-02-03
3978,3978,4018,35,12,10,27262.0,27-05-2023,2023-05-27
3979,3979,4019,6,48,1,14736.0,2024-07-25,2024-07-25
3980,3980,4020,38,137,5,16080.65,2024-05-25,2024-05-25
3981,3981,4021,42,29,8,277478.85,2024-09-24,2024-09-24
3982,3982,4022,47,1,7,231858.0,2024-02-20,2024-02-20
3983,3983,4023,40,52,9,117170.15,2023-05-31,2023-05-31
3984,3984,4024,2,92,12,1012936.55,02-03-2023,2023-02-03
3985,3985,4025,44,127,11,16190.85,2024-04-20,2024-04-20
3986,3986,4026,42,62,3,291332.7,25-08-2024,2024-08-25
3987,3987,4027,24,28,9,121910.65,2024-12-31,2024-12-31
3988,3988,4028,25,111,1,4070.75,10-03-2024,2024-10-03
3989,3989,4029,47,15,2,55800.0,29-01-2024,2024-01-29
3990,3990,4030,41,107,5,7188.65,27-08-2023,2023-08-27
3991,3991,4031,44,95,11,729493.6,08-06-2024,2024-08-06
3992,3992,4032,35,108,2,6691.0,18-07-2023,2023-07-18
3993,3993,4033,26,104,5,17636.75,03-02-2023,2023-03-02
3994,3994,4034,5,86,8,710775.75,2023-01-02,2023-01-02
3995,3995,4035,15,51,11,670461.55,2023-07-23,2023-07-23
3996,3996,4036,23,8,8,39873.0,16-06-2024,2024-06-16
3997,3997,4037,33,40,14,188648.15,2024-09-19,2024-09-19
3998,3998,4038,18,57,6,677105.85,2024-12-21,2024-12-21
3999,3999,4039,17,127,7,10845.0,2023-12-09,2023-12-09
4000,4000,4040,37,72,13,1230858.0,04-05-2023,2023-04-05
4001,4001,4041,18,62,3,306666.0,25-04-2023,2023-04-25
4002,4002,4042,41,4,7,22489.35,2023-09-09,2023-09-09
4003,4003,4043,32,68,7,444866.0,18-04-2023,2023-04-18
4004,4004,4044,2,125,14,47629.0,30-04-2023,2023-04-30
4005,4005,4045,22,102,14,11065.6,2024-05-15,2024-05-15
4006,4006,4046,3,119,11,35814.0,2024-10-27,2024-10-27
4007,4007,4047,24,107,6,9080.0,07-08-2023,2023-07-08
4008,4008,4048,26,34,2,9343.25,10-05-2024,2024-10-05
4009,4009,4049,43,69,5,226325.0,16-09-2023,2023-09-16
4010,4010,4050,8,125,12,38783.75,20-02-2024,2024-02-20
4011,4011,4051,23,53,7,375725.0,2023-12-06,2023-12-06
4012,4012,4052,22,89,7,523208.7,2024-12-14,2024-12-14
4013,4013,4053,9,33,1,6716.0,23-08-2024,2024-08-23
4014,4014,4054,13,33,2,13432.0,2023-03-22,2023-03-22
4015,4015,4055,47,130,15,62161.0,2023-09-20,2023-09-20
4016,4016,4056,25,103,15,25496.1,11-12-2024,2024-11-12
4017,4017,4057,28,88,9,435028.0,2024-02-07,2024-02-07
4018,4018,4058,41,93,12,1205724.0,20-06-2023,2023-06-20
4019,4019,4059,49,30,1,32248.0,21-06-2023,2023-06-21
4020,4020,4060,48,67,3,244498.65,31-05-2023,2023-05-31
4021,4021,4061,19,48,5,69997.9,2023-01-26,2023-01-26
4022,4022,4062,28,135,14,21871.85,2024-02-24,2024-02-24
4023,4023,4063,20,102,6,4742.4,2024-04-15,2024-04-15
4024,4024,4064,2,105,9,2646.7,2024-05-10,2024-05-10
4025,4025,4065,21,54,11,1336883.0,2024-03-17,2024-03-17
4026,4026,4066,42,52,6,82225.0,04-07-2024,2024-04-07
4027,4027,4067,30,109,4,2366.45,2024-12-04,2024-12-04
4028,4028,4068,21,137,12,38594.7,19-11-2023,2023-11-19
4029,4029,4069,12,142,9,7066.1,2023-09-24,2023-09-24
4030,4030,4070,5,79,14,879753.2,2023-06-03,2023-06-03
4031,4031,4071,28,84,13,564510.0,03-01-2023,2023-03-01
4032,4032,4072,45,77,13,581161.0,2024-11-12,2024-11-12
4033,4033,4073,28,33,2,13432.0,02-10-2024,2024-02-10
4034,4034,4074,12,93,4,401908.0,03-05-2023,2023-03-05
4035,4035,4075,32,134,1,4718.0,08-12-2023,2023-08-12
4036,4036,4076,47,76,13,1926577.0,30-11-2023,2023-11-30
4037,4037,4077,31,29,3,104054.45,2024-06-22,2024-06-22
4038,4038,4078,29,20,3,92500.0,2024-08-24,2024-08-24
4039,4039,4079,25,95,7,488656.0,10-09-2023,2023-10-09
4040,4040,4080,23,80,11,1350388.9,24-01-2023,2023-01-24
4041,4041,4081,2,133,10,17980.65,2023-01-08,2023-01-08
4042,4042,4082,31,130,14,58017.0,2024-02-26,2024-02-26
4043,4043,4083,45,35,9,94097.5,2024-04-02,2024-04-02
4044,4044,4084,32,60,10,1033135.45,2024-06-18,2024-06-18
4045,4045,4085,45,106,13,57003.0,20-02-2024,2024-02-20
4046,4046,4086,14,35,12,132066.0,2024-05-21,2024-05-21
4047,4047,4087,9,47,5,30615.0,02-09-2023,2023-02-09
4048,4048,4088,29,38,13,326795.25,15-10-2024,2024-10-15
4049,4049,4089,16,88,10,459196.75,02-12-2024,2024-02-12
4050,4050,4090,15,52,11,143207.75,17-01-2024,2024-01-17
4051,4051,4091,26,100,4,397480.95,2024-12-20,2024-12-20
4052,4052,4092,42,134,8,37741.0,2023-07-19,2023-07-19
4053,4053,4093,36,117,12,46774.2,22-03-2024,2024-03-22
4054,4054,4094,21,74,3,259676.0,29-10-2023,2023-10-29
4055,4055,4095,34,129,14,45727.0,2023-11-08,2023-11-08
4056,4056,4096,4,10,8,243450.8,29-06-2023,2023-06-29
4057,4057,4097,12,59,4,348665.0,12-07-2023,2023-12-07
4058,4058,4098,16,95,7,488656.0,2023-06-27,2023-06-27
4059,4059,4099,9,98,5,396806.0,18-02-2023,2023-02-18
4060,4060,4100,35,74,9,779027.0,2024-08-29,2024-08-29
4061,4061,4101,17,42,10,56931.6,2023-03-10,2023-03-10
4062,4062,4102,35,54,1,121535.0,2023-10-30,2023-10-30
4063,4063,4103,27,51,9,548559.45,12-02-2023,2023-12-02
4064,4064,4104,45,45,1,9904.0,2023-10-14,2023-10-14
4065,4065,4105,9,15,5,139499.0,2023-10-19,2023-10-19
4066,4066,4106,1,71,1,130174.0,2023-07-24,2023-07-24
4067,4067,4107,49,101,14,6488.0,2023-09-05,2023-09-05
4068,4068,4108,25,61,9,239559.6,20-01-2023,2023-01-20
4069,4069,4109,48,114,13,10391.0,2023-06-02,2023-06-02
4070,4070,4110,31,52,1,13018.8,2023-12-28,2023-12-28
4071,4071,4112,47,29,7,255572.0,2024-01-07,2024-01-07
4072,4072,4113,2,72,15,1494970.0,2024-08-22,2024-08-22
4073,4073,4114,45,50,3,33828.0,20-05-2024,2024-05-20
4074,4074,4115,28,62,12,1165330.8,04-01-2024,2024-04-01
4075,4075,4116,34,65,13,332250.0,31-05-2024,2024-05-31
4076,4076,4117,47,26,11,180609.25,2024-06-29,2024-06-29
4077,4077,4118,29,130,7,29009.0,2023-10-15,2023-10-15
4078,4078,4119,3,103,10,17892.0,2023-08-22,2023-08-22
4079,4079,4120,6,130,6,24865.0,23-05-2024,2024-05-23
4080,4080,4121,46,33,8,51039.7,2023-07-01,2023-07-01
4081,4081,4122,20,118,11,47466.0,16-05-2024,2024-05-16
4082,4082,4123,11,127,6,8831.2,29-04-2023,2023-04-29
4083,4083,4124,44,101,3,1390.0,06-08-2024,2024-06-08
4084,4084,4125,43,146,8,3769.6,2023-05-23,2023-05-23
4085,4085,4126,36,85,1,36650.05,2023-10-24,2023-10-24
4086,4086,4127,44,73,3,429480.0,24-11-2024,2024-11-24
4087,4087,4128,15,119,12,37116.5,2024-10-14,2024-10-14
4088,4088,4129,35,91,4,512566.8,13-05-2023,2023-05-13
4089,4089,4130,41,73,6,816012.0,2024-11-30,2024-11-30
4090,4090,4131,36,114,12,9591.0,14-03-2024,2024-03-14
4091,4091,4132,20,40,12,161697.6,25-01-2024,2024-01-25
4092,4092,4133,36,18,10,252437.8,14-03-2024,2024-03-14
4093,4093,4135,19,9,14,555877.0,2024-03-08,2024-03-08
4094,4094,4136,30,99,1,101903.65,15-07-2023,2023-07-15
4095,4095,4137,27,92,1,88854.0,09-09-2024,2024-09-09
4096,4096,4138,19,108,15,50183.0,2023-06-12,2023-06-12
4097,4097,4139,16,148,5,23928.0,17-06-2023,2023-06-17
4098,4098,4140,23,75,3,98305.0,29-11-2024,2024-11-29
4099,4099,4141,36,141,14,63597.75,25-07-2023,2023-07-25
4100,4100,4142,45,114,13,9871.45,28-11-2024,2024-11-28
4101,4101,4143,2,141,11,52600.0,2024-09-01,2024-09-01
4102,4102,4144,40,4,2,6425.8,20-06-2023,2023-06-20
4103,4103,4145,32,76,12,1778379.0,21-05-2024,2024-05-21
4104,4104,4146,13,144,1,2214.0,26-05-2023,2023-05-26
4105,4105,4147,43,136,3,5624.0,2024-05-16,2024-05-16
4106,4106,4148,28,69,8,362120.0,23-08-2024,2024-08-23
4107,4107,4149,35,131,8,7323.55,2023-12-15,2023-12-15
4108,4108,4150,3,33,1,6716.0,01-02-2023,2023-01-02
4109,4109,4151,13,56,3,122517.7,27-05-2023,2023-05-27
4110,4110,4152,46,11,9,309782.65,09-04-2024,2024-09-04
4111,4111,4153,5,104,7,24691.45,2024-09-05,2024-09-05
4112,4112,4154,24,58,13,1414720.0,2023-03-20,2023-03-20
4113,4113,4155,12,80,5,646119.0,2024-03-08,2024-03-08
4114,4114,4156,30,40,10,141840.0,06-10-2023,2023-06-10
4115,4115,4157,31,130,9,35432.15,2023-06-28,2023-06-28
4116,4116,4158,32,49,11,145907.0,08-02-2023,2023-08-02
4117,4117,4159,31,87,15,952753.1,2023-06-04,2023-06-04
4118,4118,4160,34,139,1,1425.0,26-06-2023,2023-06-26
4119,4119,4161,33,114,3,2278.1,04-12-2024,2024-04-12
4120,4120,4162,11,92,6,533125.0,2024-10-18,2024-10-18
4121,4121,4163,22,110,14,33190.15,09-05-2023,2023-09-05
4122,4122,4164,27,35,11,121061.0,07-04-2024,2024-07-04
4123,4123,4165,16,91,10,1281417.0,31-10-2024,2024-10-31
4124,4124,4166,15,19,6,98594.0,19-03-2023,2023-03-19
4125,4125,4167,26,82,5,245261.5,10-02-2023,2023-10-02
4126,4126,4168,2,136,15,29602.0,25-04-2023,2023-04-25
4127,4127,4169,7,23,8,89429.0,2024-06-03,2024-06-03
4128,4128,4170,34,97,9,1218016.0,06-10-2024,2024-06-10
4129,4129,4171,25,146,13,6125.6,2023-10-13,2023-10-13
4130,4130,4172,44,35,6,66033.0,2023-11-16,2023-11-16
4131,4131,4173,48,37,4,24271.0,2024-01-16,2024-01-16
4132,4132,4174,14,23,7,74337.5,14-04-2024,2024-04-14
4133,4133,4175,19,139,12,17099.0,30-09-2023,2023-09-30
4134,4134,4176,14,138,11,43713.3,01-12-2023,2023-01-12
4135,4135,4177,40,82,8,413072.0,2023-02-20,2023-02-20
4136,4136,4178,49,22,9,337322.2,18-05-2024,2024-05-18
4137,4137,4179,14,117,15,61545.0,16-08-2023,2023-08-16
4138,4138,4180,19,58,4,435298.0,2023-04-18,2023-04-18
4139,4139,4181,15,115,6,4734.8,22-02-2023,2023-02-22
4140,4140,4182,35,99,15,1609000.0,2023-11-14,2023-11-14
4141,4141,4183,46,46,12,59805.0,16-09-2024,2024-09-16
4142,4142,4184,44,125,5,16159.5,2023-04-08,2023-04-08
4143,4143,4185,33,110,9,21337.0,11-11-2024,2024-11-11
4144,4144,4186,49,97,12,1542819.95,2024-06-25,2024-06-25
4145,4145,4187,13,121,4,14777.0,2023-07-04,2023-07-04
4146,4146,4188,11,77,3,134114.0,2024-08-28,2024-08-28
4147,4147,4189,9,2,3,41994.0,2023-04-14,2023-04-14
4148,4148,4190,32,94,9,348420.1,2023-04-15,2023-04-15
4149,4149,4191,46,28,3,42776.0,29-03-2024,2024-03-29
4150,4150,4192,5,25,10,121265.0,20-07-2023,2023-07-20
4151,4151,4193,26,62,13,1262441.7,2023-04-23,2023-04-23
4152,4152,4194,38,72,11,1041495.45,2023-02-13,2023-02-13
4153,4153,4195,24,137,12,40626.0,12-10-2024,2024-12-10
4154,4154,4196,46,86,9,799622.6,21-02-2024,2024-02-21
4155,4155,4197,47,124,10,35814.05,05-11-2024,2024-05-11
4156,4156,4198,4,90,5,395487.0,2023-06-12,2023-06-12
4157,4157,4199,47,33,4,26863.0,2023-11-01,2023-11-01
4158,4158,4200,12,77,5,223523.0,29-10-2024,2024-10-29
4159,4159,4201,36,103,4,7157.0,2024-05-10,2024-05-10
4160,4160,4202,25,20,12,370001.0,17-03-2023,2023-03-17
4161,4161,4203,10,104,1,3527.35,2024-10-11,2024-10-11
4162,4162,4204,4,143,5,21072.9,2023-04-04,2023-04-04
4163,4163,4205,46,83,13,1664827.5,2023-01-14,2023-01-14
4164,4164,4206,16,88,3,137758.55,2024-03-08,2024-03-08
4165,4165,4207,5,88,5,241682.0,2024-10-14,2024-10-14
4166,4166,4208,10,140,11,34480.0,07-04-2023,2023-07-04
4167,4167,4209,22,60,2,217502.0,21-09-2023,2023-09-21
4168,4168,4210,16,63,6,839746.0,2023-02-07,2023-02-07
4169,4169,4211,26,44,12,123197.9,08-02-2024,2024-08-02
4170,4170,4212,9,96,6,402538.75,01-01-2023,2023-01-01
4171,4171,4213,45,107,7,10064.3,03-08-2023,2023-03-08
4172,4172,4214,20,108,11,36801.0,15-11-2023,2023-11-15
4173,4173,4215,4,133,7,12586.55,18-12-2024,2024-12-18
4174,4174,4216,45,116,5,12878.0,19-10-2024,2024-10-19
4175,4175,4217,45,116,6,15453.0,11-02-2023,2023-11-02
4176,4176,4218,9,103,13,22096.05,12-12-2023,2023-12-12
4177,4177,4219,44,34,7,32701.85,05-06-2024,2024-05-06
4178,4178,4220,43,97,6,771409.5,2024-02-19,2024-02-19
4179,4179,4221,29,101,10,4634.0,2023-08-10,2023-08-10
4180,4180,4222,46,100,4,397480.95,2024-01-26,2024-01-26
4181,4181,4223,35,104,2,7426.0,26-12-2024,2024-12-26
4182,4182,4224,32,15,11,306897.0,17-03-2024,2024-03-17
4183,4183,4225,14,118,4,16397.0,20-12-2023,2023-12-20
4184,4184,4226,45,49,7,92850.0,2023-01-05,2023-01-05
4185,4185,4227,36,111,1,4285.0,2024-11-20,2024-11-20
4186,4186,4228,29,111,7,29997.0,2024-01-20,2024-01-20
4187,4187,4229,34,56,1,42989.0,22-07-2024,2024-07-22
4188,4188,4230,43,142,10,8264.0,2024-07-08,2024-07-08
4189,4189,4231,4,38,2,50275.9,2024-01-29,2024-01-29
4190,4190,4232,40,129,10,31028.9,25-03-2023,2023-03-25
4191,4191,4233,9,65,13,315637.5,25-12-2023,2023-12-25
4192,4192,4234,9,132,12,17818.2,09-10-2024,2024-09-10
4193,4193,4235,43,26,12,207398.0,2023-11-24,2023-11-24
4194,4194,4236,21,109,2,1182.75,20-09-2024,2024-09-20
4195,4195,4237,39,125,11,37423.0,24-08-2024,2024-08-24
4196,4196,4238,7,112,1,2071.95,13-11-2024,2024-11-13
4197,4197,4239,25,15,3,83699.0,2024-04-11,2024-04-11
4198,4198,4240,37,113,2,8790.0,12-09-2024,2024-12-09
4199,4199,4241,40,126,15,40156.0,2023-10-25,2023-10-25
4200,4200,4243,13,84,2,82505.6,2024-10-11,2024-10-11
4201,4201,4244,13,102,7,5824.0,2023-02-24,2023-02-24
4202,4202,4245,20,99,11,1120936.35,28-11-2024,2024-11-28
4203,4203,4246,28,4,9,28915.15,2024-02-29,2024-02-29
4204,4204,4247,38,2,10,132982.9,2023-08-11,2023-08-11
4205,4205,4248,2,46,13,64789.0,22-07-2024,2024-07-22
4206,4206,4249,21,144,10,22141.0,07-02-2024,2024-07-02
4207,4207,4250,49,110,3,7112.65,25-05-2023,2023-05-25
4208,4208,4251,21,44,6,64841.0,15-11-2024,2024-11-15
4209,4209,4252,33,32,8,95019.0,2024-07-07,2024-07-07
4210,4210,4253,25,42,6,35957.0,16-05-2024,2024-05-16
4211,4211,4254,16,11,5,181160.0,17-06-2024,2024-06-17
4212,4212,4255,2,39,12,355594.0,2023-11-05,2023-11-05
4213,4213,4256,3,130,12,47242.55,2024-07-17,2024-07-17
4214,4214,4257,18,5,3,71007.0,06-09-2023,2023-06-09
4215,4215,4258,36,11,10,344203.05,10-08-2023,2023-10-08
4216,4216,4259,2,150,9,14811.0,07-02-2024,2024-07-02
4217,4217,4260,7,26,2,32837.7,22-12-2024,2024-12-22
4218,4218,4261,6,50,5,53561.0,06-06-2023,2023-06-06
4219,4219,4262,18,31,15,118034.65,11-03-2023,2023-11-03
4220,4220,4263,1,74,15,1233459.1,2023-05-31,2023-05-31
4221,4221,4264,49,33,1,6380.2,27-12-2023,2023-12-27
4222,4222,4265,9,32,6,71264.25,01-09-2023,2023-01-09
4223,4223,4266,39,136,7,13123.3,2023-03-23,2023-03-23
4224,4224,4267,40,82,4,206536.0,01-01-2024,2024-01-01
4225,4225,4268,18,71,4,494661.2,2023-05-20,2023-05-20
4226,4226,4269,45,83,11,1482843.0,26-04-2024,2024-04-26
4227,4227,4270,1,80,8,982101.45,2024-05-18,2024-05-18
4228,4228,4271,6,58,9,930449.95,2024-02-27,2024-02-27
4229,4229,4272,32,37,12,72813.0,2023-05-05,2023-05-05
4230,4230,4273,25,9,12,452642.7,07-02-2024,2024-07-02
4231,4231,4274,31,122,15,19837.0,2024-02-11,2024-02-11
4232,4232,4275,46,54,13,1500955.35,2024-09-23,2024-09-23
4233,4233,4276,3,21,2,17469.0,13-12-2024,2024-12-13
4234,4234,4277,7,20,6,185001.0,2024-11-22,2024-11-22
4235,4235,4278,14,51,10,641590.0,07-12-2023,2023-07-12
4236,4236,4279,41,129,15,46543.35,2024-06-20,2024-06-20
4237,4237,4280,3,112,9,18647.55,24-06-2024,2024-06-24
4238,4238,4281,5,143,8,33716.45,08-08-2024,2024-08-08
4239,4239,4282,28,87,6,381101.05,2023-04-21,2023-04-21
4240,4240,4283,42,96,15,1006347.35,25-07-2024,2024-07-25
4241,4241,4284,46,60,1,103313.45,2023-07-23,2023-07-23
4242,4242,4285,48,119,13,40209.7,21-02-2024,2024-02-21
4243,4243,4286,33,18,7,176706.65,02-01-2023,2023-02-01
4244,4244,4287,34,50,2,22552.0,13-03-2023,2023-03-13
4245,4245,4288,40,3,8,72194.0,2023-10-25,2023-10-25
4246,4246,4289,1,144,5,10517.45,02-06-2023,2023-02-06
4247,4247,4290,40,79,13,816913.55,06-11-2023,2023-06-11
4248,4248,4291,32,8,9,42614.15,2024-04-04,2024-04-04
4249,4249,4292,10,136,13,24373.2,2023-06-17,2023-06-17
4250,4250,4293,9,79,10,661468.0,2023-03-28,2023-03-28
4251,4251,4294,7,44,5,51332.3,2023-01-01,2023-01-01
4252,4252,4295,11,56,6,257933.0,12-10-2023,2023-12-10
4253,4253,4296,32,55,15,1567317.6,29-01-2024,2024-01-29
4254,4254,4297,19,136,12,23682.0,06-04-2023,2023-06-04
4255,4255,4298,47,3,15,128594.85,17-05-2023,2023-05-17
4256,4256,4299,4,72,7,662769.4,26-08-2023,2023-08-26
4257,4257,4300,16,45,8,75268.5,2023-12-08,2023-12-08
4258,4258,4301,1,93,2,200954.0,2024-06-18,2024-06-18
4259,4259,4302,17,5,8,189352.0,12-08-2024,2024-12-08
4260,4260,4303,7,147,3,8635.5,2024-04-01,2024-04-01
4261,4261,4304,15,138,14,55634.85,12-07-2023,2023-12-07
4262,4262,4305,10,56,1,40839.55,2023-06-11,2023-06-11
4263,4263,4306,19,11,12,413043.85,2024-10-06,2024-10-06
4264,4264,4307,44,22,11,433981.0,21-09-2023,2023-09-21
4265,4265,4308,4,128,9,41856.0,02-07-2024,2024-02-07
4266,4266,4309,13,93,11,1105247.0,2024-03-30,2024-03-30
4267,4267,4310,28,9,12,476466.0,19-06-2023,2023-06-19
4268,4268,4311,35,20,4,117167.3,2024-01-31,2024-01-31
4269,4269,4312,19,51,14,898226.0,28-03-2024,2024-03-28
4270,4270,4313,44,48,4,58945.0,25-11-2024,2024-11-25
4271,4271,4314,25,119,11,35814.0,20-04-2023,2023-04-20
4272,4272,4315,36,13,15,110395.7,13-11-2024,2024-11-13
4273,4273,4316,48,126,3,7629.45,2023-05-02,2023-05-02
4274,4274,4317,34,96,8,564967.0,29-11-2024,2024-11-29
4275,4275,4318,18,52,5,65094.0,2024-12-24,2024-12-24
4276,4276,4319,1,123,1,2638.15,25-12-2023,2023-12-25
4277,4277,4320,40,3,6,54145.0,2023-01-18,2023-01-18
4278,4278,4321,18,49,11,145907.0,2023-03-26,2023-03-26
4279,4279,4322,43,94,14,541986.4,2024-11-01,2024-11-01
4280,4280,4323,39,70,1,32637.25,2023-06-10,2023-06-10
4281,4281,4324,26,106,1,4385.0,2023-12-16,2023-12-16
4282,4282,4325,32,120,3,9373.0,2023-10-29,2023-10-29
4283,4283,4326,2,126,8,21416.0,04-04-2023,2023-04-04
4284,4284,4327,24,12,7,18128.85,2024-02-19,2024-02-19
4285,4285,4328,10,106,4,16662.05,21-02-2023,2023-02-21
4286,4286,4329,17,78,1,121762.0,08-01-2024,2024-08-01
4287,4287,4330,22,103,11,19681.0,05-10-2024,2024-05-10
4288,4288,4331,11,31,5,39345.2,2023-12-01,2023-12-01
4289,4289,4332,31,48,13,181994.35,28-06-2023,2023-06-28
4290,4290,4333,6,100,7,695591.9,12-02-2024,2024-12-02
4291,4291,4334,24,13,15,110395.7,2024-10-12,2024-10-12
4292,4292,4335,29,142,11,9091.0,2024-02-08,2024-02-08
4293,4293,4336,4,12,13,33668.0,16-01-2024,2024-01-16
4294,4294,4337,9,98,13,980110.25,2024-11-29,2024-11-29
4295,4295,4338,42,18,15,378657.65,13-01-2023,2023-01-13
4296,4296,4339,35,23,5,55893.0,09-05-2024,2024-09-05
4297,4297,4340,28,82,6,309804.0,2024-02-29,2024-02-29
4298,4298,4341,29,141,8,36341.3,2023-04-08,2023-04-08
4299,4299,4342,19,28,6,81273.45,20-10-2024,2024-10-20
4300,4300,4343,36,149,13,14370.65,2024-11-07,2024-11-07
4301,4301,4344,45,109,2,1245.0,2023-11-21,2023-11-21
4302,4302,4345,47,42,13,77907.0,31-05-2023,2023-05-31
4303,4303,4346,5,19,13,213621.0,20-04-2023,2023-04-20
4304,4304,4347,44,145,13,53720.6,25-09-2024,2024-09-25
4305,4305,4348,8,1,2,62932.75,2023-09-14,2023-09-14
4306,4306,4349,26,136,3,5624.0,15-06-2024,2024-06-15
4307,4307,4350,32,140,11,34480.0,18-10-2023,2023-10-18
4308,4308,4351,49,49,8,106114.0,11-04-2024,2024-11-04
4309,4309,4352,39,111,6,25711.0,2023-09-11,2023-09-11
4310,4310,4353,21,128,2,9301.0,24-02-2023,2023-02-24
4311,4311,4354,44,97,3,406005.0,26-11-2023,2023-11-26
4312,4312,4355,12,8,15,74762.0,18-03-2024,2024-03-18
4313,4313,4356,26,74,12,986767.85,20-04-2024,2024-04-20
4314,4314,4357,8,18,3,75731.15,2023-05-29,2023-05-29
4315,4315,4358,46,73,12,1717919.0,24-12-2024,2024-12-24
4316,4316,4359,7,58,2,206766.55,12-07-2023,2023-12-07
4317,4317,4360,19,92,3,266562.0,08-10-2023,2023-08-10
4318,4318,4361,11,48,14,206309.0,2023-02-04,2023-02-04
4319,4319,4362,30,127,2,2944.05,2023-12-27,2023-12-27
4320,4320,4363,28,40,12,161697.6,2024-02-05,2024-02-05
4321,4321,4364,7,3,11,94302.7,26-08-2024,2024-08-26
4322,4322,4365,44,40,4,53899.2,19-08-2024,2024-08-19
4323,4323,4366,5,14,13,465544.0,25-11-2023,2023-11-25
4324,4324,4367,5,31,1,7868.85,04-07-2023,2023-04-07
4325,4325,4368,43,58,10,1088246.0,2023-04-16,2023-04-16
4326,4326,4369,47,84,2,86848.0,2024-12-28,2024-12-28
4327,4327,4370,48,12,8,20718.55,2023-07-11,2023-07-11
4328,4328,4371,4,47,5,30615.0,13-11-2024,2024-11-13
4329,4329,4372,13,83,12,1617647.0,2023-08-15,2023-08-15
4330,4330,4373,46,34,4,18686.5,2024-03-16,2024-03-16
4331,4331,4374,28,38,8,201104.55,29-06-2023,2023-06-29
4332,4332,4375,25,10,11,352363.0,16-12-2024,2024-12-16
4333,4333,4376,38,72,3,284044.3,2024-07-15,2024-07-15
4334,4334,4377,22,119,5,16279.0,08-02-2024,2024-08-02
4335,4335,4378,20,62,3,306666.0,2024-01-20,2024-01-20
4336,4336,4379,22,71,9,1171567.0,03-11-2024,2024-03-11
4337,4337,4380,17,21,12,104815.0,2023-11-06,2023-11-06
4338,4338,4381,38,106,1,4165.75,2024-01-20,2024-01-20
4339,4339,4382,26,127,8,12395.0,2024-12-22,2024-12-22
4340,4340,4383,49,118,13,56096.0,2023-01-11,2023-01-11
4341,4341,4384,49,4,5,16909.0,26-03-2024,2024-03-26
4342,4342,4385,8,53,15,805125.0,2023-03-23,2023-03-23
4343,4343,4386,32,88,6,275518.05,17-12-2024,2024-12-17
4344,4344,4387,42,148,2,9571.0,2023-08-25,2023-08-25
4345,4345,4388,48,79,11,727615.0,2024-05-17,2024-05-17
4346,4346,4389,2,82,6,294313.8,2023-09-24,2023-09-24
4347,4347,4390,16,77,6,254816.6,11-01-2024,2024-11-01
4348,4348,4391,8,80,10,1227626.1,27-08-2024,2024-08-27
4349,4349,4392,23,20,13,380793.25,22-06-2023,2023-06-22
4350,4350,4393,13,86,12,1066164.1,2024-03-10,2024-03-10
4351,4351,4394,49,73,2,286320.0,30-05-2024,2024-05-30
4352,4352,4395,27,128,3,13952.0,01-04-2024,2024-01-04
4353,4353,4396,46,71,2,260348.0,06-04-2024,2024-06-04
4354,4354,4397,8,43,9,300078.4,2023-08-28,2023-08-28
4355,4355,4398,40,108,4,13382.0,2024-10-20,2024-10-20
4356,4356,4399,46,29,1,34684.5,2023-11-01,2023-11-01
4357,4357,4400,10,103,10,16997.4,14-11-2024,2024-11-14
4358,4358,4401,3,67,13,1115258.0,2023-03-20,2023-03-20
4359,4359,4402,10,89,4,314712.0,2024-06-27,2024-06-27
4360,4360,4403,3,75,10,311299.8,2023-08-03,2023-08-03
4361,4361,4404,40,130,9,35432.15,2024-11-29,2024-11-29
4362,4362,4405,20,147,15,43178.45,2023-11-20,2023-11-20
4363,4363,4406,11,104,12,44556.0,2023-06-03,2023-06-03
4364,4364,4407,30,7,10,185428.6,29-03-2024,2024-03-29
4365,4365,4408,13,36,12,257656.15,2024-03-25,2024-03-25
4366,4366,4409,25,88,6,290019.0,30-09-2024,2024-09-30
4367,4367,4410,22,73,1,143160.0,18-07-2024,2024-07-18
4368,4368,4411,35,49,12,151212.45,19-08-2024,2024-08-19
4369,4369,4412,33,36,3,64413.8,19-04-2023,2023-04-19
4370,4370,4413,2,22,9,337322.2,16-11-2023,2023-11-16
4371,4371,4414,18,114,6,4796.0,07-11-2024,2024-07-11
4372,4372,4415,49,56,6,245036.35,2023-03-04,2023-03-04
4373,4373,4416,26,54,9,1093813.0,20-12-2023,2023-12-20
4374,4374,4417,23,40,14,198577.0,15-02-2023,2023-02-15
4375,4375,4418,9,91,13,1665842.1,2024-11-16,2024-11-16
4376,4376,4419,23,6,11,123520.9,2024-06-20,2024-06-20
4377,4377,4420,43,52,14,182264.15,08-05-2024,2024-08-05
4378,4378,4421,42,61,15,399265.05,2023-07-03,2023-07-03
4379,4379,4422,48,35,5,52276.6,27-05-2023,2023-05-27
4380,4380,4423,30,73,6,858960.0,2024-04-15,2024-04-15
4381,4381,4424,37,43,2,70194.0,2023-02-07,2023-02-07
4382,4382,4425,34,67,9,733495.95,2024-10-21,2024-10-21
4383,4383,4426,16,60,14,1522515.0,13-09-2024,2024-09-13
4384,4384,4427,39,130,2,8288.0,16-05-2023,2023-05-16
4385,4385,4428,26,87,2,133720.0,08-11-2023,2023-08-11
4386,4386,4429,3,82,1,49052.3,2024-05-01,2024-05-01
4387,4387,4430,24,138,7,27816.95,24-03-2023,2023-03-24
4388,4388,4431,7,108,8,25425.8,2023-04-30,2023-04-30
4389,4389,4432,31,104,7,24691.45,17-12-2024,2024-12-17
4390,4390,4433,27,103,2,3399.1,19-01-2023,2023-01-19
4391,4391,4434,19,103,2,3578.0,2024-10-20,2024-10-20
4392,4392,4435,1,42,12,68318.3,27-03-2023,2023-03-27
4393,4393,4436,15,32,14,175034.0,2023-10-24,2023-10-24
4394,4394,4437,2,49,9,119378.0,2024-05-08,2024-05-08
4395,4395,4438,12,58,1,108825.0,19-12-2023,2023-12-19
4396,4396,4439,43,134,6,28306.0,2024-11-27,2024-11-27
4397,4397,4440,38,103,2,3399.1,2024-11-07,2024-11-07
4398,4398,4441,9,43,8,266736.25,06-06-2023,2023-06-06
4399,4399,4442,23,109,7,4141.05,19-03-2023,2023-03-19
4400,4400,4443,26,138,11,43713.3,22-04-2023,2023-04-22
4401,4401,4444,28,145,9,39149.0,2023-10-18,2023-10-18
4402,4402,4445,42,115,4,3155.9,2024-04-23,2024-04-23
4403,4403,4446,4,95,10,663176.0,28-06-2023,2023-06-28
4404,4404,4447,33,43,1,33342.15,23-12-2024,2024-12-23
4405,4405,4448,19,47,9,52351.65,2024-04-16,2024-04-16
4406,4406,4449,15,10,5,160165.0,09-02-2023,2023-09-02
4407,4407,4450,43,91,4,539544.0,09-08-2023,2023-09-08
4408,4408,4451,45,41,14,148400.0,2024-07-14,2024-07-14
4409,4409,4452,15,92,3,266562.0,28-11-2024,2024-11-28
4410,4410,4453,22,118,5,21576.0,08-09-2024,2024-08-09
4411,4411,4454,25,140,12,35734.25,2024-07-13,2024-07-13
4412,4412,4455,48,84,3,123758.4,12-05-2023,2023-12-05
4413,4413,4456,21,142,9,7066.1,12-04-2024,2024-12-04
4414,4414,4457,5,118,9,38836.0,02-10-2023,2023-02-10
4415,4415,4458,17,19,2,32865.0,2023-12-28,2023-12-28
4416,4416,4459,21,149,12,13963.0,2024-03-30,2024-03-30
4417,4417,4460,33,101,4,1854.0,2024-11-04,2024-11-04
4418,4418,4461,11,95,15,994764.95,2024-04-14,2024-04-14
4419,4419,4462,29,133,6,11356.0,2023-09-16,2023-09-16
4420,4420,4463,21,56,12,515865.0,30-06-2024,2024-06-30
4421,4421,4464,38,130,9,35432.15,2023-08-26,2023-08-26
4422,4422,4465,39,74,9,779027.0,2023-12-19,2023-12-19
4423,4423,4466,20,56,3,128966.0,2024-03-12,2024-03-12
4424,4424,4467,19,63,9,1259619.0,2023-12-12,2023-12-12
4425,4425,4468,38,84,15,651358.0,2023-05-02,2023-05-02
4426,4426,4469,46,4,2,6764.0,2023-06-17,2023-06-17
4427,4427,4470,21,27,6,94115.55,28-02-2024,2024-02-28
4428,4428,4471,18,149,14,16291.0,2023-10-13,2023-10-13
4429,4429,4472,31,107,11,15814.65,2024-08-31,2024-08-31
4430,4430,4473,14,47,7,40717.95,25-07-2023,2023-07-25
4431,4431,4474,7,113,7,29226.75,11-12-2023,2023-11-12
4432,4432,4475,18,113,6,25051.5,28-01-2024,2024-01-28
4433,4433,4476,17,108,10,31783.2,13-06-2024,2024-06-13
4434,4434,4477,22,114,11,8792.0,02-06-2023,2023-02-06
4435,4435,4478,32,46,6,29903.0,2023-01-05,2023-01-05
4436,4436,4479,23,79,3,188518.95,10-08-2023,2023-10-08
4437,4437,4480,7,142,4,3306.0,10-04-2023,2023-10-04
4438,4438,4481,10,17,11,154427.0,2023-09-22,2023-09-22
4439,4439,4482,1,81,9,1099336.0,18-02-2023,2023-02-18
4440,4440,4483,2,108,9,30110.0,16-12-2024,2024-12-16
4441,4441,4485,21,134,8,35853.95,12-11-2024,2024-12-11
4442,4442,4486,49,61,10,266176.7,06-09-2023,2023-06-09
4443,4443,4487,13,16,9,270054.0,10-12-2024,2024-10-12
4444,4444,4488,36,126,7,17802.05,01-06-2023,2023-01-06
4445,4445,4489,28,33,4,26863.0,2023-11-27,2023-11-27
4446,4446,4490,15,52,15,205562.0,27-09-2024,2024-09-27
4447,4447,4491,14,60,5,543755.0,03-09-2024,2024-03-09
4448,4448,4492,2,34,15,73763.0,23-04-2023,2023-04-23
4449,4449,4493,49,44,8,86455.0,26-07-2023,2023-07-26
4450,4450,4494,26,108,15,50183.0,2023-02-17,2023-02-17
4451,4451,4495,43,85,12,462944.0,2023-05-15,2023-05-15
4452,4452,4496,1,117,11,45133.0,23-06-2023,2023-06-23
4453,4453,4497,15,88,5,241682.0,2023-05-10,2023-05-10
4454,4454,4498,21,4,15,50728.0,2023-12-01,2023-12-01
4455,4455,4499,18,112,15,31078.3,18-07-2023,2023-07-18
4456,4456,4500,20,145,10,41324.05,12-02-2023,2023-12-02
4457,4457,4501,13,100,12,1192442.85,2024-11-09,2024-11-09
4458,4458,4502,42,67,13,1115258.0,2024-05-06,2024-05-06
4459,4459,4503,26,34,12,56059.5,30-09-2024,2024-09-30
4460,4460,4504,44,54,8,972279.0,2024-06-22,2024-06-22
4461,4461,4505,35,119,7,22791.0,2023-07-05,2023-07-05
4462,4462,4506,26,23,3,33536.0,02-08-2023,2023-02-08
4463,4463,4507,30,138,2,8366.0,2023-04-17,2023-04-17
4464,4464,4508,33,71,15,1952611.0,2023-04-19,2023-04-19
4465,4465,4509,7,84,6,247515.85,23-07-2023,2023-07-23
4466,4466,4510,6,142,8,6611.0,09-09-2023,2023-09-09
4467,4467,4511,21,146,7,3472.0,2023-11-09,2023-11-09
4468,4468,4512,24,60,5,516567.25,2024-02-02,2024-02-02
4469,4469,4513,31,142,13,10205.85,20-08-2024,2024-08-20
4470,4470,4514,8,102,14,11065.6,2024-09-10,2024-09-10
4471,4471,4515,26,116,6,14680.35,2023-04-26,2023-04-26
4472,4472,4516,21,26,13,224681.0,13-11-2024,2024-11-13
4473,4473,4517,24,64,14,1483024.1,29-10-2024,2024-10-29
4474,4474,4518,25,59,6,496847.15,23-09-2024,2024-09-23
4475,4475,4519,15,67,11,943680.0,19-12-2024,2024-12-19
4476,4476,4520,17,102,15,11856.0,2023-12-08,2023-12-08
4477,4477,4521,12,37,4,24271.0,2024-12-22,2024-12-22
4478,4478,4522,33,116,14,34254.15,2023-01-11,2023-01-11
4479,4479,4523,31,75,13,404689.55,05-10-2024,2024-05-10
4480,4480,4524,7,1,2,62932.75,07-06-2024,2024-07-06
4481,4481,4525,20,140,8,25077.0,2024-06-10,2024-06-10
4482,4482,4526,4,45,9,89133.0,2023-05-14,2023-05-14
4483,4483,4527,4,106,12,49987.1,2024-01-02,2024-01-02
4484,4484,4528,13,60,2,217502.0,25-11-2023,2023-11-25
4485,4485,4529,8,144,10,22141.0,2024-11-28,2024-11-28
4486,4486,4530,37,9,14,555877.0,2023-02-13,2023-02-13
4487,4487,4531,4,118,6,25891.0,19-09-2024,2024-09-19
4488,4488,4532,43,67,1,81499.55,06-04-2023,2023-06-04
4489,4489,4533,19,39,4,112604.45,2024-06-10,2024-06-10
4490,4490,4534,37,150,6,9380.3,2024-11-09,2024-11-09
4491,4491,4535,6,67,8,686312.0,2023-04-09,2023-04-09
4492,4492,4536,27,70,15,489564.45,13-07-2023,2023-07-13
4493,4493,4537,4,147,12,34542.95,15-05-2023,2023-05-15
4494,4494,4538,36,39,12,337814.3,2024-12-22,2024-12-22
4495,4495,4539,48,88,1,45919.2,2024-10-20,2024-10-20
4496,4496,4540,6,18,8,201951.0,2023-08-15,2023-08-15
4497,4497,4541,39,72,13,1295640.0,26-05-2024,2024-05-26
4498,4498,4542,33,6,8,94562.0,11-11-2024,2024-11-11
4499,4499,4543,28,59,14,1159309.7,26-09-2024,2024-09-26
4500,4500,4544,6,51,3,182853.15,2024-10-05,2024-10-05
4501,4501,4545,33,129,1,3102.7,2023-11-21,2023-11-21
4502,4502,4546,39,49,4,53057.0,26-01-2023,2023-01-26
4503,4503,4547,2,46,11,54821.0,31-12-2023,2023-12-31
4504,4504,4548,23,125,14,47629.0,2023-11-28,2023-11-28
4505,4505,4549,44,102,5,3952.0,2024-12-02,2024-12-02
4506,4506,4550,37,7,9,166885.55,2023-02-19,2023-02-19
4507,4507,4551,18,37,11,63407.75,2023-09-02,2023-09-02
4508,4508,4552,12,116,9,22021.0,2024-08-11,2024-08-11
4509,4509,4553,29,42,11,65921.0,08-09-2024,2024-08-09
4510,4510,4554,28,59,7,579654.85,2023-03-05,2023-03-05
4511,4511,4555,38,87,12,762203.05,20-06-2023,2023-06-20
4512,4512,4556,4,26,13,224681.0,2023-06-19,2023-06-19
4513,4513,4557,29,54,6,692748.55,2024-07-29,2024-07-29
4514,4514,4558,37,17,9,126349.0,2024-06-22,2024-06-22
4515,4515,4559,29,129,15,48993.0,06-07-2023,2023-06-07
4516,4516,4560,48,122,12,15870.0,29-11-2024,2024-11-29
4517,4517,4561,22,58,7,723683.4,01-12-2023,2023-01-12
4518,4518,4562,19,37,14,80700.6,11-02-2024,2024-11-02
4519,4519,4563,13,22,15,591793.0,2023-01-28,2023-01-28
4520,4520,4564,41,81,11,1343633.0,08-03-2023,2023-08-03
4521,4521,4565,32,95,3,209424.0,02-09-2023,2023-02-09
4522,4522,4566,33,110,11,26078.45,18-12-2024,2024-12-18
4523,4523,4567,37,21,5,41489.35,2024-07-22,2024-07-22
4524,4524,4568,18,21,12,104815.0,28-02-2023,2023-02-28
4525,4525,4569,18,78,11,1272408.15,2024-11-07,2024-11-07
4526,4526,4570,18,30,10,322479.0,2023-04-29,2023-04-29
4527,4527,4571,26,108,10,31783.2,06-11-2024,2024-06-11
4528,4528,4572,27,69,7,316855.0,2023-01-10,2023-01-10
4529,4529,4573,27,49,5,63004.95,28-08-2023,2023-08-28
4530,4530,4574,29,28,14,199620.0,23-03-2023,2023-03-23
4531,4531,4575,33,74,11,904536.8,2023-07-28,2023-07-28
4532,4532,4576,38,129,4,12411.75,29-01-2024,2024-01-29
4533,4533,4577,22,80,12,1550686.0,05-05-2024,2024-05-05
4534,4534,4578,39,82,6,294313.8,16-07-2024,2024-07-16
4535,4535,4579,18,140,13,40750.0,27-02-2023,2023-02-27
4536,4536,4580,8,137,4,12864.9,05-03-2024,2024-05-03
4537,4537,4581,27,13,10,77471.0,2023-01-14,2023-01-14
4538,4538,4582,39,47,13,79598.0,2023-02-16,2023-02-16
4539,4539,4583,14,148,13,62212.0,27-01-2024,2024-01-27
4540,4540,4584,18,140,8,23823.15,30-12-2024,2024-12-30
4541,4541,4585,20,75,12,393221.0,2023-05-19,2023-05-19
4542,4542,4586,34,6,12,134750.85,2023-08-06,2023-08-06
4543,4543,4587,44,125,4,13608.0,2023-07-12,2023-07-12
4544,4544,4588,4,150,7,10944.0,31-03-2023,2023-03-31
4545,4545,4589,36,110,11,26078.45,28-12-2023,2023-12-28
4546,4546,4590,44,21,9,78611.0,01-08-2023,2023-01-08
4547,4547,4591,31,54,11,1270038.85,14-07-2023,2023-07-14
4548,4548,4592,45,139,13,18523.0,2023-09-25,2023-09-25
4549,4549,4593,35,22,5,197264.0,2023-06-30,2023-06-30
4550,4550,4594,9,82,8,392418.4,10-04-2024,2024-10-04
4551,4551,4595,27,28,5,71293.0,2024-03-02,2024-03-02
4552,4552,4596,20,124,8,28651.05,2023-05-01,2023-05-01
4553,4553,4597,16,128,12,55809.0,27-09-2023,2023-09-27
4554,4554,4598,23,38,11,276519.35,2024-09-02,2024-09-02
4555,4555,4599,24,147,9,25907.45,2023-06-17,2023-06-17
4556,4556,4600,9,131,3,2746.45,2024-12-30,2024-12-30
4557,4557,4601,36,52,11,150745.0,2023-04-24,2023-04-24
4558,4558,4602,47,131,13,12527.0,30-09-2024,2024-09-30
4559,4559,4603,45,98,1,75392.95,25-08-2024,2024-08-25
4560,4560,4604,42,50,5,56380.0,2023-04-24,2023-04-24
4561,4561,4605,36,85,8,308630.0,2023-08-08,2023-08-08
4562,4562,4606,39,119,4,12371.85,22-01-2023,2023-01-22
4563,4563,4607,17,2,14,195974.0,2024-07-15,2024-07-15
4564,4564,4608,49,22,12,449762.3,2023-09-28,2023-09-28
4565,4565,4609,11,26,3,49257.5,30-06-2023,2023-06-30
4566,4566,4610,25,46,10,49838.0,23-07-2024,2024-07-23
4567,4567,4611,39,127,6,8831.2,2023-09-19,2023-09-19
4568,4568,4612,45,52,7,95929.0,30-08-2023,2023-08-30
4569,4569,4613,21,55,1,109987.0,13-12-2023,2023-12-13
4570,4570,4614,5,52,10,137041.0,2023-03-14,2023-03-14
4571,4571,4615,17,91,10,1348860.0,2024-02-07,2024-02-07
4572,4572,4616,33,96,6,402538.75,18-05-2024,2024-05-18
4573,4573,4617,33,107,1,1437.35,05-06-2024,2024-05-06
4574,4574,4618,27,92,10,888541.0,2024-12-01,2024-12-01
4575,4575,4619,29,101,13,5722.8,01-11-2023,2023-01-11
4576,4576,4620,24,29,11,381533.3,30-10-2023,2023-10-30
4577,4577,4621,32,49,6,79586.0,2023-02-14,2023-02-14
4578,4578,4622,15,141,12,57382.0,16-09-2023,2023-09-16
4579,4579,4623,13,52,13,178153.0,04-09-2023,2023-04-09
4580,4580,4624,20,28,4,57034.0,2023-07-02,2023-07-02
4581,4581,4625,13,84,6,260543.0,16-01-2024,2024-01-16
4582,4582,4626,40,14,2,71622.0,03-08-2024,2024-03-08
4583,4583,4627,19,4,1,3212.9,2023-08-12,2023-08-12
4584,4584,4628,12,93,6,572718.9,2024-02-13,2024-02-13
4585,4585,4629,5,147,15,45451.0,2024-03-11,2024-03-11
4586,4586,4630,10,20,3,87875.0,2024-04-08,2024-04-08
4587,4587,4631,46,67,3,257367.0,2023-11-04,2023-11-04
4588,4588,4632,23,29,3,109531.0,2023-02-05,2023-02-05
4589,4589,4633,21,25,4,48506.0,31-03-2023,2023-03-31
4590,4590,4634,41,120,9,26714.0,2023-10-21,2023-10-21
4591,4591,4635,22,122,8,10580.0,2023-01-24,2023-01-24
4592,4592,4636,45,111,7,28497.15,10-08-2024,2024-10-08
4593,4593,4637,35,128,7,32555.0,2023-12-25,2023-12-25
4594,4594,4638,8,60,4,413253.8,23-05-2024,2024-05-23
4595,4595,4639,6,33,2,13432.0,2024-08-20,2024-08-20
4596,4596,4640,24,93,1,95453.15,16-09-2023,2023-09-16
4597,4597,4641,16,128,7,30927.25,2024-11-19,2024-11-19
4598,4598,4642,33,127,7,10845.0,2023-11-11,2023-11-11
4599,4599,4643,14,129,6,18617.15,2024-04-29,2024-04-29
4600,4600,4644,29,123,3,8331.0,21-09-2023,2023-09-21
4601,4601,4645,31,16,11,330066.0,15-03-2023,2023-03-15
4602,4602,4646,12,70,5,163188.15,2024-05-13,2024-05-13
4603,4603,4647,3,70,1,34355.0,2024-08-02,2024-08-02
4604,4604,4648,38,11,5,172102.0,2023-05-02,2023-05-02
4605,4605,4649,20,67,2,171578.0,2024-05-05,2024-05-05
4606,4606,4650,46,139,7,9475.3,2024-03-07,2024-03-07
4607,4607,4651,22,71,14,1822437.0,17-08-2024,2024-08-17
4608,4608,4652,15,122,3,3768.65,15-07-2023,2023-07-15
4609,4609,4653,43,80,4,491050.25,19-10-2023,2023-10-19
4610,4610,4654,21,96,10,706208.0,2023-04-09,2023-04-09
4611,4611,4655,29,73,1,143160.0,2023-09-26,2023-09-26
4612,4612,4656,44,25,7,80640.75,08-06-2023,2023-08-06
4613,4613,4657,9,25,14,161281.5,01-10-2023,2023-01-10
4614,4614,4658,34,21,4,33191.1,30-10-2024,2024-10-30
4615,4615,4659,24,40,4,56736.0,14-11-2023,2023-11-14
4616,4616,4660,19,30,14,451470.0,2024-11-04,2024-11-04
4617,4617,4661,18,46,3,14203.45,2023-03-30,2023-03-30
4618,4618,4662,25,20,12,351500.95,2023-07-27,2023-07-27
4619,4619,4663,26,90,12,901709.6,10-06-2024,2024-10-06
4620,4620,4664,30,127,2,2944.05,2024-08-13,2024-08-13
4621,4621,4665,48,69,14,633710.0,06-04-2023,2023-06-04
4622,4622,4666,14,91,5,640708.5,2024-07-28,2024-07-28
4623,4623,4667,25,23,10,111786.0,2024-08-18,2024-08-18
4624,4624,4668,42,67,10,814995.5,26-12-2024,2024-12-26
4625,4625,4669,17,41,13,137800.0,22-02-2024,2024-02-22
4626,4626,4670,16,1,15,496838.0,2023-08-30,2023-08-30
4627,4627,4671,42,114,9,6834.3,2024-03-25,2024-03-25
4628,4628,4672,2,126,6,15258.9,01-06-2024,2024-01-06
4629,4629,4673,38,148,9,43070.0,10-03-2024,2024-10-03
4630,4630,4674,6,49,6,75606.7,2024-10-30,2024-10-30
4631,4631,4675,48,56,4,171955.0,05-02-2023,2023-05-02
4632,4632,4676,30,1,10,331225.0,2023-08-22,2023-08-22
4633,4633,4677,42,51,13,792363.65,29-05-2024,2024-05-29
4634,4634,4678,18,39,14,414860.0,28-06-2023,2023-06-28
4635,4635,4679,22,147,9,27271.0,2023-09-15,2023-09-15
4636,4636,4680,25,63,6,839746.0,24-04-2024,2024-04-24
4637,4637,4681,44,97,8,1028546.95,21-04-2024,2024-04-21
4638,4638,4682,45,1,12,377596.5,2023-07-09,2023-07-09
4639,4639,4683,9,147,8,23028.95,2024-11-09,2024-11-09
4640,4640,4684,12,44,12,123197.9,2024-05-18,2024-05-18
4641,4641,4685,29,149,9,9949.35,2023-10-22,2023-10-22
4642,4642,4686,49,45,11,103493.95,12-03-2024,2024-12-03
4643,4643,4687,19,150,7,11520.0,2023-01-26,2023-01-26
4644,4644,4688,29,121,5,17547.45,11-06-2023,2023-11-06
4645,4645,4689,30,113,4,16701.0,03-08-2024,2024-03-08
4646,4646,4690,37,28,2,27091.15,06-12-2024,2024-06-12
4647,4647,4691,10,32,4,47509.5,05-07-2023,2023-05-07
4648,4648,4692,44,71,1,123665.3,2024-06-28,2024-06-28
4649,4649,4693,6,124,6,22620.0,2024-03-04,2024-03-04
4650,4650,4694,4,50,9,96409.8,15-05-2023,2023-05-15
4651,4651,4695,7,20,4,123334.0,01-03-2024,2024-01-03
4652,4652,4696,10,117,6,23387.1,01-09-2023,2023-01-09
4653,4653,4697,7,26,6,98514.05,07-09-2023,2023-07-09
4654,4654,4698,25,29,1,34684.5,02-03-2024,2024-02-03
4655,4655,4699,22,46,12,56814.75,03-11-2024,2024-03-11
4656,4656,4700,17,94,14,541986.4,18-04-2023,2023-04-18
4657,4657,4702,4,47,13,79598.0,2024-11-30,2024-11-30
4658,4658,4703,9,36,2,42942.85,2024-10-10,2024-10-10
4659,4659,4704,28,40,2,28368.0,08-08-2024,2024-08-08
4660,4660,4705,39,60,4,413253.8,09-08-2023,2023-09-08
4661,4661,4706,3,91,9,1213974.0,2023-01-10,2023-01-10
4662,4662,4707,45,61,1,26618.05,16-06-2024,2024-06-16
4663,4663,4708,3,69,8,344014.0,07-10-2024,2024-07-10
4664,4664,4709,8,112,15,32714.0,24-09-2024,2024-09-24
4665,4665,4710,29,128,4,17672.85,2023-09-04,2023-09-04
4666,4666,4711,41,54,5,607674.0,2023-09-05,2023-09-05
4667,4667,4712,28,78,2,231346.85,2023-02-02,2023-02-02
4668,4668,4713,22,16,13,370574.1,2024-02-02,2024-02-02
4669,4669,4714,47,31,14,115964.0,2024-05-19,2024-05-19
4670,4670,4715,3,70,3,103066.0,2023-11-05,2023-11-05
4671,4671,4716,38,90,14,1107363.0,17-01-2023,2023-01-17
4672,4672,4717,19,61,15,420279.0,2024-06-04,2024-06-04
4673,4673,4718,32,110,5,11854.1,2024-08-16,2024-08-16
4674,4674,4719,9,100,4,418401.0,2024-08-11,2024-08-11
4675,4675,4720,43,109,8,4732.9,2023-02-16,2023-02-16
4676,4676,4721,15,123,7,18467.05,2023-12-30,2023-12-30
4677,4677,4722,44,45,10,94085.15,2024-02-08,2024-02-08
4678,4678,4724,23,116,8,20604.0,19-09-2024,2024-09-19
4679,4679,4725,42,61,2,56037.0,04-03-2023,2023-04-03
4680,4680,4726,27,14,8,272164.55,2024-08-07,2024-08-07
4681,4681,4727,25,3,7,60010.55,10-11-2023,2023-10-11
4682,4682,4728,33,110,8,19964.0,03-03-2023,2023-03-03
4683,4683,4729,40,2,13,181976.0,12-07-2023,2023-12-07
4684,4684,4730,13,35,8,83641.8,2023-01-07,2023-01-07
4685,4685,4731,2,133,11,20820.0,2023-11-21,2023-11-21
4686,4686,4732,7,7,5,97594.0,12-09-2023,2023-12-09
4687,4687,4733,30,130,15,62161.0,17-04-2023,2023-04-17
4688,4688,4734,36,57,4,451403.9,2024-04-04,2024-04-04
4689,4689,4735,41,136,14,26247.55,2023-09-25,2023-09-25
4690,4690,4736,43,19,4,62442.55,16-02-2024,2024-02-16
4691,4691,4737,23,97,13,1759356.0,15-12-2023,2023-12-15
4692,4692,4738,49,132,5,7424.25,01-02-2024,2024-01-02
4693,4693,4739,23,144,11,24356.0,26-08-2023,2023-08-26
4694,4694,4740,48,3,4,34292.15,10-06-2023,2023-10-06
4695,4695,4741,3,118,11,47466.0,2024-11-12,2024-11-12
4696,4696,4742,27,98,11,872972.0,13-06-2024,2024-06-13
4697,4697,4743,13,142,13,10205.85,17-08-2024,2024-08-17
4698,4698,4744,16,117,4,16412.0,09-06-2023,2023-09-06
4699,4699,4745,47,64,4,423720.9,2024-05-23,2024-05-23
4700,4700,4746,45,31,11,91114.0,2024-08-13,2024-08-13
4701,4701,4747,14,27,10,165114.0,03-11-2023,2023-03-11
4702,4702,4748,48,16,11,330066.0,2024-05-08,2024-05-08
4703,4703,4749,29,101,5,2201.15,2024-09-29,2024-09-29
4704,4704,4750,20,23,5,53098.35,19-10-2024,2024-10-19
4705,4705,4751,37,66,9,107487.75,12-09-2024,2024-12-09
4706,4706,4752,24,52,5,68520.0,2023-12-09,2023-12-09
4707,4707,4753,37,51,9,577431.0,2024-05-12,2024-05-12
4708,4708,4754,36,21,4,34938.0,2023-09-14,2023-09-14
4709,4709,4755,1,145,7,30449.0,2024-01-20,2024-01-20
4710,4710,4756,36,121,7,24567.0,2024-10-07,2024-10-07
4711,4711,4757,13,31,8,66265.0,2023-02-08,2023-02-08
4712,4712,4758,3,88,8,386692.0,24-08-2024,2024-08-24
4713,4713,4759,23,65,10,242798.15,2023-11-18,2023-11-18
4714,4714,4760,34,25,8,92161.4,2023-09-21,2023-09-21
4715,4715,4761,12,21,9,74680.45,2024-07-23,2024-07-23
4716,4716,4762,41,123,6,16662.0,2024-05-20,2024-05-20
4717,4717,4763,10,144,9,19927.0,2024-01-22,2024-01-22
4718,4718,4764,45,48,9,125995.65,27-03-2023,2023-03-27
4719,4719,4765,1,44,5,54034.0,25-04-2024,2024-04-25
4720,4720,4766,30,119,1,3256.0,04-11-2023,2023-04-11
4721,4721,4767,21,77,12,536456.0,07-09-2023,2023-07-09
4722,4722,4768,6,56,4,163357.25,2024-02-19,2024-02-19
4723,4723,4769,28,35,2,20910.45,2023-05-09,2023-05-09
4724,4724,4770,28,124,4,14326.0,02-01-2023,2023-02-01
4725,4725,4771,4,10,1,32033.0,18-10-2023,2023-10-18
4726,4726,4772,2,21,9,78611.0,2023-06-26,2023-06-26
4727,4727,4773,20,52,8,104151.35,17-12-2024,2024-12-17
4728,4728,4774,25,1,1,31466.85,2024-10-19,2024-10-19
4729,4729,4775,6,55,15,1649808.0,01-03-2024,2024-01-03
4730,4730,4776,26,119,2,6186.4,2024-02-22,2024-02-22
4731,4731,4777,29,135,15,24668.0,2023-10-24,2023-10-24
4732,4732,4779,49,104,4,14852.0,08-02-2023,2023-08-02
4733,4733,4780,11,62,7,715554.0,2024-10-22,2024-10-22
4734,4734,4781,15,106,8,35079.0,2023-10-26,2023-10-26
4735,4735,4782,26,134,4,17926.5,2023-11-16,2023-11-16
4736,4736,4783,28,101,13,5722.8,2023-11-08,2023-11-08
4737,4737,4784,14,9,2,79411.0,2023-06-03,2023-06-03
4738,4738,4785,2,49,11,145907.0,2024-01-11,2024-01-11
4739,4739,4787,48,18,15,398587.0,2023-08-01,2023-08-01
4740,4740,4788,2,129,15,48993.0,30-12-2024,2024-12-30
4741,4741,4789,27,106,1,4165.75,2023-09-22,2023-09-22
4742,4742,4790,21,145,12,52198.0,28-04-2023,2023-04-28
4743,4743,4791,39,141,9,40884.2,03-03-2024,2024-03-03
4744,4744,4792,33,82,2,103268.0,17-05-2023,2023-05-17
4745,4745,4793,22,42,7,39852.5,2023-06-05,2023-06-05
4746,4746,4794,20,72,4,378726.05,2023-12-29,2023-12-29
4747,4747,4795,26,116,3,7727.0,06-03-2024,2024-06-03
4748,4748,4796,8,62,6,613332.0,2023-04-25,2023-04-25
4749,4749,4797,29,14,14,501355.0,2024-07-20,2024-07-20
4750,4750,4798,8,50,9,96409.8,2023-03-29,2023-03-29
4751,4751,4799,49,76,10,1481982.0,05-12-2023,2023-05-12
4752,4752,4800,33,17,6,84233.0,02-04-2024,2024-02-04
4753,4753,4801,28,64,9,1003550.0,2024-02-21,2024-02-21
4754,4754,4802,37,125,14,45247.55,11-04-2023,2023-11-04
4755,4755,4803,24,31,11,91114.0,2024-06-03,2024-06-03
4756,4756,4804,31,63,14,1959407.0,2024-01-03,2024-01-03
4757,4757,4805,3,78,9,1041061.3,09-04-2024,2024-09-04
4758,4758,4806,16,103,7,12524.0,2023-02-18,2023-02-18
4759,4759,4807,3,108,9,30110.0,2024-08-08,2024-08-08
4760,4760,4808,46,126,2,5354.0,06-04-2024,2024-06-04
4761,4761,4809,41,144,11,23138.2,2023-08-24,2023-08-24
4762,4762,4810,2,143,9,39928.0,2024-08-06,2024-08-06
4763,4763,4811,41,19,9,147891.0,2023-12-10,2023-12-10
4764,4764,4812,44,143,5,22182.0,08-07-2023,2023-08-07
4765,4765,4813,44,85,15,549746.0,2023-07-12,2023-07-12
4766,4766,4814,37,147,7,21211.0,2024-06-30,2024-06-30
4767,4767,4815,7,131,1,964.0,07-10-2023,2023-07-10
4768,4768,4816,22,114,2,1599.0,27-06-2023,2023-06-27
4769,4769,4817,20,69,4,172007.0,2023-07-18,2023-07-18
4770,4770,4819,28,109,3,1774.6,26-03-2024,2024-03-26
4771,4771,4820,2,21,10,82978.7,2024-04-02,2024-04-02
4772,4772,4821,11,134,7,33023.0,20-07-2024,2024-07-20
4773,4773,4822,26,50,14,149970.8,2023-03-11,2023-03-11
4774,4774,4823,30,42,8,45545.85,28-09-2024,2024-09-28
4775,4775,4824,22,1,8,251731.0,29-09-2023,2023-09-29
4776,4776,4825,35,51,15,914265.75,2024-08-31,2024-08-31
4777,4777,4826,20,102,3,2496.0,01-09-2024,2024-01-09
4778,4778,4827,34,98,1,79361.0,17-06-2024,2024-06-17
4779,4779,4828,9,131,15,13731.3,28-11-2024,2024-11-28
4780,4780,4829,1,84,6,247515.85,25-07-2023,2023-07-25
4781,4781,4831,18,31,2,15737.7,2024-03-20,2024-03-20
4782,4782,4832,38,28,10,142586.0,2023-08-11,2023-08-11
4783,4783,4833,32,93,4,381812.6,01-10-2023,2023-01-10
4784,4784,4834,10,149,5,5527.1,11-04-2024,2024-11-04
4785,4785,4835,49,60,14,1446389.25,22-07-2024,2024-07-22
4786,4786,4836,15,26,14,229866.75,29-12-2024,2024-12-29
4787,4787,4837,18,106,14,61388.0,2023-10-02,2023-10-02
4788,4788,4838,2,139,12,16244.05,2023-06-06,2023-06-06
4789,4789,4839,10,86,7,621928.9,08-10-2023,2023-08-10
4790,4790,4840,5,101,7,3081.8,14-12-2024,2024-12-14
4791,4791,4841,1,122,8,10580.0,2023-04-28,2023-04-28
4792,4792,4842,49,38,10,251380.45,2024-05-05,2024-05-05
4793,4793,4843,18,25,5,60632.0,11-10-2024,2024-11-10
4794,4794,4844,22,5,12,284028.0,01-11-2023,2023-01-11
4795,4795,4845,29,47,6,36738.0,2024-11-26,2024-11-26
4796,4796,4846,40,19,6,93664.3,2024-09-13,2024-09-13
4797,4797,4847,17,15,9,238543.1,02-10-2024,2024-02-10
4798,4798,4848,39,53,11,560903.75,23-09-2024,2024-09-23
4799,4799,4849,35,93,12,1145437.8,21-12-2024,2024-12-21
4800,4800,4850,22,25,5,57600.4,2024-05-31,2024-05-31
4801,4801,4851,20,70,10,326376.3,19-06-2023,2023-06-19
4802,4802,4852,24,92,5,444270.0,18-10-2024,2024-10-18
4803,4803,4853,38,28,7,99810.0,2023-10-06,2023-10-06
4804,4804,4854,26,20,14,431668.0,2023-10-25,2023-10-25
4805,4805,4855,9,12,8,21809.0,2024-11-20,2024-11-20
4806,4806,4856,10,113,7,29226.75,02-11-2024,2024-02-11
4807,4807,4857,17,14,1,34020.45,2024-01-26,2024-01-26
4808,4808,4858,47,39,14,414860.0,30-11-2023,2023-11-30
4809,4809,4859,46,136,12,22497.9,06-09-2023,2023-06-09
4810,4810,4860,44,74,13,1068997.95,19-03-2024,2024-03-19
4811,4811,4861,38,105,2,588.05,05-12-2023,2023-05-12
4812,4812,4862,14,85,6,219898.4,01-02-2024,2024-01-02
4813,4813,4863,37,92,2,177708.0,2024-03-25,2024-03-25
4814,4814,4864,10,143,2,8873.0,16-12-2023,2023-12-16
4815,4815,4865,12,80,4,491050.25,22-11-2024,2024-11-22
4816,4816,4866,37,86,9,841708.0,2023-10-08,2023-10-08
4817,4817,4867,30,18,6,151463.25,2024-11-26,2024-11-26
4818,4818,4868,34,104,9,33417.0,2023-05-08,2023-05-08
4819,4819,4869,27,143,6,26619.0,2023-04-06,2023-04-06
4820,4820,4870,33,41,14,148400.0,2023-05-16,2023-05-16
4821,4821,4871,2,95,6,397905.6,2023-05-28,2023-05-28
4822,4822,4872,24,108,11,34960.95,25-02-2023,2023-02-25
4823,4823,4873,39,18,13,345442.0,2024-06-21,2024-06-21
4824,4824,4874,6,5,1,23669.0,04-01-2023,2023-04-01
4825,4825,4875,28,53,13,697775.0,2024-12-10,2024-12-10
4826,4826,4876,4,53,3,161025.0,2024-12-18,2024-12-18
4827,4827,4877,26,146,14,6944.0,14-04-2024,2024-04-14
4828,4828,4878,29,7,5,97594.0,2023-06-28,2023-06-28
4829,4829,4879,42,48,12,167994.2,2023-09-01,2023-09-01
4830,4830,4880,47,105,4,1176.1,2023-12-30,2023-12-30
4831,4831,4881,20,36,10,214713.3,2023-09-04,2023-09-04
4832,4832,4882,8,5,13,292312.15,25-03-2023,2023-03-25
4833,4833,4883,17,133,15,28391.0,2024-03-10,2024-03-10
4834,4834,4884,17,16,7,210042.0,07-07-2023,2023-07-07
4835,4835,4885,3,87,13,869179.0,24-06-2024,2024-06-24
4836,4836,4886,12,22,9,337322.2,25-01-2024,2024-01-25
4837,4837,4887,10,95,15,994764.95,2023-08-08,2023-08-08
4838,4838,4888,19,110,8,18965.8,2023-03-04,2023-03-04
4839,4839,4889,23,10,7,224231.0,2024-04-05,2024-04-05
4840,4840,4890,32,135,15,23434.6,2023-11-07,2023-11-07
4841,4841,4891,1,19,11,180756.0,2024-09-16,2024-09-16
4842,4842,4892,8,13,8,58878.15,2023-11-19,2023-11-19
4843,4843,4893,6,120,2,5936.55,05-05-2024,2024-05-05
4844,4844,4894,25,80,7,859338.65,27-11-2024,2024-11-27
4845,4845,4895,23,98,13,1031695.0,2023-03-08,2023-03-08
4846,4846,4896,43,57,7,831534.0,2023-10-17,2023-10-17
4847,4847,4897,26,85,8,293198.5,2024-09-09,2024-09-09
4848,4848,4898,28,66,4,50287.0,2023-12-18,2023-12-18
4849,4849,4899,33,24,8,185857.0,2023-05-24,2023-05-24
4850,4850,4900,38,55,8,835903.1,2024-05-30,2024-05-30
4851,4851,4901,4,112,9,18647.55,2024-03-27,2024-03-27
4852,4852,4902,1,95,1,69808.0,22-02-2024,2024-02-22
4853,4853,4903,11,56,14,571750.85,2024-11-15,2024-11-15
4854,4854,4904,42,103,1,1699.55,2024-03-29,2024-03-29
4855,4855,4906,27,24,7,154493.75,16-03-2023,2023-03-16
4856,4856,4907,36,93,15,1431797.25,22-02-2024,2024-02-22
4857,4857,4908,6,71,3,370995.9,2023-09-07,2023-09-07
4858,4858,4909,5,146,4,1884.8,2024-11-09,2024-11-09
4859,4859,4910,4,125,13,42015.65,09-03-2023,2023-09-03
4860,4860,4911,8,8,11,54826.0,2024-01-15,2024-01-15
4861,4861,4912,7,143,14,59004.5,20-12-2024,2024-12-20
4862,4862,4913,29,81,8,928328.6,2023-07-24,2023-07-24
4863,4863,4914,48,144,6,13285.0,2024-11-16,2024-11-16
4864,4864,4915,1,4,5,16909.0,02-12-2024,2024-02-12
4865,4865,4916,19,27,7,115580.0,2024-04-21,2024-04-21
4866,4866,4917,48,76,10,1407882.9,03-07-2023,2023-03-07
4867,4867,4918,23,5,13,292312.15,2023-09-07,2023-09-07
4868,4868,4919,3,64,12,1271163.65,2023-01-28,2023-01-28
4869,4869,4920,19,105,12,3714.0,12-01-2023,2023-12-01
4870,4870,4921,28,138,9,35764.65,23-10-2023,2023-10-23
4871,4871,4922,25,126,1,2677.0,24-06-2023,2023-06-24
4872,4872,4923,23,14,3,102061.35,07-12-2023,2023-07-12
4873,4873,4924,14,123,12,33325.0,2024-01-04,2024-01-04
4874,4874,4925,28,144,7,15499.0,2024-07-11,2024-07-11
4875,4875,4926,14,105,12,3714.0,2024-07-19,2024-07-19
4876,4876,4927,21,88,4,183678.7,2024-05-24,2024-05-24
4877,4877,4928,40,81,9,1044369.2,2024-01-06,2024-01-06
4878,4878,4929,8,73,11,1496021.05,2023-01-05,2023-01-05
4879,4879,4930,2,106,10,41656.55,26-04-2024,2024-04-26
4880,4880,4931,40,27,3,49534.0,19-07-2023,2023-07-19
4881,4881,4932,34,102,11,9152.0,17-03-2024,2024-03-17
4882,4882,4933,45,51,12,731412.6,15-02-2024,2024-02-15
4883,4883,4934,23,103,11,18696.95,2024-07-16,2024-07-16
4884,4884,4935,18,31,9,74548.0,06-12-2024,2024-06-12
4885,4885,4936,16,133,1,1893.0,16-08-2024,2024-08-16
4886,4886,4937,12,63,7,930718.8,16-08-2024,2024-08-16
4887,4887,4938,19,87,1,63517.0,18-01-2023,2023-01-18
4888,4888,4939,5,113,9,37577.25,05-05-2023,2023-05-05
4889,4889,4941,45,72,14,1395305.0,2024-05-31,2024-05-31
4890,4890,4942,21,80,12,1550686.0,04-09-2023,2023-04-09
4891,4891,4943,41,139,3,4275.0,02-04-2023,2023-02-04
4892,4892,4944,14,79,5,314197.3,2023-12-05,2023-12-05
4893,4893,4945,47,127,14,20606.45,14-02-2023,2023-02-14
4894,4894,4946,9,59,15,1307492.0,13-06-2023,2023-06-13
4895,4895,4947,18,51,10,609510.5,06-11-2023,2023-06-11
4896,4896,4948,5,71,12,1562089.0,19-03-2024,2024-03-19
4897,4897,4949,3,94,2,77426.9,2023-12-29,2023-12-29
4898,4898,4950,35,47,10,61230.0,20-11-2023,2023-11-20
4899,4899,4951,15,74,4,346234.0,20-03-2024,2024-03-20
4900,4900,4952,23,80,6,775343.0,07-07-2024,2024-07-07
4901,4901,4953,43,125,3,10206.0,2023-06-23,2023-06-23
4902,4902,4954,45,42,1,5693.35,2024-07-29,2024-07-29
4903,4903,4955,33,65,13,315637.5,23-04-2024,2024-04-23
4904,4904,4956,4,137,6,20313.0,2024-12-30,2024-12-30
4905,4905,4957,31,7,8,148342.5,2023-08-26,2023-08-26
4906,4906,4958,19,130,9,35432.15,2024-02-01,2024-02-01
4907,4907,4959,28,115,5,4153.0,13-06-2024,2024-06-13
4908,4908,4960,22,108,12,40147.0,19-07-2023,2023-07-19
4909,4909,4961,4,143,10,42145.8,10-09-2023,2023-10-09
4910,4910,4962,2,28,7,99810.0,03-04-2024,2024-03-04
4911,4911,4963,2,122,5,6612.0,21-05-2024,2024-05-21
4912,4912,4964,32,87,4,267440.0,08-08-2024,2024-08-08
4913,4913,4965,13,59,4,348665.0,24-01-2023,2023-01-24
4914,4914,4966,29,142,6,4958.0,07-08-2023,2023-07-08
4915,4915,4967,29,69,8,344014.0,2024-05-21,2024-05-21
4916,4916,4968,49,80,14,1809134.0,15-03-2023,2023-03-15
4917,4917,4969,24,125,5,17010.0,2023-04-01,2023-04-01
4918,4918,4970,48,101,15,6603.45,12-08-2023,2023-12-08
4919,4919,4971,14,141,14,63597.75,24-12-2023,2023-12-24
4920,4920,4972,21,74,1,86559.0,18-05-2023,2023-05-18
4921,4921,4973,25,36,14,300598.05,19-10-2023,2023-10-19
4922,4922,4974,45,85,10,385787.0,24-02-2024,2024-02-24
4923,4923,4975,28,89,1,78678.0,26-03-2024,2024-03-26
4924,4924,4976,30,25,13,149761.8,2024-11-16,2024-11-16
4925,4925,4977,15,100,15,1569004.0,2023-04-06,2023-04-06
4926,4926,4978,4,94,11,425846.05,16-01-2023,2023-01-16
4927,4927,4979,33,5,4,94676.0,2023-06-24,2023-06-24
4928,4928,4980,7,134,14,66047.0,2023-10-06,2023-10-06
4929,4929,4981,48,14,15,537166.0,2024-01-12,2024-01-12
4930,4930,4982,26,124,11,39395.55,2023-02-25,2023-02-25
4931,4931,4983,44,81,11,1343633.0,2024-04-08,2024-04-08
4932,4932,4984,24,36,8,180811.0,07-05-2024,2024-07-05
4933,4933,4985,46,16,8,228045.6,28-01-2024,2024-01-28
4934,4934,4986,27,147,4,11514.0,25-02-2024,2024-02-25
4935,4935,4987,16,50,6,64273.2,13-05-2023,2023-05-13
4936,4936,4988,45,134,8,37741.0,28-02-2023,2023-02-28
4937,4937,4989,24,57,14,1579914.6,05-12-2023,2023-05-12
4938,4938,4990,27,2,2,26596.2,18-08-2024,2024-08-18
4939,4939,4991,16,74,3,246692.2,21-11-2024,2024-11-21
4940,4940,4992,43,104,1,3527.35,2024-10-16,2024-10-16
4941,4941,4993,45,86,5,444235.2,16-07-2024,2024-07-16
4942,4942,4994,38,131,7,6745.0,31-03-2023,2023-03-31
4943,4943,4995,47,108,15,47673.85,2023-10-07,2023-10-07
4944,4944,4996,24,29,9,328593.0,02-01-2023,2023-02-01
4945,4945,4997,23,133,1,1893.0,01-01-2023,2023-01-01
4946,4946,4998,7,112,1,2181.0,13-06-2023,2023-06-13
4947,4947,4999,35,58,1,108825.0,27-11-2023,2023-11-27
4948,4948,5000,27,130,15,59052.95,2023-04-17,2023-04-17
4949,4949,5001,10,41,11,110770.0,2024-09-07,2024-09-07
4950,4950,5002,7,93,12,1145437.8,2024-04-30,2024-04-30
4951,4951,5003,47,122,3,3967.0,03-12-2024,2024-03-12
4952,4952,5005,8,138,8,31790.8,2023-04-25,2023-04-25
4953,4953,5006,30,7,11,203970.7,2023-05-21,2023-05-21
4954,4954,5007,20,11,8,289855.0,2024-04-20,2024-04-20
4955,4955,5008,21,122,14,17589.25,08-11-2024,2024-08-11
4956,4956,5009,20,47,11,67353.0,03-07-2024,2024-03-07
4957,4957,5010,8,27,5,82557.0,07-05-2023,2023-07-05
4958,4958,5011,13,26,1,16418.85,04-03-2024,2024-04-03
4959,4959,5012,7,105,3,882.55,2024-08-10,2024-08-10
4960,4960,5013,25,51,9,577431.0,24-08-2024,2024-08-24
4961,4961,5014,19,138,6,25098.0,2024-08-23,2024-08-23
4962,4962,5015,49,133,15,28391.0,14-02-2024,2024-02-14
4963,4963,5016,38,48,11,162100.0,2024-03-08,2024-03-08
4964,4964,5017,47,11,4,137681.6,2023-12-29,2023-12-29
4965,4965,5018,32,33,1,6380.2,2024-05-28,2024-05-28
4966,4966,5019,41,109,8,4982.0,20-12-2024,2024-12-20
4967,4967,5020,42,14,1,35811.0,31-08-2024,2024-08-31
4968,4968,5021,16,107,13,18690.3,05-06-2024,2024-05-06
4969,4969,5022,28,19,8,131459.0,2024-11-30,2024-11-30
4970,4970,5023,25,126,4,10172.6,13-03-2024,2024-03-13
4971,4971,5024,21,21,15,124467.1,2024-09-06,2024-09-06
4972,4972,5025,12,65,4,97119.45,21-07-2024,2024-07-21
4973,4973,5026,3,113,4,16701.0,2023-04-01,2023-04-01
4974,4974,5027,15,42,15,89893.0,2024-02-24,2024-02-24
4975,4975,5028,23,103,4,6799.15,2024-06-12,2024-06-12
4976,4976,5029,23,110,14,34937.0,18-02-2024,2024-02-18
4977,4977,5030,2,123,13,36102.0,31-10-2024,2024-10-31
4978,4978,5031,24,55,13,1358342.3,22-07-2023,2023-07-22
4979,4979,5032,48,88,9,435028.0,04-09-2024,2024-04-09
4980,4980,5033,47,131,11,10599.0,11-10-2024,2024-11-10
4981,4981,5034,27,129,14,45727.0,2023-11-14,2023-11-14
4982,4982,5035,2,2,14,186175.3,31-08-2024,2024-08-31
4983,4983,5036,36,119,2,6186.4,12-04-2023,2023-12-04
4984,4984,5037,13,67,2,162999.1,18-12-2024,2024-12-18
4985,4985,5038,33,93,7,668172.05,2024-06-25,2024-06-25
4986,4986,5039,37,127,8,12395.0,02-05-2023,2023-02-05
4987,4987,5040,19,102,1,832.0,11-02-2024,2024-11-02
4988,4988,5041,41,42,1,5693.35,2023-06-06,2023-06-06
4989,4989,5042,9,82,5,245261.5,2023-06-17,2023-06-17
4990,4990,5043,39,45,12,112902.75,03-07-2023,2023-03-07
4991,4991,5044,39,35,8,88044.0,09-01-2023,2023-09-01
4992,4992,5045,45,28,9,121910.65,18-09-2023,2023-09-18
4993,4993,5046,7,111,2,8141.5,01-11-2024,2024-01-11
4994,4994,5047,9,27,1,16511.0,05-07-2023,2023-05-07
4995,4995,5048,36,122,3,3768.65,02-09-2023,2023-02-09
4996,4996,5049,42,88,4,183678.7,2023-08-08,2023-08-08
4997,4997,5050,8,98,14,1111056.0,2023-02-11,2023-02-11
4998,4998,5051,16,35,4,41820.9,2023-04-23,2023-04-23
4999,4999,5052,30,112,8,16575.6,2024-03-26,2024-03-26
5000,5000,5053,7,126,4,10172.6,02-08-2023,2023-02-08
5001,5001,5054,33,74,14,1151229.0,2023-04-04,2023-04-04
5002,5002,5055,20,52,3,41112.0,2024-07-16,2024-07-16
5003,5003,5056,13,118,11,45092.7,16-09-2023,2023-09-16
5004,5004,5057,37,5,7,165683.0,29-06-2024,2024-06-29
5005,5005,5058,23,115,13,10798.0,10-01-2024,2024-10-01
5006,5006,5059,12,61,5,133088.35,29-05-2023,2023-05-29
5007,5007,5060,39,33,6,40295.0,14-01-2023,2023-01-14
5008,5008,5061,45,141,15,71727.0,24-12-2023,2023-12-24
5009,5009,5062,27,133,3,5394.1,07-02-2023,2023-07-02
5010,5010,5064,18,60,3,326253.0,2024-05-19,2024-05-19
5011,5011,5065,37,94,9,348420.1,16-12-2023,2023-12-16
5012,5012,5066,24,105,5,1470.6,04-11-2024,2024-04-11
5013,5013,5067,15,106,1,4385.0,2023-06-11,2023-06-11
5014,5014,5068,9,76,14,2074775.0,2023-07-07,2023-07-07
5015,5015,5069,27,23,10,111786.0,17-10-2024,2024-10-17
5016,5016,5070,42,65,5,127788.0,15-10-2023,2023-10-15
5017,5017,5071,22,125,8,25856.15,2023-05-16,2023-05-16
5018,5018,5072,9,71,11,1431915.0,06-02-2024,2024-06-02
5019,5019,5073,21,136,12,23682.0,27-06-2024,2024-06-27
5020,5020,5074,5,85,2,77157.0,15-06-2024,2024-06-15
5021,5021,5075,25,60,15,1631266.0,2023-12-07,2023-12-07
5022,5022,5076,7,93,3,301431.0,23-06-2024,2024-06-23
5023,5023,5077,30,102,3,2496.0,2023-02-18,2023-02-18
5024,5024,5078,30,9,6,238233.0,2024-05-12,2024-05-12
5025,5025,5079,1,41,8,84800.0,2024-10-12,2024-10-12
5026,5026,5080,16,124,2,7163.0,2024-04-22,2024-04-22
5027,5027,5081,36,82,5,258170.0,2023-07-20,2023-07-20
5028,5028,5082,1,144,6,12620.75,09-01-2023,2023-09-01
5029,5029,5083,6,34,3,14753.0,2024-09-06,2024-09-06
5030,5030,5084,20,25,2,24253.0,15-09-2023,2023-09-15
5031,5031,5085,8,84,12,521087.0,17-06-2024,2024-06-17
5032,5032,5086,39,105,8,2476.0,2024-03-21,2024-03-21
5033,5033,5087,20,21,12,104815.0,21-08-2024,2024-08-21
5034,5034,5088,22,70,10,326376.3,2023-09-04,2023-09-04
5035,5035,5089,30,82,2,98104.6,2023-02-28,2023-02-28
5036,5036,5090,48,140,14,43884.0,2024-09-28,2024-09-28
5037,5037,5091,15,28,10,135456.7,23-09-2024,2024-09-23
5038,5038,5092,21,29,2,73021.0,05-03-2023,2023-05-03
5039,5039,5093,18,15,1,26505.0,01-11-2023,2023-01-11
5040,5040,5094,40,127,10,15494.0,11-05-2024,2024-11-05
5041,5041,5095,6,137,4,12864.9,2024-11-17,2024-11-17
5042,5042,5096,43,123,7,18467.05,04-03-2023,2023-04-03
5043,5043,5097,35,93,8,803816.0,2024-07-11,2024-07-11
5044,5044,5098,43,142,8,6611.0,2023-05-12,2023-05-12
5045,5045,5099,15,129,8,24823.5,2023-09-01,2023-09-01
5046,5046,5100,43,135,3,4934.0,05-12-2024,2024-05-12
5047,5047,5101,20,120,13,38587.1,2023-05-27,2023-05-27
5048,5048,5102,17,82,6,294313.8,2023-09-11,2023-09-11
5049,5049,5103,41,70,2,68711.0,2023-01-26,2023-01-26
5050,5050,5104,18,43,12,421162.0,08-10-2024,2024-08-10
5051,5051,5105,4,5,9,202369.95,2023-10-28,2023-10-28
5052,5052,5106,23,66,7,83600.95,2023-06-30,2023-06-30
5053,5053,5107,39,81,2,244297.0,2024-07-30,2024-07-30
5054,5054,5108,21,55,4,417951.55,09-08-2024,2024-09-08
5055,5055,5109,38,93,4,401908.0,2024-06-28,2024-06-28
5056,5056,5110,18,71,8,989322.4,09-04-2023,2023-09-04
5057,5057,5111,29,47,4,23267.4,24-07-2023,2023-07-24
5058,5058,5112,12,76,11,1630181.0,14-11-2023,2023-11-14
5059,5059,5113,32,116,3,7727.0,14-11-2024,2024-11-14
5060,5060,5114,22,8,4,19937.0,04-02-2024,2024-04-02
5061,5061,5115,18,140,12,37615.0,13-06-2023,2023-06-13
5062,5062,5117,35,126,11,29448.0,2024-05-06,2024-05-06
5063,5063,5118,11,130,8,31495.35,2023-12-23,2023-12-23
5064,5064,5119,24,76,13,1830248.15,30-07-2024,2024-07-30
5065,5065,5120,3,15,12,318057.15,2023-01-29,2023-01-29
5066,5066,5121,27,61,11,308205.0,2023-01-02,2023-01-02
5067,5067,5122,32,145,15,61985.6,2023-08-29,2023-08-29
5068,5068,5123,47,66,1,11943.4,22-11-2023,2023-11-22
5069,5069,5124,39,72,15,1494970.0,2024-11-23,2024-11-23
5070,5070,5125,46,65,8,194238.9,26-09-2024,2024-09-26
5071,5071,5126,30,73,14,2004239.0,27-04-2024,2024-04-27
5072,5072,5127,37,8,9,42614.15,16-07-2024,2024-07-16
5073,5073,5128,18,139,8,11399.0,2023-08-03,2023-08-03
5074,5074,5129,28,72,11,1096311.0,2024-05-11,2024-05-11
5075,5075,5130,20,97,13,1759356.0,2023-11-17,2023-11-17
5076,5076,5131,2,19,8,124886.05,01-08-2023,2023-01-08
5077,5077,5132,48,25,5,60632.0,13-08-2023,2023-08-13
5078,5078,5133,28,60,10,1087511.0,2024-08-08,2024-08-08
5079,5079,5134,48,69,9,407385.0,04-03-2024,2024-04-03
5080,5080,5135,26,98,4,317445.0,05-01-2023,2023-05-01
5081,5081,5136,44,79,7,439876.6,31-01-2024,2024-01-31
5082,5082,5137,37,81,5,580204.9,12-03-2024,2024-12-03
5083,5083,5138,28,81,14,1624575.05,2024-02-18,2024-02-18
5084,5084,5139,22,112,12,24862.45,15-09-2023,2023-09-15
5085,5085,5140,22,89,1,78678.0,2023-05-09,2023-05-09
5086,5086,5141,34,97,1,135335.0,04-02-2024,2024-04-02
5087,5087,5142,6,51,2,128318.0,2024-09-26,2024-09-26
5088,5088,5143,21,55,11,1209859.0,21-09-2024,2024-09-21
5089,5089,5144,11,146,7,3472.0,21-02-2023,2023-02-21
5090,5090,5145,28,40,13,175173.35,19-05-2024,2024-05-19
5091,5091,5146,11,59,2,174332.0,15-06-2024,2024-06-15
5092,5092,5147,18,94,11,448259.0,23-04-2023,2023-04-23
5093,5093,5148,42,67,7,600523.0,2023-04-28,2023-04-28
5094,5094,5149,35,69,5,215008.75,03-10-2024,2024-03-10
5095,5095,5150,11,66,3,37715.0,2024-11-12,2024-11-12
5096,5096,5151,41,138,6,25098.0,07-04-2023,2023-07-04
5097,5097,5152,21,147,15,45451.0,2023-11-17,2023-11-17
5098,5098,5153,32,13,8,58878.15,03-09-2023,2023-03-09
5099,5099,5154,49,5,10,224855.5,2023-11-29,2023-11-29
5100,5100,5155,24,86,9,799622.6,2023-05-01,2023-05-01
5101,5101,5156,7,80,8,1033791.0,2024-05-22,2024-05-22
5102,5102,5157,21,147,3,9090.0,13-08-2024,2024-08-13
5103,5103,5158,28,62,3,306666.0,2024-02-01,2024-02-01
5104,5104,5159,20,76,10,1407882.9,2024-12-05,2024-12-05
5105,5105,5160,8,14,6,214866.0,2023-11-03,2023-11-03
5106,5106,5161,12,50,10,112760.0,2023-12-29,2023-12-29
5107,5107,5162,34,134,9,40335.1,2023-07-26,2023-07-26
5108,5108,5163,8,22,10,394529.0,03-05-2024,2024-03-05
5109,5109,5164,40,77,2,89409.0,21-01-2023,2023-01-21
5110,5110,5165,45,128,15,69761.0,02-01-2024,2024-02-01
5111,5111,5166,16,39,9,266695.0,2023-12-21,2023-12-21
5112,5112,5167,10,65,2,48559.25,27-10-2024,2024-10-27
5113,5113,5168,20,125,9,30619.0,09-07-2024,2024-09-07
5114,5114,5169,45,53,5,268375.0,2023-09-23,2023-09-23
5115,5115,5170,27,27,1,16511.0,09-02-2023,2023-09-02
5116,5116,5171,34,38,7,185228.0,2024-09-07,2024-09-07
5117,5117,5172,13,139,11,15674.0,01-06-2024,2024-01-06
5118,5118,5173,16,133,4,7571.0,2023-10-24,2023-10-24
5119,5119,5174,23,127,11,17043.0,2024-08-12,2024-08-12
5120,5120,5175,36,113,2,8350.5,02-12-2024,2024-02-12
5121,5121,5176,28,111,7,28497.15,2024-01-22,2024-01-22
5122,5122,5177,45,55,11,1209859.0,09-07-2023,2023-09-07
5123,5123,5178,22,9,6,238233.0,18-05-2023,2023-05-18
5124,5124,5179,21,110,11,26078.45,11-06-2024,2024-11-06
5125,5125,5180,42,113,4,17580.0,2023-07-25,2023-07-25
5126,5126,5181,43,6,11,123520.9,16-06-2023,2023-06-16
5127,5127,5182,12,85,3,109949.2,2023-04-13,2023-04-13
5128,5128,5183,28,33,11,73873.0,2023-10-04,2023-10-04
5129,5129,5184,2,56,7,300921.0,10-02-2024,2024-10-02
5130,5130,5185,47,13,1,7747.0,2023-07-15,2023-07-15
5131,5131,5186,46,106,15,62484.35,30-11-2023,2023-11-30
5132,5132,5187,3,71,14,1822437.0,05-03-2024,2024-05-03
5133,5133,5188,44,142,8,6611.0,2023-07-05,2023-07-05
5134,5134,5189,29,84,2,82505.6,12-05-2024,2024-12-05
5135,5135,5190,46,82,2,103268.0,16-07-2023,2023-07-16
5136,5136,5191,25,112,10,21810.0,2024-01-27,2024-01-27
5137,5137,5192,11,54,13,1579953.0,02-08-2024,2024-02-08
5138,5138,5193,29,51,11,705749.0,2024-11-04,2024-11-04
5139,5139,5194,9,127,15,23240.0,2024-01-09,2024-01-09
5140,5140,5195,30,80,13,1595914.5,11-08-2024,2024-11-08
5141,5141,5196,47,74,5,432793.0,2024-01-02,2024-01-02
5142,5142,5197,42,91,9,1153275.3,2024-12-29,2024-12-29
5143,5143,5198,1,6,1,11229.0,09-12-2023,2023-09-12
5144,5144,5199,17,131,10,9154.2,03-12-2023,2023-03-12
5145,5145,5200,36,139,3,4275.0,14-07-2024,2024-07-14
5146,5146,5201,12,30,14,428896.5,2024-02-13,2024-02-13
5147,5147,5202,8,43,15,500130.35,19-09-2023,2023-09-19
5148,5148,5203,19,141,4,18170.65,01-09-2024,2024-01-09
5149,5149,5204,40,54,14,1701487.0,2023-11-15,2023-11-15
5150,5150,5205,43,62,7,679776.3,18-05-2023,2023-05-18
5151,5151,5206,41,115,3,2367.4,16-07-2023,2023-07-16
5152,5152,5207,4,20,1,30833.0,14-06-2024,2024-06-14
5153,5153,5208,20,88,13,596955.3,08-11-2024,2024-08-11
5154,5154,5209,17,31,10,78689.45,2024-12-10,2024-12-10
5155,5155,5210,41,55,5,522439.2,2024-02-15,2024-02-15
5156,5156,5211,32,72,7,697652.0,2023-09-07,2023-09-07
5157,5157,5212,29,119,2,6186.4,07-08-2023,2023-07-08
5158,5158,5213,47,66,5,62858.0,15-09-2024,2024-09-15
5159,5159,5214,1,134,4,18870.0,18-04-2024,2024-04-18
5160,5160,5215,21,65,4,102231.0,2023-03-01,2023-03-01
5161,5161,5216,40,95,1,66317.6,2023-03-02,2023-03-02
5162,5162,5217,31,101,14,6163.6,2023-03-28,2023-03-28
5163,5163,5218,23,51,13,792363.65,05-04-2024,2024-05-04
5164,5164,5219,28,45,4,37634.25,2024-10-23,2024-10-23
5165,5165,5220,17,120,11,32650.55,09-07-2023,2023-09-07
5166,5166,5221,7,93,9,904293.0,17-09-2024,2024-09-17
5167,5167,5222,23,93,8,763625.2,23-03-2024,2024-03-23
5168,5168,5223,18,147,4,11514.0,2024-11-14,2024-11-14
5169,5169,5224,10,38,12,301657.3,2023-11-07,2023-11-07
5170,5170,5225,42,103,8,14314.0,2023-06-22,2023-06-22
5171,5171,5226,35,52,5,65094.0,08-03-2024,2024-08-03
5172,5172,5227,25,132,9,14067.0,2024-09-04,2024-09-04
5173,5173,5228,27,106,11,45822.3,21-01-2023,2023-01-21
5174,5174,5229,27,2,2,26596.2,2023-11-07,2023-11-07
5175,5175,5230,23,110,14,33190.15,12-03-2024,2024-12-03
5176,5176,5231,28,72,4,378726.05,20-07-2023,2023-07-20
5177,5177,5232,34,17,3,42116.0,2023-08-29,2023-08-29
5178,5178,5233,20,35,6,62731.35,2024-07-14,2024-07-14
5179,5179,5234,2,114,6,4796.0,2024-06-02,2024-06-02
5180,5180,5235,26,31,10,82831.0,15-10-2024,2024-10-15
5181,5181,5236,20,1,8,251731.0,2023-03-24,2023-03-24
5182,5182,5237,41,45,5,47043.05,04-07-2024,2024-04-07
5183,5183,5238,29,97,15,2030026.0,2024-10-27,2024-10-27
5184,5184,5239,21,48,14,206309.0,2023-01-02,2023-01-02
5185,5185,5240,19,58,2,217649.0,22-07-2024,2024-07-22
5186,5186,5241,9,116,12,30906.0,2023-06-26,2023-06-26
5187,5187,5242,39,109,7,4359.0,07-11-2023,2023-07-11
5188,5188,5243,15,27,3,47057.3,14-11-2023,2023-11-14
5189,5189,5244,2,111,14,59993.0,28-11-2024,2024-11-28
5190,5190,5245,48,145,13,53720.6,01-05-2023,2023-01-05
5191,5191,5246,41,28,14,189639.0,2023-10-03,2023-10-03
5192,5192,5247,26,60,14,1522515.0,15-03-2024,2024-03-15
5193,5193,5248,6,74,3,259676.0,2024-10-27,2024-10-27
5194,5194,5249,2,32,11,130650.65,04-09-2024,2024-04-09
5195,5195,5250,5,70,9,293739.05,2023-09-23,2023-09-23
5196,5196,5251,12,2,5,66491.45,18-05-2023,2023-05-18
5197,5197,5252,11,90,3,237292.0,24-07-2023,2023-07-24
5198,5198,5253,46,112,2,4143.9,25-07-2023,2023-07-25
5199,5199,5254,15,59,14,1220326.0,2023-11-12,2023-11-12
5200,5200,5255,46,63,10,1399577.0,29-10-2024,2024-10-29
5201,5201,5256,19,78,12,1461139.0,01-01-2023,2023-01-01
5202,5202,5257,12,96,12,805077.5,2023-04-02,2023-04-02
5203,5203,5258,35,145,7,30449.0,12-09-2024,2024-12-09
5204,5204,5259,25,86,10,888469.45,12-06-2023,2023-12-06
5205,5205,5260,12,73,3,429480.0,12-06-2024,2024-12-06
5206,5206,5261,8,73,12,1717919.0,14-09-2023,2023-09-14
5207,5207,5262,10,127,4,6197.0,03-09-2023,2023-03-09
5208,5208,5263,7,103,10,16997.4,2023-08-23,2023-08-23
5209,5209,5264,6,131,11,10599.0,2023-08-25,2023-08-25
5210,5210,5265,2,85,15,578680.0,2023-03-23,2023-03-23
5211,5211,5266,26,66,3,35829.25,11-02-2024,2024-11-02
5212,5212,5267,16,36,15,322069.95,06-05-2024,2024-06-05
5213,5213,5268,46,112,15,32714.0,2024-11-10,2024-11-10
5214,5214,5269,25,60,5,543755.0,2024-09-15,2024-09-15
5215,5215,5270,45,52,7,91132.55,22-05-2024,2024-05-22
5216,5216,5271,44,137,13,41810.45,30-12-2023,2023-12-30
5217,5217,5272,9,149,15,17454.0,2023-02-04,2023-02-04
5218,5218,5273,33,121,10,35095.85,14-06-2024,2024-06-14
5219,5219,5274,26,130,13,51179.35,2023-12-15,2023-12-15
5220,5220,5275,16,25,1,12126.0,2023-09-21,2023-09-21
5221,5221,5276,35,119,10,32558.0,2024-04-12,2024-04-12
5222,5222,5277,20,28,7,94819.5,23-04-2023,2023-04-23
5223,5223,5278,20,79,1,66147.0,13-05-2023,2023-05-13
5224,5224,5279,28,72,5,498323.0,2023-08-02,2023-08-02
5225,5225,5280,49,130,10,41441.0,2024-06-10,2024-06-10
5226,5226,5281,7,18,11,292297.0,2024-03-23,2024-03-23
5227,5227,5282,29,102,4,3161.6,2024-04-08,2024-04-08
5228,5228,5283,39,118,7,28695.7,24-03-2024,2024-03-24
5229,5229,5284,14,132,10,15630.0,2023-04-21,2023-04-21
5230,5230,5285,47,21,2,16595.55,10-05-2023,2023-10-05
5231,5231,5286,40,127,9,13246.8,2024-02-14,2024-02-14
5232,5232,5287,13,78,6,694040.55,23-12-2024,2024-12-23
5233,5233,5288,38,133,9,16182.3,2023-10-31,2023-10-31
5234,5234,5289,18,131,1,964.0,2024-04-10,2024-04-10
5235,5235,5290,47,55,8,835903.1,16-06-2023,2023-06-16
5236,5236,5291,1,50,3,32136.6,2024-07-11,2024-07-11
5237,5237,5292,19,110,9,21337.0,21-02-2024,2024-02-21
5238,5238,5293,9,50,14,157864.0,2024-07-18,2024-07-18
5239,5239,5294,1,11,3,103261.2,15-05-2023,2023-05-15
5240,5240,5295,24,140,13,40750.0,2024-03-18,2024-03-18
5241,5241,5296,44,115,13,10798.0,24-07-2023,2023-07-24
5242,5242,5297,4,14,8,286489.0,26-10-2024,2024-10-26
5243,5243,5298,21,66,3,35829.25,01-02-2024,2024-01-02
5244,5244,5299,38,118,10,40993.45,11-05-2023,2023-11-05
5245,5245,5300,33,55,4,439949.0,2024-03-18,2024-03-18
5246,5246,5301,21,64,12,1271163.65,2024-04-24,2024-04-24
5247,5247,5302,13,134,5,23588.0,03-05-2023,2023-03-05
5248,5248,5303,6,106,2,8770.0,17-09-2023,2023-09-17
5249,5249,5304,8,75,12,373559.95,2023-01-21,2023-01-21
5250,5250,5305,41,71,7,865657.1,2023-10-29,2023-10-29
5251,5251,5306,46,83,10,1348039.0,2024-10-09,2024-10-09
5252,5252,5307,39,102,5,4160.0,27-11-2024,2024-11-27
5253,5253,5308,20,83,9,1213235.0,2024-11-18,2024-11-18
5254,5254,5309,27,99,9,917130.0,06-09-2024,2024-06-09
5255,5255,5310,46,31,4,33132.0,09-05-2023,2023-09-05
5256,5256,5311,19,55,15,1649808.0,17-06-2023,2023-06-17
5257,5257,5312,25,119,14,45581.0,2023-12-24,2023-12-24
5258,5258,5313,29,89,15,1121162.45,2024-09-26,2024-09-26
5259,5259,5314,30,114,3,2398.0,2023-05-20,2023-05-20
5260,5260,5315,23,135,6,9373.65,2023-08-04,2023-08-04
5261,5261,5316,29,96,3,201269.85,2024-04-16,2024-04-16
5262,5262,5317,11,61,1,26618.05,2024-03-15,2024-03-15
5263,5263,5318,34,5,1,23669.0,31-01-2024,2024-01-31
5264,5264,5319,4,43,14,491356.0,2024-10-26,2024-10-26
5265,5265,5320,4,136,5,9868.0,09-06-2024,2024-09-06
5266,5266,5321,12,129,2,6532.0,24-04-2023,2023-04-24
5267,5267,5322,36,58,11,1197070.0,21-05-2023,2023-05-21
5268,5268,5323,47,105,5,1470.6,2023-05-23,2023-05-23
5269,5269,5324,22,149,9,9949.35,12-01-2024,2024-12-01
5270,5270,5325,35,68,6,381313.85,2023-11-20,2023-11-20
5271,5271,5326,18,112,13,28352.0,2023-03-29,2023-03-29
5272,5272,5327,28,76,12,1778379.0,2024-09-27,2024-09-27
5273,5273,5328,7,51,8,487608.4,30-06-2023,2023-06-30
5274,5274,5329,20,1,15,471996.1,17-05-2023,2023-05-17
5275,5275,5330,49,145,6,26099.0,28-05-2023,2023-05-28
5276,5276,5331,17,79,14,926056.0,16-09-2023,2023-09-16
5277,5277,5332,19,61,13,364242.0,26-03-2023,2023-03-26
5278,5278,5333,24,79,7,439876.6,05-12-2023,2023-05-12
5279,5279,5334,27,65,12,291357.4,2023-05-24,2023-05-24
5280,5280,5335,24,40,10,141840.0,2023-09-09,2023-09-09
5281,5281,5336,42,25,2,23040.35,06-06-2024,2024-06-06
5282,5282,5337,19,12,15,40893.0,21-07-2023,2023-07-21
5283,5283,5338,10,2,14,195974.0,2024-04-06,2024-04-06
5284,5284,5339,12,53,12,611895.0,11-10-2024,2024-11-10
5285,5285,5340,22,20,4,123334.0,01-01-2024,2024-01-01
5286,5286,5341,8,56,5,214944.0,22-08-2024,2024-08-22
5287,5287,5342,27,50,8,85697.6,2024-12-15,2024-12-15
5288,5288,5345,25,73,9,1288439.0,22-05-2023,2023-05-22
5289,5289,5346,2,31,7,55082.9,2023-12-03,2023-12-03
5290,5290,5347,25,53,15,764868.75,23-02-2023,2023-02-23
5291,5291,5348,46,91,10,1348860.0,2024-11-11,2024-11-11
5292,5292,5349,43,98,8,603144.55,11-06-2024,2024-11-06
5293,5293,5350,38,123,8,21106.15,04-09-2024,2024-04-09
5294,5294,5351,31,41,10,100700.0,30-08-2024,2024-08-30
5295,5295,5352,25,135,14,23023.0,22-02-2023,2023-02-22
5296,5296,5353,1,43,7,233394.1,2023-04-28,2023-04-28
5297,5297,5354,19,21,3,24893.8,2023-02-04,2023-02-04
5298,5298,5355,36,14,5,179055.0,04-05-2023,2023-04-05
5299,5299,5356,40,132,9,13363.65,2024-11-08,2024-11-08
5300,5300,5357,15,75,11,342429.4,2024-08-31,2024-08-31
5301,5301,5358,44,119,4,12371.85,11-12-2024,2024-11-12
5302,5302,5359,49,139,7,9974.0,2023-10-13,2023-10-13
5303,5303,5360,47,20,14,431668.0,2023-08-06,2023-08-06
5304,5304,5361,37,130,13,51179.35,2023-03-12,2023-03-12
5305,5305,5362,23,101,15,6603.45,26-12-2023,2023-12-26
5306,5306,5363,5,76,7,1037388.0,21-05-2023,2023-05-21
5307,5307,5364,11,75,7,217910.05,02-11-2024,2024-02-11
5308,5308,5365,1,135,5,8223.0,2024-06-08,2024-06-08
5309,5309,5366,37,80,3,368288.4,2023-03-17,2023-03-17
5310,5310,5367,39,37,9,54609.0,06-05-2024,2024-06-05
5311,5311,5368,37,115,8,6645.0,29-12-2023,2023-12-29
5312,5312,5369,44,46,8,37876.5,2024-04-14,2024-04-14
5313,5313,5370,18,16,5,150030.0,2024-07-09,2024-07-09
5314,5314,5371,42,29,7,255572.0,2024-01-12,2024-01-12
5315,5315,5372,2,116,14,36057.0,28-12-2023,2023-12-28
5316,5316,5373,43,86,5,444235.2,28-12-2023,2023-12-28
5317,5317,5374,42,90,1,75142.15,2023-05-03,2023-05-03
5318,5318,5375,15,105,15,4643.0,24-11-2024,2024-11-24
5319,5319,5376,46,122,5,6281.4,2024-06-22,2024-06-22
5320,5320,5377,4,67,3,244498.65,2023-08-08,2023-08-08
5321,5321,5378,35,55,14,1539821.0,2023-01-11,2023-01-11
5322,5322,5379,35,53,1,53675.0,2024-10-07,2024-10-07
5323,5323,5380,39,36,4,85885.7,2023-01-13,2023-01-13
5324,5324,5381,41,23,3,31859.2,18-10-2024,2024-10-18
5325,5325,5382,11,12,14,36258.65,2023-08-11,2023-08-11
5326,5326,5383,40,44,9,92398.9,30-07-2024,2024-07-30
5327,5327,5384,1,42,8,47943.0,2024-10-08,2024-10-08
5328,5328,5385,20,124,2,7163.0,11-07-2023,2023-11-07
5329,5329,5386,48,147,1,2878.5,14-06-2024,2024-06-14
5330,5330,5387,38,55,5,549936.0,07-03-2023,2023-07-03
5331,5331,5388,41,150,8,12506.75,2023-11-29,2023-11-29
5332,5332,5389,49,150,11,18102.0,2024-01-19,2024-01-19
5333,5333,5390,25,98,8,634889.0,2023-10-19,2023-10-19
5334,5334,5391,48,102,14,11065.6,17-07-2024,2024-07-17
5335,5335,5392,5,63,15,1994396.75,30-01-2023,2023-01-30
5336,5336,5393,42,65,7,178904.0,18-04-2023,2023-04-18
5337,5337,5394,17,103,3,5099.6,19-07-2024,2024-07-19
5338,5338,5395,28,10,15,480496.0,01-09-2023,2023-01-09
5339,5339,5396,12,41,2,20140.0,2024-05-15,2024-05-15
5340,5340,5397,10,132,2,3126.0,26-12-2024,2024-12-26
5341,5341,5398,20,110,11,26078.45,28-03-2023,2023-03-28
5342,5342,5399,37,138,13,51661.0,05-11-2023,2023-05-11
5343,5343,5400,19,106,2,8331.5,2024-07-04,2024-07-04
5344,5344,5401,18,30,10,306355.05,2023-02-15,2023-02-15
5345,5345,5402,47,26,2,32837.7,17-11-2024,2024-11-17
5346,5346,5403,16,137,13,41810.45,15-08-2024,2024-08-15
5347,5347,5404,11,15,2,55800.0,20-10-2023,2023-10-20
5348,5348,5405,38,101,10,4402.3,24-11-2024,2024-11-24
5349,5349,5406,46,77,15,670570.0,30-03-2024,2024-03-30
5350,5350,5407,42,10,7,224231.0,28-12-2023,2023-12-28
5351,5351,5408,49,67,12,977995.55,16-03-2023,2023-03-16
5352,5352,5409,49,60,5,516567.25,2024-07-12,2024-07-12
5353,5353,5410,14,97,12,1542819.95,2024-08-15,2024-08-15
5354,5354,5411,32,109,9,5604.0,17-09-2023,2023-09-17
5355,5355,5412,38,74,2,164461.15,2023-11-14,2023-11-14
5356,5356,5413,16,1,9,283197.85,2023-01-29,2023-01-29
5357,5357,5414,32,51,15,962385.0,2023-10-30,2023-10-30
5358,5358,5415,31,79,6,377036.95,2023-08-05,2023-08-05
5359,5359,5416,19,104,3,11139.0,2024-04-21,2024-04-21
5360,5360,5417,24,90,8,601140.05,2023-11-20,2023-11-20
5361,5361,5418,29,24,1,23232.0,2023-06-27,2023-06-27
5362,5362,5419,1,122,8,10580.0,2023-10-28,2023-10-28
5363,5363,5420,47,102,3,2371.2,30-06-2023,2023-06-30
5364,5364,5421,32,76,8,1185586.0,02-12-2023,2023-02-12
5365,5365,5422,34,3,14,126339.0,03-04-2024,2024-03-04
5366,5366,5423,43,105,12,3714.0,08-09-2024,2024-08-09
5367,5367,5424,35,112,10,21810.0,12-09-2023,2023-12-09
5368,5368,5425,47,118,10,43151.0,01-07-2024,2024-01-07
5369,5369,5426,43,137,5,16927.0,2024-07-07,2024-07-07
5370,5370,5427,10,137,12,40626.0,30-05-2024,2024-05-30
5371,5371,5428,14,147,2,6060.0,03-09-2024,2024-03-09
5372,5372,5429,37,67,7,570496.85,14-06-2023,2023-06-14
5373,5373,5430,19,138,4,16732.0,26-08-2024,2024-08-26
5374,5374,5431,24,149,13,15127.0,17-02-2023,2023-02-17
5375,5375,5432,41,114,5,3996.0,2023-11-02,2023-11-02
5376,5376,5433,6,148,14,63648.1,01-11-2024,2024-01-11
5377,5377,5434,10,18,4,100975.5,2023-01-07,2023-01-07
5378,5378,5435,39,107,9,13620.0,30-03-2024,2024-03-30
5379,5379,5436,21,133,1,1798.35,2023-04-10,2023-04-10
5380,5380,5437,12,81,13,1587930.0,2023-08-23,2023-08-23
5381,5381,5438,23,129,12,37235.25,22-01-2024,2024-01-22
5382,5382,5439,48,46,3,14951.0,28-03-2024,2024-03-28
5383,5383,5440,37,133,11,20820.0,28-10-2023,2023-10-28
5384,5384,5441,48,57,9,1069115.0,2024-05-17,2024-05-17
5385,5385,5442,30,65,11,281135.0,2024-06-21,2024-06-21
5386,5386,5443,21,116,2,5151.0,11-12-2024,2024-11-12
5387,5387,5444,27,22,1,39453.0,02-02-2024,2024-02-02
5388,5388,5445,32,47,11,67353.0,2024-10-22,2024-10-22
5389,5389,5446,39,142,7,5495.75,2024-11-10,2024-11-10
5390,5390,5447,41,75,6,186779.5,2024-08-20,2024-08-20
5391,5391,5448,28,113,1,4175.25,2024-12-12,2024-12-12
5392,5392,5449,13,135,6,9867.0,08-07-2023,2023-08-07
5393,5393,5450,26,85,5,183249.3,2024-02-11,2024-02-11
5394,5394,5451,7,27,9,141172.85,31-12-2024,2024-12-31
5395,5395,5452,23,68,10,635522.45,21-05-2024,2024-05-21
5396,5396,5453,3,53,12,611895.0,12-04-2023,2023-12-04
5397,5397,5454,14,20,12,370001.0,25-12-2024,2024-12-25
5398,5398,5455,12,132,2,3126.0,2024-06-02,2024-06-02
5399,5399,5456,31,69,8,344014.0,17-03-2023,2023-03-17
5400,5400,5457,13,74,3,246692.2,23-03-2024,2024-03-23
5401,5401,5458,3,112,9,18647.55,09-09-2023,2023-09-09
5402,5402,5459,19,111,10,40709.4,11-06-2024,2024-11-06
5403,5403,5460,1,11,6,217391.0,11-08-2024,2024-11-08
5404,5404,5461,14,36,4,85885.7,2024-10-10,2024-10-10
5405,5405,5462,33,123,13,36102.0,2024-03-15,2024-03-15
5406,5406,5463,18,141,11,52600.0,19-02-2023,2023-02-19
5407,5407,5464,30,137,14,45027.15,13-03-2024,2024-03-13
5408,5408,5465,17,106,12,52618.0,2024-05-12,2024-05-12
5409,5409,5466,41,26,10,172832.0,27-01-2023,2023-01-27
5410,5410,5467,45,50,13,146588.0,2023-06-22,2023-06-22
5411,5411,5468,25,118,9,38836.0,2023-06-08,2023-06-08
5412,5412,5469,49,109,8,4732.9,2023-05-29,2023-05-29
5413,5413,5470,45,6,14,157208.85,2023-06-22,2023-06-22
5414,5414,5471,27,61,15,399265.05,2023-07-29,2023-07-29
5415,5415,5472,22,146,3,1413.6,30-09-2024,2024-09-30
5416,5416,5473,7,67,13,1115258.0,13-09-2024,2024-09-13
5417,5417,5474,37,46,10,47346.1,20-09-2023,2023-09-20
5418,5418,5475,23,17,7,98271.0,01-11-2023,2023-01-11
5419,5419,5476,41,6,13,153663.0,2023-04-26,2023-04-26
5420,5420,5477,29,93,13,1240890.95,2023-05-01,2023-05-01
5421,5421,5478,7,114,7,5315.25,02-10-2024,2024-02-10
5422,5422,5479,44,130,10,39368.95,06-08-2023,2023-06-08
5423,5423,5480,39,131,2,1927.0,2024-01-29,2024-01-29
5424,5424,5481,11,39,3,88898.0,03-06-2024,2024-03-06
5425,5425,5482,19,122,1,1322.0,2023-11-21,2023-11-21
5426,5426,5483,18,67,9,733495.95,20-02-2024,2024-02-20
5427,5427,5484,12,99,3,321800.0,10-05-2023,2023-10-05
5428,5428,5485,2,76,3,422365.25,2024-06-03,2024-06-03
5429,5429,5486,24,6,7,82741.0,2023-03-19,2023-03-19
5430,5430,5487,44,128,15,66272.95,2023-10-13,2023-10-13
5431,5431,5488,25,67,6,488997.3,2024-05-13,2024-05-13
5432,5432,5489,38,16,4,120024.0,25-11-2024,2024-11-25
5433,5433,5490,3,25,9,109138.0,03-10-2023,2023-03-10
5434,5434,5491,43,115,12,9967.0,24-12-2023,2023-12-24
5435,5435,5492,38,47,3,18369.0,2024-10-28,2024-10-28
5436,5436,5493,15,125,11,35551.85,07-08-2023,2023-07-08
5437,5437,5494,15,100,12,1192442.85,2024-01-09,2024-01-09
5438,5438,5495,39,143,7,31055.0,2024-06-14,2024-06-14
5439,5439,5496,41,144,10,21033.95,26-09-2024,2024-09-26
5440,5440,5497,18,98,10,753930.45,2023-12-05,2023-12-05
5441,5441,5498,7,55,11,1209859.0,03-09-2024,2024-03-09
5442,5442,5499,2,5,9,202369.95,22-06-2024,2024-06-22
5443,5443,5500,4,20,1,30833.0,04-04-2024,2024-04-04
5444,5444,5501,29,149,11,12160.0,2023-09-17,2023-09-17
5445,5445,5502,3,13,14,103036.05,2024-05-01,2024-05-01
5446,5446,5503,23,35,13,143072.0,06-10-2023,2023-06-10
5447,5447,5504,23,140,9,26800.45,2023-05-05,2023-05-05
5448,5448,5505,6,129,13,40337.95,14-12-2023,2023-12-14
5449,5449,5506,37,141,4,19127.0,2024-03-11,2024-03-11
5450,5450,5507,45,122,8,10580.0,2024-07-17,2024-07-17
5451,5451,5508,49,146,15,7068.0,2023-10-27,2023-10-27
5452,5452,5509,12,126,6,15258.9,24-02-2023,2023-02-24
5453,5453,5510,31,35,4,44022.0,04-10-2024,2024-04-10
5454,5454,5511,38,55,1,109987.0,12-12-2023,2023-12-12
5455,5455,5512,29,5,8,179884.4,09-06-2023,2023-09-06
5456,5456,5513,47,135,6,9867.0,11-04-2024,2024-11-04
5457,5457,5514,45,33,5,31900.05,2023-04-04,2023-04-04
5458,5458,5515,29,1,12,397470.0,14-12-2023,2023-12-14
5459,5459,5516,20,68,15,1003457.0,2023-12-22,2023-12-22
5460,5460,5517,38,9,6,226321.35,15-05-2024,2024-05-15
5461,5461,5519,4,30,9,290231.0,2024-10-07,2024-10-07
5462,5462,5520,8,145,5,21749.0,2024-06-29,2024-06-29
5463,5463,5521,46,134,8,37741.0,11-04-2024,2024-11-04
5464,5464,5522,25,115,5,4153.0,20-06-2024,2024-06-20
5465,5465,5523,12,36,15,339021.0,2024-11-07,2024-11-07
5466,5466,5524,40,144,15,33212.0,05-05-2024,2024-05-05
5467,5467,5525,23,17,15,210582.0,2024-02-03,2024-02-03
5468,5468,5526,33,28,3,42776.0,2023-12-22,2023-12-22
5469,5469,5527,43,18,6,151463.25,06-03-2024,2024-06-03
5470,5470,5528,20,121,2,7389.0,05-05-2024,2024-05-05
5471,5471,5529,12,19,12,187328.6,2023-05-23,2023-05-23
5472,5472,5530,29,37,9,51878.55,24-09-2024,2024-09-24
5473,5473,5531,26,117,8,32824.0,2024-04-22,2024-04-22
5474,5474,5532,7,84,7,303967.0,2024-10-10,2024-10-10
5475,5475,5533,30,120,3,9373.0,08-01-2024,2024-08-01
5476,5476,5534,16,139,7,9974.0,04-07-2023,2023-04-07
5477,5477,5535,2,99,12,1222840.0,14-09-2024,2024-09-14
5478,5478,5536,16,128,8,37206.0,18-11-2024,2024-11-18
5479,5479,5537,3,116,11,28331.0,2023-06-05,2023-06-05
5480,5480,5538,38,122,10,12563.75,2024-12-04,2024-12-04
5481,5481,5539,45,13,1,7747.0,12-11-2024,2024-12-11
5482,5482,5540,45,11,12,434783.0,2023-02-25,2023-02-25
5483,5483,5541,20,135,11,18090.0,25-12-2023,2023-12-25
5484,5484,5542,47,97,9,1157115.2,29-10-2024,2024-10-29
5485,5485,5543,40,1,2,62932.75,02-03-2023,2023-02-03
5486,5486,5544,18,133,4,7192.45,2023-03-10,2023-03-10
5487,5487,5545,4,23,7,74337.5,2024-01-07,2024-01-07
5488,5488,5546,25,7,7,129799.45,2024-07-30,2024-07-30
5489,5489,5547,33,13,8,61977.0,2023-04-25,2023-04-25
5490,5490,5548,40,41,1,10070.0,12-06-2023,2023-12-06
5491,5491,5549,18,20,10,308334.0,2024-04-28,2024-04-28
5492,5492,5550,32,12,10,27262.0,2023-02-07,2023-02-07
5493,5493,5551,39,80,15,1938358.0,2024-07-15,2024-07-15
5494,5494,5552,32,148,13,59101.4,20-06-2023,2023-06-20
5495,5495,5553,16,103,4,7157.0,02-05-2024,2024-02-05
5496,5496,5554,5,49,15,198964.0,06-09-2023,2023-06-09
5497,5497,5555,47,120,6,18747.0,2023-02-12,2023-02-12
5498,5498,5556,49,112,8,16575.6,2023-08-19,2023-08-19
5499,5499,5557,15,87,8,534879.0,2023-08-04,2023-08-04
5500,5500,5558,3,84,12,521087.0,19-08-2023,2023-08-19
5501,5501,5559,25,90,7,553681.0,2023-04-09,2023-04-09
5502,5502,5560,28,75,3,93389.75,2024-06-03,2024-06-03
5503,5503,5561,8,122,2,2645.0,27-07-2023,2023-07-27
5504,5504,5562,34,75,13,404689.55,18-09-2023,2023-09-18
5505,5505,5563,37,114,11,8352.4,14-02-2024,2024-02-14
5506,5506,5564,3,143,3,13309.0,2023-02-07,2023-02-07
5507,5507,5565,49,15,12,318057.15,2023-12-23,2023-12-23
5508,5508,5566,11,17,15,210582.0,09-01-2023,2023-09-01
5509,5509,5567,45,33,7,44659.5,24-02-2024,2024-02-24
5510,5510,5568,8,147,6,18180.0,2024-04-25,2024-04-25
5511,5511,5569,20,106,2,8331.5,12-11-2024,2024-12-11
5512,5512,5570,25,78,6,730569.0,2024-12-16,2024-12-16
5513,5513,5571,3,142,11,9091.0,2023-09-20,2023-09-20
5514,5514,5572,44,56,2,85978.0,03-07-2024,2024-03-07
5515,5515,5573,46,128,13,60459.0,2023-12-09,2023-12-09
5516,5516,5574,5,46,4,19935.0,05-06-2024,2024-05-06
5517,5517,5575,13,146,9,4240.8,2023-04-18,2023-04-18
5518,5518,5576,37,120,15,46867.0,2024-01-23,2024-01-23
5519,5519,5577,27,44,4,41065.65,2023-11-02,2023-11-02
5520,5520,5578,29,9,5,188601.6,2023-12-21,2023-12-21
5521,5521,5579,13,146,3,1488.0,2023-11-12,2023-11-12
5522,5522,5580,46,140,14,41689.8,22-10-2024,2024-10-22
5523,5523,5581,12,109,4,2491.0,2023-09-10,2023-09-10
5524,5524,5582,46,96,12,805077.5,20-03-2024,2024-03-20
5525,5525,5583,42,62,3,291332.7,19-11-2024,2024-11-19
5526,5526,5584,42,86,7,621928.9,07-09-2024,2024-07-09
5527,5527,5585,34,86,5,444235.2,12-05-2024,2024-12-05
5528,5528,5586,4,142,15,12396.0,2023-07-28,2023-07-28
5529,5529,5587,38,94,2,81502.0,2023-04-10,2023-04-10
5530,5530,5588,45,70,13,446621.0,23-03-2023,2023-03-23
5531,5531,5589,49,97,4,514273.0,2023-04-17,2023-04-17
5532,5532,5590,31,48,10,139995.8,2024-08-04,2024-08-04
5533,5533,5591,12,141,11,49970.0,28-04-2023,2023-04-28
5534,5534,5592,2,10,1,32033.0,2024-03-16,2024-03-16
5535,5535,5593,27,65,12,291357.4,2023-01-18,2023-01-18
5536,5536,5594,8,81,15,1832227.0,2024-08-29,2024-08-29
5537,5537,5595,14,58,12,1305895.0,2023-09-30,2023-09-30
5538,5538,5596,3,109,15,9340.0,2024-08-04,2024-08-04
5539,5539,5597,49,125,10,32319.95,2023-10-06,2023-10-06
5540,5540,5598,46,50,6,67656.0,23-09-2024,2024-09-23
5541,5541,5599,36,29,5,173424.4,02-07-2023,2023-02-07
5542,5542,5600,30,148,3,13639.15,16-07-2024,2024-07-16
5543,5543,5601,12,98,14,1055503.2,22-02-2023,2023-02-22
5544,5544,5602,30,130,3,12432.0,07-03-2023,2023-07-03
5545,5545,5603,36,144,8,16827.35,23-03-2024,2024-03-23
5546,5546,5604,49,24,7,162625.0,2023-10-26,2023-10-26
5547,5547,5605,23,32,9,106895.9,2024-04-21,2024-04-21
5548,5548,5606,12,131,4,3854.0,2024-10-01,2024-10-01
5549,5549,5607,2,145,3,12397.5,17-03-2024,2024-03-17
5550,5550,5608,48,108,8,25425.8,30-05-2023,2023-05-30
5551,5551,5609,37,131,10,9154.2,2023-09-07,2023-09-07
5552,5552,5610,44,140,2,5955.55,2024-05-31,2024-05-31
5553,5553,5611,31,110,3,7112.65,24-05-2023,2023-05-24
5554,5554,5612,38,68,11,735868.0,17-11-2024,2024-11-17
5555,5555,5613,12,46,14,66284.35,24-04-2024,2024-04-24
5556,5556,5614,31,93,2,190906.3,2024-10-03,2024-10-03
5557,5557,5615,35,32,7,87517.0,2024-01-31,2024-01-31
5558,5558,5616,15,124,1,3770.0,07-08-2023,2023-07-08
5559,5559,5617,21,127,1,1549.0,09-08-2024,2024-09-08
5560,5560,5618,28,54,1,115458.25,2023-05-31,2023-05-31
5561,5561,5619,6,74,6,519351.0,2024-06-09,2024-06-09
5562,5562,5620,32,105,12,3528.3,2023-07-06,2023-07-06
5563,5563,5621,6,31,13,107680.0,2023-06-07,2023-06-07
5564,5564,5622,40,140,5,15673.0,01-12-2024,2024-01-12
5565,5565,5623,37,70,4,130550.9,07-08-2024,2024-07-08
5566,5566,5624,36,28,15,213878.0,2024-10-12,2024-10-12
5567,5567,5625,25,72,6,568088.6,2024-10-26,2024-10-26
5568,5568,5626,38,57,2,237581.0,2023-07-11,2023-07-11
5569,5569,5627,34,9,7,264041.1,02-12-2024,2024-02-12
5570,5570,5629,5,9,10,397055.0,2023-02-22,2023-02-22
5571,5571,5630,6,6,4,47281.0,2023-08-11,2023-08-11
5572,5572,5631,36,91,3,384425.1,2023-12-30,2023-12-30
5573,5573,5632,49,119,1,3093.2,05-02-2023,2023-05-02
5574,5574,5633,44,73,6,858960.0,20-01-2024,2024-01-20
5575,5575,5634,36,86,9,841708.0,07-06-2024,2024-07-06
5576,5576,5635,20,141,11,49970.0,2023-03-10,2023-03-10
5577,5577,5636,27,6,9,101062.9,23-04-2023,2023-04-23
5578,5578,5637,36,2,2,26596.2,06-05-2023,2023-06-05
5579,5579,5638,46,66,4,50287.0,25-02-2023,2023-02-25
5580,5580,5639,18,85,10,385787.0,2023-09-14,2023-09-14
5581,5581,5640,35,120,15,44523.65,2024-11-03,2024-11-03
5582,5582,5641,37,73,14,1904027.05,03-05-2024,2024-03-05
5583,5583,5642,28,69,11,473019.25,2024-11-07,2024-11-07
5584,5584,5643,39,17,5,70194.0,2024-11-29,2024-11-29
5585,5585,5644,17,87,11,698686.05,2024-09-05,2024-09-05
5586,5586,5645,17,130,11,45585.0,31-08-2023,2023-08-31
5587,5587,5646,9,131,13,11900.65,15-10-2023,2023-10-15
5588,5588,5647,30,80,5,646119.0,21-01-2024,2024-01-21
5589,5589,5648,15,40,8,107798.4,2024-11-14,2024-11-14
5590,5590,5649,20,128,7,32555.0,2023-01-31,2023-01-31
5591,5591,5650,32,39,1,28151.35,31-12-2024,2024-12-31
5592,5592,5651,37,125,3,9695.7,25-09-2023,2023-09-25
5593,5593,5652,38,115,15,11836.05,2023-02-26,2023-02-26
5594,5594,5653,9,98,10,793611.0,2023-08-29,2023-08-29
5595,5595,5654,5,20,5,146458.65,2024-06-05,2024-06-05
5596,5596,5655,9,99,14,1501733.0,09-06-2023,2023-09-06
5597,5597,5656,43,78,1,121762.0,2024-12-20,2024-12-20
5598,5598,5657,31,147,9,25907.45,2023-05-13,2023-05-13
5599,5599,5658,3,128,1,4651.0,29-05-2024,2024-05-29
5600,5600,5659,30,81,2,244297.0,16-12-2023,2023-12-16
5601,5601,5660,4,28,4,54182.3,2023-09-28,2023-09-28
5602,5602,5661,39,38,5,132306.0,2024-02-27,2024-02-27
5603,5603,5662,43,74,12,986767.85,2024-10-30,2024-10-30
5604,5604,5663,7,18,3,79717.0,21-04-2024,2024-04-21
5605,5605,5664,1,23,6,63718.4,2023-03-24,2023-03-24
5606,5606,5665,47,94,1,38713.45,2024-08-16,2024-08-16
5607,5607,5666,36,116,11,28331.0,04-06-2024,2024-04-06
5608,5608,5667,42,26,2,32837.7,05-07-2023,2023-05-07
5609,5609,5668,9,25,7,84885.0,16-04-2023,2023-04-16
5610,5610,5669,45,80,14,1809134.0,25-08-2023,2023-08-25
5611,5611,5670,28,26,9,147771.55,2023-04-08,2023-04-08
5612,5612,5671,34,21,2,17469.0,2023-08-22,2023-08-22
5613,5613,5672,12,50,13,139258.6,05-05-2024,2024-05-05
5614,5614,5673,23,112,9,18647.55,2023-03-13,2023-03-13
5615,5615,5674,3,111,6,24425.45,21-09-2024,2024-09-21
5616,5616,5675,29,62,3,306666.0,18-07-2024,2024-07-18
5617,5617,5676,10,36,8,180811.0,2024-11-21,2024-11-21
5618,5618,5677,14,2,15,199473.4,06-06-2023,2023-06-06
5619,5619,5678,32,146,5,2356.0,2023-05-29,2023-05-29
5620,5620,5679,44,148,15,68193.85,2023-11-09,2023-11-09
5621,5621,5680,41,38,1,26461.0,2023-05-27,2023-05-27
5622,5622,5681,1,1,8,251731.0,06-11-2024,2024-06-11
5623,5623,5682,47,134,9,42458.0,26-09-2023,2023-09-26
5624,5624,5683,45,40,10,141840.0,16-04-2023,2023-04-16
5625,5625,5684,36,143,12,50575.15,05-10-2024,2024-05-10
5626,5626,5685,16,32,8,95019.0,02-11-2023,2023-02-11
5627,5627,5686,17,87,2,133720.0,2023-06-02,2023-06-02
5628,5628,5687,13,107,7,10594.0,04-07-2023,2023-04-07
5629,5629,5688,33,49,2,25201.6,2023-08-05,2023-08-05
5630,5630,5689,11,136,9,17762.0,05-04-2024,2024-05-04
5631,5631,5690,40,101,10,4634.0,2024-04-23,2024-04-23
5632,5632,5691,38,34,7,32701.85,2023-11-28,2023-11-28
5633,5633,5692,9,47,13,79598.0,2023-03-28,2023-03-28
5634,5634,5693,49,69,5,215008.75,2024-10-28,2024-10-28
5635,5635,5694,12,7,10,185428.6,2024-02-08,2024-02-08
5636,5636,5695,1,91,7,944202.0,28-02-2023,2023-02-28
5637,5637,5696,28,85,3,109949.2,2023-11-16,2023-11-16
5638,5638,5697,49,44,15,153997.85,09-10-2023,2023-09-10
5639,5639,5699,44,138,4,15895.4,2024-04-18,2024-04-18
5640,5640,5700,20,33,5,33579.0,22-01-2023,2023-01-22
5641,5641,5701,48,54,15,1731870.9,2023-04-11,2023-04-11
5642,5642,5702,47,36,11,236184.25,2023-12-26,2023-12-26
5643,5643,5703,8,127,1,1471.55,2023-05-17,2023-05-17
5644,5644,5704,22,51,6,384954.0,2023-05-22,2023-05-22
5645,5645,5705,10,144,3,6309.9,2024-01-13,2024-01-13
5646,5646,5706,29,79,7,439876.6,2023-01-12,2023-01-12
5647,5647,5707,44,118,11,47466.0,2024-06-29,2024-06-29
5648,5648,5708,28,79,9,565555.9,16-03-2024,2024-03-16
5649,5649,5709,30,135,5,7811.85,11-08-2024,2024-11-08
5650,5650,5710,18,42,7,41950.0,2023-09-29,2023-09-29
5651,5651,5711,6,20,6,185001.0,2024-02-04,2024-02-04
5652,5652,5712,13,78,8,974092.0,2023-09-17,2023-09-17
5653,5653,5713,46,27,2,33023.0,25-09-2023,2023-09-25
5654,5654,5714,48,106,5,21924.0,2024-04-30,2024-04-30
5655,5655,5715,13,67,4,325998.2,10-07-2023,2023-10-07
5656,5656,5716,43,5,7,157398.85,2024-08-10,2024-08-10
5657,5657,5717,36,149,11,12160.0,2023-07-17,2023-07-17
5658,5658,5718,13,47,14,81434.95,2023-02-23,2023-02-23
5659,5659,5719,22,120,10,29682.75,2024-08-12,2024-08-12
5660,5660,5720,6,38,11,276519.35,2024-09-19,2024-09-19
5661,5661,5721,8,66,6,71658.5,17-01-2023,2023-01-17
5662,5662,5722,36,78,13,1582900.0,10-03-2023,2023-10-03
5663,5663,5723,18,63,6,839746.0,22-03-2023,2023-03-22
5664,5664,5724,11,28,14,199620.0,10-10-2023,2023-10-10
5665,5665,5725,40,46,10,47346.1,28-11-2023,2023-11-28
5666,5666,5726,10,140,14,41689.8,30-05-2024,2024-05-30
5667,5667,5727,41,126,9,22889.3,28-08-2023,2023-08-28
5668,5668,5728,5,10,10,304313.5,2024-09-19,2024-09-19
5669,5669,5729,34,135,2,3124.55,2023-07-16,2023-07-16
5670,5670,5730,29,121,6,22166.0,27-07-2023,2023-07-27
5671,5671,5731,22,17,13,173378.8,22-01-2024,2024-01-22
5672,5672,5732,32,33,13,87305.0,23-04-2024,2024-04-23
5673,5673,5733,10,103,7,11897.8,23-03-2023,2023-03-23
5674,5674,5734,22,101,7,3244.0,22-11-2024,2024-11-22
5675,5675,5735,37,25,13,149761.8,12-05-2023,2023-12-05
5676,5676,5736,15,100,14,1391182.85,2024-07-17,2024-07-17
5677,5677,5737,29,126,2,5086.3,05-11-2024,2024-05-11
5678,5678,5738,13,148,1,4786.0,2024-08-20,2024-08-20
5679,5679,5739,49,108,6,20073.0,01-04-2024,2024-01-04
5680,5680,5740,7,146,12,5952.0,2024-11-27,2024-11-27
5681,5681,5741,46,79,12,754073.9,2023-12-23,2023-12-23
5682,5682,5742,26,135,14,23023.0,2023-05-26,2023-05-26
5683,5683,5743,16,61,6,168112.0,08-11-2023,2023-08-11
5684,5684,5744,12,29,2,73021.0,24-08-2024,2024-08-24
5685,5685,5745,33,51,15,962385.0,2024-07-19,2024-07-19
5686,5686,5746,13,131,1,915.8,2023-01-22,2023-01-22
5687,5687,5747,48,116,1,2576.0,10-04-2024,2024-10-04
5688,5688,5748,17,70,15,489564.45,04-09-2023,2023-04-09
5689,5689,5749,34,40,3,40424.4,25-08-2024,2024-08-25
5690,5690,5750,48,122,8,10580.0,2023-02-09,2023-02-09
5691,5691,5751,49,116,7,17127.55,2024-06-08,2024-06-08
5692,5692,5752,29,122,9,11902.0,07-07-2023,2023-07-07
5693,5693,5753,21,113,7,30765.0,25-06-2024,2024-06-25
5694,5694,5754,14,52,10,137041.0,13-09-2024,2024-09-13
5695,5695,5755,14,16,9,256551.3,11-03-2024,2024-11-03
5696,5696,5756,31,96,3,211863.0,02-08-2023,2023-02-08
5697,5697,5757,26,30,10,306355.05,2023-01-26,2023-01-26
5698,5698,5758,40,105,15,4643.0,2023-02-26,2023-02-26
5699,5699,5759,2,26,15,246285.6,20-11-2024,2024-11-20
5700,5700,5760,33,84,3,123758.4,2024-07-27,2024-07-27
5701,5701,5761,24,86,11,977316.3,06-02-2023,2023-06-02
5702,5702,5762,18,15,13,344562.15,08-11-2024,2024-08-11
5703,5703,5763,20,22,4,157811.0,2023-04-09,2023-04-09
5704,5704,5764,23,133,13,24605.0,2023-10-14,2023-10-14
5705,5705,5765,10,124,12,45239.0,2024-11-19,2024-11-19
5706,5706,5766,4,48,11,162100.0,05-03-2024,2024-05-03
5707,5707,5767,15,145,10,43499.0,24-04-2024,2024-04-24
5708,5708,5768,49,111,4,16283.95,2023-07-20,2023-07-20
5709,5709,5769,36,52,14,191857.0,2023-11-25,2023-11-25
5710,5710,5770,16,92,13,1097347.85,08-10-2024,2024-08-10
5711,5711,5771,20,14,15,537166.0,2023-09-20,2023-09-20
5712,5712,5772,10,73,14,1904027.05,2023-03-06,2023-03-06
5713,5713,5773,32,97,8,1028546.95,28-02-2024,2024-02-28
5714,5714,5774,32,13,9,69724.0,18-11-2024,2024-11-18
5715,5715,5775,16,39,8,237063.0,2023-01-03,2023-01-03
5716,5716,5776,23,31,14,110165.8,09-07-2023,2023-09-07
5717,5717,5777,21,77,3,127408.3,12-07-2023,2023-12-07
5718,5718,5778,18,107,8,11501.65,2023-04-18,2023-04-18
5719,5719,5779,6,118,2,8198.5,23-01-2023,2023-01-23
5720,5720,5780,33,148,6,28713.0,2023-05-19,2023-05-19
5721,5721,5781,47,54,12,1458418.0,27-11-2024,2024-11-27
5722,5722,5782,31,109,13,7690.25,2023-02-26,2023-02-26
5723,5723,5783,27,97,1,135335.0,06-08-2024,2024-06-08
5724,5724,5784,4,128,1,4418.45,20-03-2023,2023-03-20
5725,5725,5785,6,65,11,267078.25,12-05-2024,2024-12-05
5726,5726,5786,13,25,9,109138.0,19-11-2024,2024-11-19
5727,5727,5787,10,102,15,12480.0,09-06-2023,2023-09-06
5728,5728,5788,28,115,12,9468.65,2024-02-07,2024-02-07
5729,5729,5789,40,123,9,24994.0,05-05-2023,2023-05-05
5730,5730,5790,30,21,7,58084.9,2024-01-07,2024-01-07
5731,5731,5791,20,14,14,476287.25,01-04-2023,2023-01-04
5732,5732,5792,11,121,9,33248.0,17-06-2024,2024-06-17
5733,5733,5793,24,76,5,740991.0,21-04-2023,2023-04-21
5734,5734,5794,25,38,6,150828.65,2024-10-03,2024-10-03
5735,5735,5795,12,51,2,128318.0,2023-03-10,2023-03-10
5736,5736,5796,4,4,4,12851.6,2023-09-25,2023-09-25
5737,5737,5797,25,129,14,45727.0,2023-01-21,2023-01-21
5738,5738,5798,9,82,3,147156.9,2023-04-18,2023-04-18
5739,5739,5799,4,11,6,217391.0,2024-03-12,2024-03-12
5740,5740,5800,28,90,11,870071.0,2024-12-14,2024-12-14
5741,5741,5801,19,144,6,13285.0,2023-10-06,2023-10-06
5742,5742,5802,10,142,5,3925.4,06-04-2023,2023-06-04
5743,5743,5803,48,127,3,4648.0,2024-02-12,2024-02-12
5744,5744,5804,1,64,4,423720.9,31-03-2023,2023-03-31
5745,5745,5805,26,149,13,14370.65,2023-06-20,2023-06-20
5746,5746,5806,27,58,8,870597.0,23-05-2024,2024-05-23
5747,5747,5807,7,53,10,536750.0,19-08-2023,2023-08-19
5748,5748,5808,23,57,3,338553.4,15-08-2023,2023-08-15
5749,5749,5809,15,112,4,8287.8,10-12-2024,2024-10-12
5750,5750,5810,44,67,10,814995.5,13-10-2023,2023-10-13
5751,5751,5811,3,56,5,214944.0,22-06-2024,2024-06-22
5752,5752,5812,4,49,7,88207.5,29-11-2023,2023-11-29
5753,5753,5813,8,122,1,1255.9,23-12-2024,2024-12-23
5754,5754,5814,35,94,5,193566.3,10-03-2023,2023-10-03
5755,5755,5815,19,53,15,764868.75,18-03-2024,2024-03-18
5756,5756,5816,41,5,8,189352.0,2023-10-05,2023-10-05
5757,5757,5817,44,58,4,435298.0,12-02-2024,2024-12-02
5758,5758,5818,23,50,5,56380.0,2023-09-11,2023-09-11
5759,5759,5819,27,6,3,35461.0,11-09-2024,2024-11-09
5760,5760,5820,48,103,2,3399.1,25-07-2023,2023-07-25
5761,5761,5821,1,107,12,18161.0,05-10-2024,2024-05-10
5762,5762,5822,9,59,9,745270.25,11-10-2024,2024-11-10
5763,5763,5823,37,106,2,8770.0,2024-11-28,2024-11-28
5764,5764,5824,17,27,9,141172.85,2023-04-22,2023-04-22
5765,5765,5825,15,84,5,206263.05,2024-04-10,2024-04-10
5766,5766,5826,33,4,8,27055.0,18-11-2023,2023-11-18
5767,5767,5827,28,86,7,621928.9,2024-03-29,2024-03-29
5768,5768,5828,15,146,12,5654.4,01-05-2024,2024-01-05
5769,5769,5829,12,36,9,203413.0,2024-03-28,2024-03-28
5770,5770,5830,18,131,10,9636.0,25-04-2023,2023-04-25
5771,5771,5831,17,51,8,513272.0,2023-08-09,2023-08-09
5772,5772,5832,7,2,15,199473.4,2024-04-28,2024-04-28
5773,5773,5833,16,45,13,122310.6,2024-08-18,2024-08-18
5774,5774,5834,45,72,10,996646.0,2023-02-23,2023-02-23
5775,5775,5835,15,23,3,33536.0,07-03-2024,2024-07-03
5776,5776,5836,5,99,13,1324743.65,09-09-2024,2024-09-09
5777,5777,5837,40,7,12,222513.75,2023-10-30,2023-10-30
5778,5778,5838,45,49,8,106114.0,2023-10-12,2023-10-12
5779,5779,5839,24,135,11,17185.5,16-03-2023,2023-03-16
5780,5780,5840,12,53,7,356938.75,07-11-2024,2024-07-11
5781,5781,5841,15,104,10,35273.5,09-04-2023,2023-09-04
5782,5782,5842,24,125,4,12927.6,2024-05-26,2024-05-26
5783,5783,5843,17,138,10,39738.5,06-10-2023,2023-06-10
5784,5784,5844,41,33,15,95700.15,2024-12-27,2024-12-27
5785,5785,5845,30,101,15,6951.0,27-03-2024,2024-03-27
5786,5786,5846,6,93,7,703339.0,2023-11-07,2023-11-07
5787,5787,5847,17,94,2,81502.0,2024-06-08,2024-06-08
5788,5788,5848,7,11,5,172102.0,16-02-2023,2023-02-16
5789,5789,5849,15,3,4,34292.15,2024-12-11,2024-12-11
5790,5790,5850,39,26,1,17283.0,08-04-2023,2023-08-04
5791,5791,5851,23,28,15,203184.1,20-07-2024,2024-07-20
5792,5792,5852,6,1,2,62932.75,16-01-2023,2023-01-16
5793,5793,5853,14,135,13,21379.0,2023-11-20,2023-11-20
5794,5794,5854,5,73,11,1496021.05,2024-11-16,2024-11-16
5795,5795,5855,19,50,5,53561.0,02-08-2024,2024-02-08
5796,5796,5856,37,46,13,64789.0,19-01-2024,2024-01-19
5797,5797,5857,15,139,13,18523.0,2023-09-21,2023-09-21
5798,5798,5858,9,17,2,26674.1,22-04-2024,2024-04-22
5799,5799,5859,36,85,13,501523.0,2024-07-23,2024-07-23
5800,5800,5860,16,44,3,32421.0,04-03-2023,2023-04-03
5801,5801,5861,45,131,14,12815.5,21-02-2023,2023-02-21
5802,5802,5862,6,132,14,21882.0,2023-05-14,2023-05-14
5803,5803,5863,29,4,14,44978.7,11-12-2023,2023-11-12
5804,5804,5864,28,129,15,48993.0,2023-09-19,2023-09-19
5805,5805,5865,28,37,13,74936.0,27-03-2024,2024-03-27
5806,5806,5866,23,31,8,62951.75,22-09-2024,2024-09-22
5807,5807,5867,4,76,1,148198.0,04-11-2024,2024-04-11
5808,5808,5869,19,142,6,4710.1,19-05-2024,2024-05-19
5809,5809,5870,42,127,5,7359.65,27-07-2024,2024-07-27
5810,5810,5871,22,86,2,177693.7,28-08-2024,2024-08-28
5811,5811,5872,5,7,5,92714.3,21-10-2023,2023-10-21
5812,5812,5873,9,71,9,1112988.65,2024-01-03,2024-01-03
5813,5813,5874,19,49,5,63004.95,2023-12-17,2023-12-17
5814,5814,5875,14,114,3,2278.1,2024-01-08,2024-01-08
5815,5815,5876,7,40,2,28368.0,2024-01-15,2024-01-15
5816,5816,5877,21,96,9,603808.6,02-07-2024,2024-02-07
5817,5817,5878,22,129,8,26130.0,2023-12-14,2023-12-14
5818,5818,5879,31,117,13,53339.0,2023-09-25,2023-09-25
5819,5819,5880,14,28,6,81273.45,2024-06-15,2024-06-15
5820,5820,5881,9,32,11,137527.0,2023-12-07,2023-12-07
5821,5821,5882,12,137,15,50782.0,06-03-2024,2024-06-03
5822,5822,5883,15,103,10,16997.4,2024-06-25,2024-06-25
5823,5823,5884,16,100,4,397480.95,30-11-2024,2024-11-30
5824,5824,5885,9,123,3,7914.45,2023-10-12,2023-10-12
5825,5825,5886,4,19,1,15610.4,2024-08-26,2024-08-26
5826,5826,5887,31,68,7,444866.0,2024-08-24,2024-08-24
5827,5827,5888,44,44,10,108068.0,2024-12-28,2024-12-28
5828,5828,5889,34,142,11,9091.0,10-03-2023,2023-10-03
5829,5829,5890,43,42,6,34159.15,05-12-2024,2024-05-12
5830,5830,5891,13,147,13,37421.45,2024-10-13,2024-10-13
5831,5831,5892,15,25,9,103681.1,16-01-2024,2024-01-16
5832,5832,5893,15,113,7,30765.0,2024-10-27,2024-10-27
5833,5833,5894,17,91,14,1793983.8,29-08-2024,2024-08-29
5834,5834,5895,18,132,5,7815.0,02-08-2023,2023-02-08
5835,5835,5896,35,131,8,7709.0,01-03-2023,2023-01-03
5836,5836,5897,42,34,11,54093.0,06-09-2024,2024-06-09
5837,5837,5898,49,21,3,26204.0,2023-04-06,2023-04-06
5838,5838,5899,8,69,7,316855.0,25-09-2023,2023-09-25
5839,5839,5900,26,31,8,66265.0,2024-01-01,2024-01-01
5840,5840,5902,43,116,2,4893.45,19-05-2023,2023-05-19
5841,5841,5903,36,67,12,1029469.0,13-12-2023,2023-12-13
5842,5842,5904,39,141,2,9564.0,07-08-2024,2024-07-08
5843,5843,5905,34,85,8,293198.5,11-01-2024,2024-11-01
5844,5844,5906,3,85,9,329847.6,2023-06-28,2023-06-28
5845,5845,5907,7,29,10,346847.85,10-05-2023,2023-10-05
5846,5846,5908,43,140,13,38712.5,22-11-2023,2023-11-22
5847,5847,5909,7,103,10,17892.0,02-02-2023,2023-02-02
5848,5848,5910,13,22,5,187400.8,2024-02-26,2024-02-26
5849,5849,5911,35,138,12,47687.15,16-01-2024,2024-01-16
5850,5850,5912,42,136,15,28121.9,2023-03-14,2023-03-14
5851,5851,5913,8,31,6,47214.05,2024-04-16,2024-04-16
5852,5852,5914,36,98,8,603144.55,21-03-2024,2024-03-21
5853,5853,5915,18,130,1,4144.0,12-05-2023,2023-12-05
5854,5854,5916,43,56,8,343910.0,07-11-2023,2023-07-11
5855,5855,5917,26,108,3,9535.15,19-08-2024,2024-08-19
5856,5856,5918,40,96,3,211863.0,2023-05-18,2023-05-18
5857,5857,5919,36,50,11,117834.2,31-10-2023,2023-10-31
5858,5858,5920,29,45,5,47043.05,2024-08-25,2024-08-25
5859,5859,5921,25,71,10,1236653.95,20-04-2024,2024-04-20
5860,5860,5922,28,118,2,8198.5,25-04-2024,2024-04-25
5861,5861,5923,12,72,6,568088.6,07-08-2024,2024-07-08
5862,5862,5924,33,45,2,19807.0,24-12-2023,2023-12-24
5863,5863,5925,4,50,9,101484.0,05-10-2024,2024-05-10
5864,5864,5926,6,45,11,108941.0,13-06-2024,2024-06-13
5865,5865,5927,7,24,6,139393.0,2024-01-19,2024-01-19
5866,5866,5928,27,94,2,81502.0,09-09-2023,2023-09-09
5867,5867,5929,28,13,6,44158.85,20-07-2024,2024-07-20
5868,5868,5930,42,19,5,78053.9,30-06-2023,2023-06-30
5869,5869,5931,17,144,11,24356.0,2023-11-16,2023-11-16
5870,5870,5932,34,82,11,567974.0,2024-05-16,2024-05-16
5871,5871,5933,13,67,12,1029469.0,11-11-2024,2024-11-11
5872,5872,5934,22,11,11,378623.45,26-02-2023,2023-02-26
5873,5873,5935,15,59,11,910886.6,2023-01-17,2023-01-17
5874,5874,5936,14,93,14,1336344.1,08-02-2024,2024-08-02
5875,5875,5937,39,148,1,4786.0,2023-03-11,2023-03-11
5876,5876,5938,37,81,11,1276451.35,2023-01-04,2023-01-04
5877,5877,5939,35,92,10,888541.0,02-03-2023,2023-02-03
5878,5878,5940,7,47,2,12246.0,2023-09-04,2023-09-04
5879,5879,5941,35,48,6,83997.1,2024-03-04,2024-03-04
5880,5880,5942,15,121,11,40637.0,2023-04-06,2023-04-06
5881,5881,5943,32,17,5,70194.0,2024-05-25,2024-05-25
5882,5882,5944,18,22,9,355076.0,20-04-2023,2023-04-20
5883,5883,5945,12,135,10,16445.0,2024-04-16,2024-04-16
5884,5884,5946,42,56,10,408393.6,16-05-2023,2023-05-16
5885,5885,5947,40,56,12,515865.0,03-02-2023,2023-03-02
5886,5886,5948,9,90,1,75142.15,2024-08-14,2024-08-14
5887,5887,5949,37,85,5,183249.3,25-10-2023,2023-10-25
5888,5888,5950,42,20,12,370001.0,11-08-2023,2023-11-08
5889,5889,5951,7,50,14,149970.8,2024-08-15,2024-08-15
5890,5890,5952,8,72,9,896982.0,2024-08-06,2024-08-06
5891,5891,5953,37,72,7,662769.4,2023-01-18,2023-01-18
5892,5892,5954,15,148,1,4546.7,2023-05-17,2023-05-17
5893,5893,5955,1,82,14,686733.15,11-07-2024,2024-11-07
5894,5894,5956,40,111,15,64278.0,2023-11-15,2023-11-15
5895,5895,5957,2,129,4,13065.0,22-06-2024,2024-06-22
5896,5896,5958,31,27,5,78429.15,2023-06-20,2023-06-20
5897,5897,5959,17,38,12,317534.0,2023-10-09,2023-10-09
5898,5898,5960,30,75,7,229379.0,13-06-2023,2023-06-13
5899,5899,5961,6,81,8,977188.0,2023-10-17,2023-10-17
5900,5900,5962,46,27,15,247672.0,21-11-2023,2023-11-21
5901,5901,5963,49,7,7,136631.0,19-09-2024,2024-09-19
5902,5902,5964,24,10,5,160165.0,10-08-2023,2023-10-08
5903,5903,5965,33,79,4,264587.0,06-11-2024,2024-06-11
5904,5904,5966,32,74,13,1125261.0,18-05-2023,2023-05-18
5905,5905,5967,49,94,2,81502.0,2023-08-30,2023-08-30
5906,5906,5968,33,87,12,762203.05,14-12-2024,2024-12-14
5907,5907,5969,9,70,9,309199.0,2024-01-09,2024-01-09
5908,5908,5970,16,90,13,976851.75,30-06-2023,2023-06-30
5909,5909,5971,45,85,1,36650.05,23-04-2024,2024-04-23
5910,5910,5972,39,53,9,483075.0,12-10-2023,2023-12-10
5911,5911,5973,40,129,11,34131.6,2024-06-03,2024-06-03
5912,5912,5974,36,69,11,473019.25,2024-02-09,2024-02-09
5913,5913,5975,13,112,5,10359.75,2023-04-29,2023-04-29
5914,5914,5976,8,62,5,485554.5,28-04-2024,2024-04-28
5915,5915,5977,27,108,15,47673.85,05-06-2024,2024-05-06
5916,5916,5978,20,143,3,13309.0,09-07-2023,2023-09-07
5917,5917,5979,22,10,8,256264.0,2024-05-05,2024-05-05
5918,5918,5980,14,132,3,4454.55,28-06-2023,2023-06-28
5919,5919,5981,42,6,2,23640.0,2023-11-26,2023-11-26
5920,5920,5982,39,85,12,439796.8,2024-09-02,2024-09-02
5921,5921,5983,33,72,4,378726.05,22-10-2024,2024-10-22
5922,5922,5984,5,139,6,8121.55,2023-06-08,2023-06-08
5923,5923,5985,45,110,6,14224.35,21-04-2023,2023-04-21
5924,5924,5986,38,42,14,79705.0,02-07-2024,2024-02-07
5925,5925,5987,24,34,10,49175.0,2024-06-11,2024-06-11
5926,5926,5988,48,2,8,106385.75,28-07-2024,2024-07-28
5927,5927,5989,6,139,8,10829.05,2024-11-03,2024-11-03
5928,5928,5990,23,138,4,15895.4,2024-10-10,2024-10-10
5929,5929,5992,42,36,3,67804.0,11-04-2023,2023-11-04
5930,5930,5993,9,73,5,715800.0,2024-09-01,2024-09-01
5931,5931,5994,38,30,12,367625.3,2024-05-16,2024-05-16
5932,5932,5995,34,58,5,544123.0,2023-07-16,2023-07-16
5933,5933,5996,44,32,11,130650.65,2024-11-21,2024-11-21
5934,5934,5997,17,30,4,128991.0,30-04-2023,2023-04-30
5935,5935,5998,36,115,9,7475.0,2024-09-02,2024-09-02
5936,5936,5999,15,70,4,137422.0,25-11-2023,2023-11-25
5937,5937,6000,5,49,2,25201.6,2024-03-17,2024-03-17
5938,5938,6001,15,6,13,145979.85,26-09-2023,2023-09-26
5939,5939,6002,13,79,1,66147.0,2024-09-17,2024-09-17
5940,5940,6003,44,73,13,1861079.0,11-02-2023,2023-11-02
5941,5941,6004,8,103,12,21470.0,2024-05-24,2024-05-24
5942,5942,6005,22,149,12,13264.85,02-10-2023,2023-02-10
5943,5943,6006,45,4,6,19276.45,10-02-2024,2024-10-02
5944,5944,6007,26,6,11,123520.9,03-09-2023,2023-03-09
5945,5945,6008,12,107,10,14377.3,2024-03-27,2024-03-27
5946,5946,6009,36,89,9,708102.0,05-05-2024,2024-05-05
5947,5947,6010,27,136,1,1875.3,2023-06-06,2023-06-06
5948,5948,6011,19,72,12,1195976.0,17-10-2023,2023-10-17
5949,5949,6012,27,44,4,41065.65,19-05-2024,2024-05-19
5950,5950,6013,19,13,3,22078.95,23-06-2024,2024-06-23
5951,5951,6014,26,142,10,8264.0,05-01-2023,2023-05-01
5952,5952,6015,9,134,3,14153.0,2023-08-24,2023-08-24
5953,5953,6016,18,117,13,53339.0,03-03-2023,2023-03-03
5954,5954,6017,45,48,6,83997.1,26-12-2023,2023-12-26
5955,5955,6018,16,85,15,578680.0,14-07-2023,2023-07-14
5956,5956,6019,26,72,7,697652.0,15-05-2024,2024-05-15
5957,5957,6020,7,79,11,691234.25,29-10-2023,2023-10-29
5958,5958,6021,46,135,10,16445.0,2024-03-31,2024-03-31
5959,5959,6022,22,119,2,6512.0,2023-04-10,2023-04-10
5960,5960,6023,27,47,11,67353.0,2024-01-28,2024-01-28
5961,5961,6024,33,103,1,1789.0,20-10-2023,2023-10-20
5962,5962,6025,48,143,4,16858.7,2023-11-01,2023-11-01
5963,5963,6026,7,77,13,552102.95,2024-08-12,2024-08-12
5964,5964,6027,23,129,15,46543.35,2023-10-27,2023-10-27
5965,5965,6028,34,39,4,118531.0,15-10-2024,2024-10-15
5966,5966,6029,34,104,10,37130.0,2024-03-31,2024-03-31
5967,5967,6030,25,18,13,345442.0,26-01-2023,2023-01-26
5968,5968,6031,42,78,13,1503755.0,2024-10-24,2024-10-24
5969,5969,6032,21,25,14,161281.5,01-04-2024,2024-01-04
5970,5970,6033,5,78,2,231346.85,2024-02-03,2024-02-03
5971,5971,6034,27,122,3,3768.65,07-05-2023,2023-07-05
5972,5972,6035,46,67,5,407497.75,2024-10-23,2024-10-23
5973,5973,6036,29,136,4,7499.3,2024-11-12,2024-11-12
5974,5974,6037,39,71,10,1236653.95,23-11-2024,2024-11-23
5975,5975,6038,6,71,11,1360319.25,24-07-2024,2024-07-24
5976,5976,6039,32,118,6,24596.45,2024-08-19,2024-08-19
5977,5977,6040,16,69,1,43001.75,09-02-2023,2023-09-02
5978,5978,6041,35,46,4,18938.25,20-05-2023,2023-05-20
5979,5979,6042,30,113,13,57134.0,2023-04-03,2023-04-03
5980,5980,6043,35,80,10,1227626.1,10-08-2023,2023-10-08
5981,5981,6044,15,148,9,40916.5,24-12-2023,2023-12-24
5982,5982,6045,14,132,8,12504.0,11-08-2024,2024-11-08
5983,5983,6046,16,94,12,489010.0,2023-05-23,2023-05-23
5984,5984,6047,31,58,4,435298.0,09-08-2024,2024-09-08
5985,5985,6049,15,43,10,333420.55,2024-10-27,2024-10-27
5986,5986,6050,35,5,1,23669.0,2024-10-31,2024-10-31
5987,5987,6051,19,86,5,467616.0,2023-08-06,2023-08-06
5988,5988,6052,25,31,11,91114.0,13-01-2023,2023-01-13
5989,5989,6053,2,24,2,46464.0,28-01-2024,2024-01-28
5990,5990,6054,37,140,10,31346.0,29-12-2024,2024-12-29
5991,5991,6055,25,148,1,4546.7,2024-11-13,2024-11-13
5992,5992,6056,1,65,10,255577.0,06-07-2024,2024-06-07
5993,5993,6057,36,3,13,111448.3,2024-11-24,2024-11-24
5994,5994,6058,9,108,13,43492.0,19-04-2023,2023-04-19
5995,5995,6059,30,82,7,343366.1,2023-02-24,2023-02-24
5996,5996,6060,25,39,6,177797.0,2024-02-11,2024-02-11
5997,5997,6061,43,133,2,3595.75,2023-04-19,2023-04-19
5998,5998,6062,48,94,12,489010.0,17-09-2023,2023-09-17
5999,5999,6063,24,104,9,31746.15,2024-12-29,2024-12-29
6000,6000,6064,29,47,15,87251.8,2024-02-12,2024-02-12
6001,6001,6065,17,85,13,501523.0,31-10-2024,2024-10-31
6002,6002,6066,38,139,12,16244.05,15-08-2023,2023-08-15
6003,6003,6067,27,4,8,25702.25,20-06-2023,2023-06-20
6004,6004,6068,5,62,4,388443.6,2023-11-25,2023-11-25
6005,6005,6069,43,134,15,70764.0,2023-06-29,2023-06-29
6006,6006,6070,17,144,6,12620.75,07-04-2024,2024-07-04
6007,6007,6071,48,54,15,1823022.0,2024-10-13,2024-10-13
6008,6008,6072,45,87,11,698686.05,05-10-2023,2023-05-10
6009,6009,6073,1,28,13,176092.95,30-03-2023,2023-03-30
6010,6010,6074,42,114,9,6834.3,2023-06-21,2023-06-21
6011,6011,6075,42,29,5,182552.0,30-09-2023,2023-09-30
6012,6012,6076,9,148,12,54555.65,27-06-2024,2024-06-27
6013,6013,6077,19,66,13,155259.45,2023-06-24,2023-06-24
6014,6014,6078,33,142,9,7066.1,2024-12-03,2024-12-03
6015,6015,6079,6,147,12,34542.95,2024-11-19,2024-11-19
6016,6016,6080,34,104,1,3713.0,2024-03-13,2024-03-13
6017,6017,6081,3,4,4,12851.6,25-04-2023,2023-04-25
6018,6018,6082,25,8,11,52084.7,2024-07-04,2024-07-04
6019,6019,6083,33,11,12,413043.85,2024-06-19,2024-06-19
6020,6020,6084,20,95,14,977313.0,2023-10-13,2023-10-13
6021,6021,6085,30,136,15,28121.9,12-01-2024,2024-12-01
6022,6022,6086,8,44,11,118875.0,09-11-2023,2023-09-11
6023,6023,6087,39,83,5,640318.05,12-12-2023,2023-12-12
6024,6024,6088,38,145,9,39149.0,2024-11-21,2024-11-21
6025,6025,6089,15,79,10,661468.0,2023-05-27,2023-05-27
6026,6026,6090,48,107,3,4540.0,2024-11-01,2024-11-01
6027,6027,6092,40,37,15,91016.0,2024-01-23,2024-01-23
6028,6028,6093,6,64,10,1115056.0,2023-02-01,2023-02-01
6029,6029,6094,30,76,3,444595.0,2024-01-30,2024-01-30
6030,6030,6095,6,100,11,1093072.85,28-02-2023,2023-02-28
6031,6031,6096,19,121,10,36943.0,28-03-2023,2023-03-28
6032,6032,6097,39,11,15,543479.0,11-10-2024,2024-11-10
6033,6033,6098,44,119,14,45581.0,29-10-2024,2024-10-29
6034,6034,6099,10,59,5,435831.0,2024-03-15,2024-03-15
6035,6035,6100,10,69,11,497915.0,13-03-2024,2024-03-13
6036,6036,6101,9,49,10,126009.9,2024-01-05,2024-01-05
6037,6037,6102,4,137,3,9648.2,2023-03-07,2023-03-07
6038,6038,6103,31,142,11,9091.0,06-11-2024,2024-06-11
6039,6039,6104,39,63,2,279915.0,2023-07-15,2023-07-15
6040,6040,6105,24,130,6,24865.0,30-09-2023,2023-09-30
6041,6041,6106,14,35,10,104552.25,2024-02-18,2024-02-18
6042,6042,6108,34,13,14,103036.05,2024-05-31,2024-05-31
6043,6043,6109,2,12,14,38167.0,2024-02-13,2024-02-13
6044,6044,6110,20,125,6,20412.0,18-01-2024,2024-01-18
6045,6045,6111,28,101,12,5282.95,08-07-2023,2023-08-07
6046,6046,6112,43,92,9,759702.65,2024-02-17,2024-02-17
6047,6047,6113,48,45,10,94085.15,02-04-2024,2024-02-04
6048,6048,6114,41,19,2,31221.75,23-09-2024,2024-09-23
6049,6049,6115,23,10,14,426039.85,2024-10-31,2024-10-31
6050,6050,6116,8,113,6,25051.5,10-12-2023,2023-10-12
6051,6051,6117,18,104,10,35273.5,05-09-2023,2023-05-09
6052,6052,6118,23,97,5,676675.0,2024-10-06,2024-10-06
6053,6053,6119,16,116,13,33482.0,09-08-2023,2023-09-08
6054,6054,6120,27,22,3,118359.0,2023-01-11,2023-01-11
6055,6055,6121,13,56,8,326714.5,30-11-2023,2023-11-30
6056,6056,6122,26,22,5,187400.8,15-10-2023,2023-10-15
6057,6057,6123,20,92,6,506468.75,2024-02-10,2024-02-10
6058,6058,6124,40,88,3,145009.0,29-09-2023,2023-09-29
6059,6059,6125,11,1,1,31466.85,2024-04-28,2024-04-28
6060,6060,6126,43,54,9,1039122.35,24-08-2023,2023-08-24
6061,6061,6127,34,44,9,97262.0,2024-12-04,2024-12-04
6062,6062,6128,17,70,12,391651.75,25-07-2023,2023-07-25
6063,6063,6129,46,105,15,4643.0,2024-05-06,2024-05-06
6064,6064,6130,49,57,1,112851.45,2024-11-29,2024-11-29
6065,6065,6131,49,29,13,474634.0,2023-10-31,2023-10-31
6066,6066,6132,32,125,12,40825.0,2023-07-28,2023-07-28
6067,6067,6133,14,101,13,6024.0,15-12-2024,2024-12-15
6068,6068,6134,6,111,14,59993.0,15-04-2023,2023-04-15
6069,6069,6135,39,6,3,35461.0,17-04-2024,2024-04-17
6070,6070,6136,48,65,4,97119.45,19-10-2024,2024-10-19
6071,6071,6137,21,124,11,39395.55,2023-11-28,2023-11-28
6072,6072,6138,20,12,7,18128.85,24-06-2023,2023-06-24
6073,6073,6139,11,86,7,621928.9,29-01-2023,2023-01-29
6074,6074,6140,38,74,10,822306.7,2024-05-24,2024-05-24
6075,6075,6141,1,56,2,81679.1,2024-12-31,2024-12-31
6076,6076,6142,44,13,10,73597.45,2023-11-01,2023-11-01
6077,6077,6143,32,98,9,714250.0,09-11-2023,2023-09-11
6078,6078,6144,14,18,15,398587.0,2024-11-24,2024-11-24
6079,6079,6145,46,52,11,143207.75,19-10-2024,2024-10-19
6080,6080,6146,36,80,14,1809134.0,20-11-2024,2024-11-20
6081,6081,6147,23,72,6,568088.6,21-09-2023,2023-09-21
6082,6082,6148,42,69,11,497915.0,2023-05-21,2023-05-21
6083,6083,6149,1,64,8,847441.8,18-07-2023,2023-07-18
6084,6084,6150,11,147,14,42421.0,14-06-2024,2024-06-14
6085,6085,6151,25,105,7,2167.0,17-05-2024,2024-05-17
6086,6086,6152,41,15,7,195298.0,2024-12-26,2024-12-26
6087,6087,6153,25,98,11,829323.4,10-11-2023,2023-10-11
6088,6088,6154,28,25,3,36379.0,06-04-2024,2024-06-04
6089,6089,6155,33,26,14,241965.0,2024-06-12,2024-06-12
6090,6090,6156,33,109,6,3549.2,13-01-2023,2023-01-13
6091,6091,6157,11,70,4,137422.0,26-01-2023,2023-01-26
6092,6092,6158,40,12,6,16357.0,13-06-2023,2023-06-13
6093,6093,6160,18,86,2,187046.0,2023-08-05,2023-08-05
6094,6094,6161,11,28,1,14259.0,2024-08-25,2024-08-25
6095,6095,6162,42,119,9,29302.0,20-02-2024,2024-02-20
6096,6096,6163,39,10,10,320330.0,16-11-2024,2024-11-16
6097,6097,6164,4,68,15,1003457.0,21-01-2023,2023-01-21
6098,6098,6165,25,54,11,1336883.0,2023-11-12,2023-11-12
6099,6099,6166,11,29,7,242793.4,05-06-2024,2024-05-06
6100,6100,6167,15,108,7,22248.05,11-09-2024,2024-11-09
6101,6101,6168,3,132,13,20319.0,2023-10-06,2023-10-06
6102,6102,6169,47,30,10,306355.05,09-08-2024,2024-09-08
6103,6103,6170,23,56,4,163357.25,24-07-2024,2024-07-24
6104,6104,6171,23,150,1,1646.0,2023-05-06,2023-05-06
6105,6105,6172,37,75,5,163842.0,2023-10-17,2023-10-17
6106,6106,6173,49,45,4,39615.0,2023-01-11,2023-01-11
6107,6107,6175,36,50,13,146588.0,2023-02-01,2023-02-01
6108,6108,6176,48,132,6,8909.1,17-09-2023,2023-09-17
6109,6109,6177,24,59,10,871661.0,18-06-2024,2024-06-18
6110,6110,6178,47,98,15,1190417.0,2023-03-08,2023-03-08
6111,6111,6179,9,127,3,4415.6,2024-03-09,2024-03-09
6112,6112,6180,42,53,12,644100.0,2023-07-27,2023-07-27
6113,6113,6181,31,11,12,434783.0,10-08-2024,2024-10-08
6114,6114,6182,9,45,7,65859.7,20-11-2024,2024-11-20
6115,6115,6183,10,69,9,407385.0,2024-10-04,2024-10-04
6116,6116,6184,13,11,4,137681.6,2024-02-01,2024-02-01
6117,6117,6185,10,39,2,56302.7,13-08-2024,2024-08-13
6118,6118,6186,38,58,12,1240600.25,2024-02-20,2024-02-20
6119,6119,6187,46,47,4,24492.0,16-10-2024,2024-10-16
6120,6120,6188,34,133,10,18927.0,29-10-2023,2023-10-29
6121,6121,6189,30,147,11,31664.45,08-08-2023,2023-08-08
6122,6122,6190,21,37,7,40350.3,2023-06-21,2023-06-21
6123,6123,6191,16,105,8,2476.0,2023-02-15,2023-02-15
6124,6124,6192,36,66,6,75430.0,05-08-2024,2024-05-08
6125,6125,6193,27,22,9,337322.2,05-02-2023,2023-05-02
6126,6126,6194,37,143,11,48801.0,2023-05-27,2023-05-27
6127,6127,6195,1,44,9,92398.9,2024-12-17,2024-12-17
6128,6128,6196,47,52,15,195283.9,10-04-2024,2024-10-04
6129,6129,6197,3,15,2,53010.0,25-07-2023,2023-07-25
6130,6130,6198,5,73,10,1360019.05,2023-04-06,2023-04-06
6131,6131,6199,24,76,3,422365.25,2024-01-14,2024-01-14
6132,6132,6200,38,28,2,27091.15,14-10-2023,2023-10-14
6133,6133,6201,35,71,15,1854980.45,2024-07-28,2024-07-28
6134,6134,6202,14,93,10,954531.5,23-07-2024,2024-07-23
6135,6135,6203,43,130,2,7873.6,11-06-2023,2023-11-06
6136,6136,6204,27,56,8,326714.5,2024-06-07,2024-06-07
6137,6137,6205,41,81,11,1276451.35,26-02-2023,2023-02-26
6138,6138,6206,36,117,9,35080.65,26-01-2024,2024-01-26
6139,6139,6207,30,120,5,15622.0,2023-01-08,2023-01-08
6140,6140,6208,34,21,1,8735.0,19-04-2024,2024-04-19
6141,6141,6209,12,81,8,928328.6,13-06-2024,2024-06-13
6142,6142,6210,2,84,2,86848.0,23-04-2024,2024-04-23
6143,6143,6211,6,48,7,97996.3,13-01-2023,2023-01-13
6144,6144,6212,47,51,14,853314.7,01-08-2023,2023-01-08
6145,6145,6213,25,81,7,812287.05,16-07-2023,2023-07-16
6146,6146,6214,11,115,9,7475.0,2023-04-03,2023-04-03
6147,6147,6215,23,145,4,16529.05,15-10-2024,2024-10-15
6148,6148,6216,18,18,3,79717.0,2024-11-27,2024-11-27
6149,6149,6217,12,76,5,703941.45,05-11-2024,2024-05-11
6150,6150,6218,41,33,12,80589.0,2024-05-07,2024-05-07
6151,6151,6219,39,128,12,53018.55,2024-01-24,2024-01-24
6152,6152,6220,7,103,11,18696.95,10-01-2024,2024-10-01
6153,6153,6221,43,82,14,686733.15,01-09-2023,2023-01-09
6154,6154,6222,12,38,10,251380.45,21-10-2023,2023-10-21
6155,6155,6223,8,23,15,167679.0,2023-01-20,2023-01-20
6156,6156,6224,12,119,4,12371.85,31-08-2024,2024-08-31
6157,6157,6225,30,87,12,762203.05,2023-09-16,2023-09-16
6158,6158,6226,25,147,15,43178.45,26-06-2023,2023-06-26
6159,6159,6227,27,70,15,515331.0,10-04-2023,2023-10-04
6160,6160,6228,26,9,11,436760.0,2023-09-18,2023-09-18
6161,6161,6229,14,1,4,125865.5,07-10-2024,2024-07-10
6162,6162,6230,41,122,4,5025.5,2024-01-21,2024-01-21
6163,6163,6231,8,124,2,7163.0,11-01-2023,2023-11-01
6164,6164,6232,10,77,3,134114.0,18-10-2024,2024-10-18
6165,6165,6233,3,119,12,39070.0,2024-06-13,2024-06-13
6166,6166,6234,38,34,1,4918.0,2024-09-23,2024-09-23
6167,6167,6235,16,41,15,159000.0,12-08-2024,2024-12-08
6168,6168,6236,33,7,3,58556.0,05-06-2024,2024-05-06
6169,6169,6237,26,22,11,433981.0,2024-01-24,2024-01-24
6170,6170,6238,16,69,2,90530.0,19-11-2023,2023-11-19
6171,6171,6239,44,141,7,33473.0,2024-11-17,2024-11-17
6172,6172,6240,44,114,1,759.05,07-02-2024,2024-07-02
6173,6173,6241,2,130,15,62161.0,10-05-2024,2024-10-05
6174,6174,6242,46,29,4,146041.0,07-07-2024,2024-07-07
6175,6175,6243,28,117,15,61545.0,2024-10-01,2024-10-01
6176,6176,6244,38,99,3,305710.0,25-06-2024,2024-06-25
6177,6177,6245,6,45,10,99037.0,2024-02-19,2024-02-19
6178,6178,6246,49,95,3,209424.0,2024-12-06,2024-12-06
6179,6179,6247,45,24,5,116161.0,26-02-2024,2024-02-26
6180,6180,6248,5,115,3,2367.4,16-09-2023,2023-09-16
6181,6181,6249,26,95,4,279232.0,2024-02-02,2024-02-02
6182,6182,6250,8,149,4,4421.3,2023-07-08,2023-07-08
6183,6183,6251,10,2,8,106385.75,02-03-2023,2023-02-03
6184,6184,6252,3,40,12,170208.0,09-09-2023,2023-09-09
6185,6185,6253,20,150,10,16457.0,14-04-2023,2023-04-14
6186,6186,6254,31,33,1,6380.2,22-04-2023,2023-04-22
6187,6187,6255,14,144,10,22141.0,2024-04-03,2024-04-03
6188,6188,6256,34,120,11,32650.55,2024-01-08,2024-01-08
6189,6189,6257,5,37,14,80700.6,2024-05-20,2024-05-20
6190,6190,6258,16,14,5,179055.0,25-12-2024,2024-12-25
6191,6191,6259,35,55,2,208975.3,04-11-2023,2023-04-11
6192,6192,6260,48,138,6,23843.1,24-04-2024,2024-04-24
6193,6193,6261,20,2,10,139982.0,2024-09-26,2024-09-26
6194,6194,6262,48,139,13,18523.0,2024-12-17,2024-12-17
6195,6195,6263,8,63,6,797758.7,2024-04-06,2024-04-06
6196,6196,6264,4,98,12,904717.3,04-12-2023,2023-04-12
6197,6197,6265,45,126,6,16062.0,13-04-2024,2024-04-13
6198,6198,6266,8,94,4,154852.85,03-02-2023,2023-03-02
6199,6199,6267,31,113,12,52740.0,02-02-2023,2023-02-02
6200,6200,6268,48,95,12,837696.0,2023-12-06,2023-12-06
6201,6201,6269,18,124,6,21489.0,2024-06-19,2024-06-19
6202,6202,6270,26,115,3,2367.4,29-12-2024,2024-12-29
6203,6203,6271,11,121,3,10528.85,11-12-2023,2023-11-12
6204,6204,6272,2,7,9,166885.55,2024-06-16,2024-06-16
6205,6205,6273,41,17,14,196543.0,28-06-2023,2023-06-28
6206,6206,6274,1,36,6,128827.6,03-07-2024,2024-03-07
6207,6207,6275,6,16,11,313562.7,2023-08-31,2023-08-31
6208,6208,6276,43,2,9,119683.85,2024-07-27,2024-07-27
6209,6209,6277,37,49,8,106114.0,2023-10-22,2023-10-22
6210,6210,6278,23,14,10,340205.45,2023-09-01,2023-09-01
6211,6211,6279,35,66,13,155259.45,2023-07-13,2023-07-13
6212,6212,6280,24,10,10,320330.0,2023-12-30,2023-12-30
6213,6213,6281,25,79,13,816913.55,30-06-2023,2023-06-30
6214,6214,6282,26,146,14,6596.8,2023-01-14,2023-01-14
6215,6215,6283,15,150,14,21887.05,2024-04-10,2024-04-10
6216,6216,6284,17,44,15,153997.85,2023-12-14,2023-12-14
6217,6217,6285,42,31,12,99397.0,04-02-2023,2023-04-02
6218,6218,6286,21,114,15,11389.55,20-01-2023,2023-01-20
6219,6219,6287,5,89,6,448464.6,2023-05-27,2023-05-27
6220,6220,6288,17,18,6,159435.0,15-02-2024,2024-02-15
6221,6221,6289,23,25,12,138242.1,02-09-2023,2023-02-09
6222,6222,6290,44,36,3,64413.8,13-05-2023,2023-05-13
6223,6223,6291,26,126,15,40156.0,2024-11-19,2024-11-19
6224,6224,6292,27,101,7,3244.0,12-07-2024,2024-12-07
6225,6225,6293,44,50,13,146588.0,2023-03-30,2023-03-30
6226,6226,6294,25,30,11,336990.65,11-03-2023,2023-11-03
6227,6227,6295,32,46,11,54821.0,2023-02-04,2023-02-04
6228,6228,6296,44,68,12,762626.75,2024-10-19,2024-10-19
6229,6229,6297,13,78,10,1156735.2,12-06-2023,2023-12-06
6230,6230,6298,35,65,5,127788.0,2024-08-07,2024-08-07
6231,6231,6299,30,111,3,12856.0,2024-10-03,2024-10-03
6232,6232,6300,3,29,15,520272.25,27-02-2023,2023-02-27
6233,6233,6301,10,73,6,858960.0,06-07-2024,2024-06-07
6234,6234,6302,41,94,11,448259.0,20-01-2023,2023-01-20
6235,6235,6303,6,116,8,19573.8,2023-10-10,2023-10-10
6236,6236,6304,38,40,3,42552.0,21-06-2023,2023-06-21
6237,6237,6305,1,65,3,76673.0,2023-08-16,2023-08-16
6238,6238,6306,13,128,11,51158.0,15-08-2024,2024-08-15
6239,6239,6307,13,107,1,1437.35,2023-08-31,2023-08-31
6240,6240,6308,5,140,11,32756.0,2023-06-21,2023-06-21
6241,6241,6309,37,74,7,575614.5,24-01-2024,2024-01-24
6242,6242,6310,10,112,9,19629.0,12-10-2024,2024-12-10
6243,6243,6311,11,114,3,2278.1,2023-05-08,2023-05-08
6244,6244,6312,16,62,5,511110.0,21-08-2023,2023-08-21
6245,6245,6313,24,134,12,53780.45,2024-08-14,2024-08-14
6246,6246,6314,31,99,15,1528550.0,15-01-2024,2024-01-15
6247,6247,6315,26,120,8,24996.0,2023-08-02,2023-08-02
6248,6248,6316,41,99,9,917130.0,2024-06-04,2024-06-04
6249,6249,6317,6,54,3,364604.0,2024-09-20,2024-09-20
6250,6250,6318,45,13,2,15494.0,02-10-2024,2024-02-10
6251,6251,6319,8,65,3,76673.0,2024-11-06,2024-11-06
6252,6252,6320,5,29,14,511145.0,2023-07-16,2023-07-16
6253,6253,6321,2,143,13,57674.0,2024-09-10,2024-09-10
6254,6254,6322,24,77,14,625865.0,28-10-2024,2024-10-28
6255,6255,6323,46,89,14,1046418.35,2023-04-08,2023-04-08
6256,6256,6324,34,46,11,54821.0,2024-04-04,2024-04-04
6257,6257,6325,8,2,8,111985.0,2024-02-07,2024-02-07
6258,6258,6326,7,37,4,24271.0,17-12-2024,2024-12-17
6259,6259,6327,32,103,1,1699.55,2023-11-15,2023-11-15
6260,6260,6328,43,94,8,326007.0,2024-07-03,2024-07-03
6261,6261,6329,25,17,12,160041.75,2023-11-30,2023-11-30
6262,6262,6330,44,85,7,256548.45,06-02-2024,2024-06-02
6263,6263,6331,21,28,2,27091.15,2024-02-01,2024-02-01
6264,6264,6332,29,121,3,11083.0,05-07-2024,2024-05-07
6265,6265,6333,18,129,6,18617.15,2023-08-28,2023-08-28
6266,6266,6334,2,102,12,9984.0,2024-07-24,2024-07-24
6267,6267,6335,5,87,10,668599.0,02-08-2024,2024-02-08
6268,6268,6337,1,3,4,34292.15,2024-07-17,2024-07-17
6269,6269,6338,14,113,7,29226.75,30-05-2023,2023-05-30
6270,6270,6339,29,108,5,15891.6,17-05-2024,2024-05-17
6271,6271,6340,17,134,4,18870.0,2024-07-25,2024-07-25
6272,6272,6341,20,17,7,93357.45,2024-02-24,2024-02-24
6273,6273,6342,27,66,2,25143.0,2023-07-31,2023-07-31
6274,6274,6343,6,120,11,34369.0,02-11-2024,2024-02-11
6275,6275,6344,14,73,10,1360019.05,08-02-2023,2023-08-02
6276,6276,6345,47,55,13,1429834.0,2024-07-16,2024-07-16
6277,6277,6346,39,127,14,21691.0,22-04-2023,2023-04-22
6278,6278,6347,22,124,6,21489.0,2024-03-19,2024-03-19
6279,6279,6348,44,48,1,13999.2,02-11-2024,2024-02-11
6280,6280,6349,21,86,11,1028754.0,2024-10-29,2024-10-29
6281,6281,6350,1,3,3,27073.0,2024-10-05,2024-10-05
6282,6282,6351,9,126,3,8031.0,2023-03-12,2023-03-12
6283,6283,6352,2,76,13,1830248.15,2024-04-17,2024-04-17
6284,6284,6353,14,29,9,328593.0,2023-12-14,2023-12-14
6285,6285,6354,19,22,10,374802.55,2024-06-11,2024-06-11
6286,6286,6355,6,132,9,13363.65,2024-07-18,2024-07-18
6287,6287,6356,48,136,10,19735.0,2024-04-13,2024-04-13
6288,6288,6357,13,122,3,3768.65,22-07-2023,2023-07-22
6289,6289,6358,4,121,5,18471.0,29-06-2024,2024-06-29
6290,6290,6359,12,135,3,4934.0,2024-03-26,2024-03-26
6291,6291,6360,6,99,7,750867.0,30-10-2023,2023-10-30
6292,6292,6361,25,55,11,1209859.0,05-02-2024,2024-05-02
6293,6293,6362,42,117,12,49236.0,2024-11-18,2024-11-18
6294,6294,6363,17,147,9,27271.0,23-09-2024,2024-09-23
6295,6295,6364,28,97,9,1218016.0,2023-05-31,2023-05-31
6296,6296,6365,32,17,4,53347.25,2023-12-04,2023-12-04
6297,6297,6366,8,19,10,164324.0,2024-11-29,2024-11-29
6298,6298,6367,5,42,3,17080.05,2023-07-10,2023-07-10
6299,6299,6368,39,60,6,619881.65,28-11-2023,2023-11-28
6300,6300,6370,39,49,5,66321.0,22-07-2023,2023-07-22
6301,6301,6371,16,35,11,115007.95,2023-06-12,2023-06-12
6302,6302,6372,2,134,15,67225.8,2023-05-26,2023-05-26
6303,6303,6373,19,23,1,10620.05,2024-10-05,2024-10-05
6304,6304,6374,47,28,2,28517.0,24-09-2024,2024-09-24
6305,6305,6375,27,41,1,10600.0,2023-08-24,2023-08-24
6306,6306,6376,46,82,14,722877.0,2023-11-10,2023-11-10
6307,6307,6377,27,61,5,133088.35,11-05-2023,2023-11-05
6308,6308,6378,35,12,2,5452.0,03-05-2024,2024-03-05
6309,6309,6379,31,6,10,118202.0,2024-09-22,2024-09-22
6310,6310,6380,34,144,13,27344.8,23-09-2023,2023-09-23
6311,6311,6381,4,88,12,580038.0,18-06-2023,2023-06-18
6312,6312,6382,16,33,13,82939.75,2023-12-05,2023-12-05
6313,6313,6383,25,94,10,407508.0,25-08-2023,2023-08-25
6314,6314,6384,43,44,8,86455.0,29-10-2024,2024-10-29
6315,6315,6385,47,69,4,172007.0,2024-09-27,2024-09-27
6316,6316,6386,46,4,13,41765.8,26-08-2023,2023-08-26
6317,6317,6387,22,112,12,24862.45,2024-12-10,2024-12-10
6318,6318,6388,24,50,9,96409.8,21-01-2024,2024-01-21
6319,6319,6389,33,17,11,146705.65,30-12-2024,2024-12-30
6320,6320,6390,21,100,2,198740.0,2023-08-05,2023-08-05
6321,6321,6391,15,92,13,1155103.0,10-07-2023,2023-10-07
6322,6322,6392,28,141,12,54512.9,2023-11-05,2023-11-05
6323,6323,6393,49,59,5,435831.0,22-02-2024,2024-02-22
6324,6324,6394,37,129,10,32662.0,13-04-2023,2023-04-13
6325,6325,6396,41,13,10,77471.0,2023-06-12,2023-06-12
6326,6326,6397,27,26,1,16418.85,10-03-2023,2023-10-03
6327,6327,6398,37,15,11,291552.15,23-03-2024,2024-03-23
6328,6328,6399,13,58,2,206766.55,24-11-2023,2023-11-24
6329,6329,6400,33,48,3,44209.0,2023-11-20,2023-11-20
6330,6330,6401,47,110,6,14224.35,11-11-2023,2023-11-11
6331,6331,6402,10,77,4,178819.0,2024-07-27,2024-07-27
6332,6332,6403,8,109,14,8282.1,2024-11-15,2024-11-15
6333,6333,6404,19,22,9,337322.2,11-10-2024,2024-11-10
6334,6334,6405,19,87,8,508135.05,2024-04-04,2024-04-04
6335,6335,6406,40,61,13,364242.0,07-04-2024,2024-07-04
6336,6336,6407,28,39,15,444492.0,01-09-2023,2023-01-09
6337,6337,6408,6,86,14,1309324.0,17-09-2023,2023-09-17
6338,6338,6409,37,115,15,12459.0,31-05-2024,2024-05-31
6339,6339,6410,36,44,9,97262.0,2023-01-23,2023-01-23
6340,6340,6411,23,8,5,24921.0,14-06-2023,2023-06-14
6341,6341,6412,33,107,15,22701.0,17-05-2023,2023-05-17
6342,6342,6413,21,70,1,32637.25,2024-01-13,2024-01-13
6343,6343,6414,17,29,6,208108.9,26-02-2024,2024-02-26
6344,6344,6415,9,84,2,82505.6,2023-04-23,2023-04-23
6345,6345,6416,24,116,11,28331.0,2023-09-13,2023-09-13
6346,6346,6417,25,142,3,2479.0,27-12-2023,2023-12-27
6347,6347,6418,30,74,1,82231.05,2023-04-18,2023-04-18
6348,6348,6419,11,86,1,88846.85,05-03-2023,2023-05-03
6349,6349,6420,3,112,2,4362.0,2024-04-07,2024-04-07
6350,6350,6421,12,109,5,2958.3,29-08-2024,2024-08-29
6351,6351,6422,46,92,4,355416.0,19-12-2024,2024-12-19
6352,6352,6423,46,57,2,237581.0,09-04-2024,2024-09-04
6353,6353,6424,46,134,11,51894.0,2024-10-14,2024-10-14
6354,6354,6425,43,54,4,486139.0,2023-11-04,2023-11-04
6355,6355,6426,36,95,5,331588.0,12-08-2024,2024-12-08
6356,6356,6427,16,59,3,261498.0,01-06-2023,2023-01-06
6357,6357,6428,14,118,4,16397.0,18-07-2024,2024-07-18
6358,6358,6429,7,133,8,15142.0,14-02-2023,2023-02-14
6359,6359,6430,40,86,14,1243857.8,16-10-2024,2024-10-16
6360,6360,6431,14,4,5,16063.55,2023-05-22,2023-05-22
6361,6361,6432,14,82,7,361438.0,06-08-2024,2024-06-08
6362,6362,6433,45,104,12,44556.0,2024-06-26,2024-06-26
6363,6363,6434,31,119,7,21651.45,23-11-2023,2023-11-23
6364,6364,6435,15,10,10,320330.0,2023-10-12,2023-10-12
6365,6365,6436,37,107,6,9080.0,03-10-2023,2023-03-10
6366,6366,6437,34,59,7,579654.85,2024-09-06,2024-09-06
6367,6367,6438,14,48,4,58945.0,2024-08-14,2024-08-14
6368,6368,6439,42,3,9,77157.1,2024-03-15,2024-03-15
6369,6369,6440,6,78,9,1095854.0,2023-12-20,2023-12-20
6370,6370,6441,43,136,6,11841.0,2023-01-25,2023-01-25
6371,6371,6442,20,109,12,7472.0,12-06-2024,2024-12-06
6372,6372,6443,42,122,6,7935.0,04-12-2024,2024-04-12
6373,6373,6444,22,25,12,138242.1,25-08-2023,2023-08-25
6374,6374,6445,20,5,6,142014.0,2023-11-15,2023-11-15
6375,6375,6446,9,124,4,15080.0,2024-10-22,2024-10-22
6376,6376,6447,13,4,13,43964.0,2024-09-26,2024-09-26
6377,6377,6448,16,58,15,1632369.0,03-08-2023,2023-03-08
6378,6378,6449,1,112,7,15267.0,19-11-2024,2024-11-19
6379,6379,6450,11,21,8,66382.2,2023-05-29,2023-05-29
6380,6380,6451,3,120,7,21871.0,01-01-2024,2024-01-01
6381,6381,6452,28,69,8,362120.0,2023-07-06,2023-07-06
6382,6382,6453,44,17,8,106694.5,02-02-2023,2023-02-02
6383,6383,6454,40,26,3,51850.0,02-07-2024,2024-02-07
6384,6384,6455,46,138,11,43713.3,29-04-2023,2023-04-29
6385,6385,6456,6,115,10,8306.0,13-01-2023,2023-01-13
6386,6386,6457,11,12,15,38848.35,05-11-2024,2024-05-11
6387,6387,6458,34,72,10,996646.0,25-01-2024,2024-01-25
6388,6388,6459,3,91,8,1079088.0,2023-01-02,2023-01-02
6389,6389,6460,47,127,4,5887.15,04-04-2024,2024-04-04
6390,6390,6461,25,52,5,68520.0,2024-03-27,2024-03-27
6391,6391,6462,1,16,6,180036.0,2023-04-10,2023-04-10
6392,6392,6463,19,88,3,137758.55,18-05-2023,2023-05-18
6393,6393,6464,15,117,6,23387.1,27-07-2023,2023-07-27
6394,6394,6465,19,79,13,859909.0,29-04-2023,2023-04-29
6395,6395,6466,15,138,5,20915.0,07-08-2023,2023-07-08
6396,6396,6467,21,11,6,206521.45,13-09-2023,2023-09-13
6397,6397,6468,7,122,10,13225.0,2024-06-14,2024-06-14
6398,6398,6469,48,8,5,24921.0,10-04-2023,2023-10-04
6399,6399,6470,13,101,7,3244.0,2024-03-16,2024-03-16
6400,6400,6471,46,91,12,1618632.0,06-09-2023,2023-06-09
6401,6401,6472,46,116,3,7727.0,08-12-2024,2024-08-12
6402,6402,6473,28,112,2,4143.9,2023-05-06,2023-05-06
6403,6403,6474,6,88,7,338355.0,30-06-2023,2023-06-30
6404,6404,6475,43,88,2,96673.0,06-08-2024,2024-06-08
6405,6405,6476,38,129,3,9799.0,2023-05-20,2023-05-20
6406,6406,6477,46,29,5,182552.0,2023-07-05,2023-07-05
6407,6407,6478,14,69,6,271590.0,10-09-2024,2024-10-09
6408,6408,6479,25,18,9,227194.4,2023-12-10,2023-12-10
6409,6409,6480,9,1,9,298103.0,2024-07-18,2024-07-18
6410,6410,6481,9,44,14,151296.0,11-10-2023,2023-11-10
6411,6411,6482,24,146,8,3769.6,2024-04-20,2024-04-20
6412,6412,6483,12,113,5,20876.25,2024-10-23,2024-10-23
6413,6413,6484,31,108,6,20073.0,2024-11-27,2024-11-27
6414,6414,6485,15,133,13,23374.75,24-07-2023,2023-07-24
6415,6415,6486,17,28,15,203184.1,19-12-2023,2023-12-19
6416,6416,6487,5,81,2,244297.0,13-12-2023,2023-12-13
6417,6417,6488,19,81,7,855039.0,05-03-2023,2023-05-03
6418,6418,6489,34,8,6,29905.0,23-12-2024,2024-12-23
6419,6419,6490,12,20,6,185001.0,25-08-2024,2024-08-25
6420,6420,6491,38,125,15,51031.0,13-09-2024,2024-09-13
6421,6421,6492,37,122,4,5025.5,2023-11-17,2023-11-17
6422,6422,6493,38,107,9,12939.0,17-11-2024,2024-11-17
6423,6423,6494,7,50,7,74985.4,21-04-2024,2024-04-21
6424,6424,6495,28,58,14,1523544.0,23-05-2023,2023-05-23
6425,6425,6497,11,137,5,16927.0,2023-03-12,2023-03-12
6426,6426,6498,25,3,5,45121.0,25-04-2023,2023-04-25
6427,6427,6499,33,65,7,178904.0,2023-05-22,2023-05-22
6428,6428,6500,35,5,13,307697.0,24-12-2024,2024-12-24
6429,6429,6502,40,85,13,476446.85,2024-08-21,2024-08-21
6430,6430,6503,7,145,6,26099.0,23-01-2023,2023-01-23
6431,6431,6504,12,91,14,1888404.0,04-03-2024,2024-04-03
6432,6432,6505,36,7,10,195188.0,2023-12-27,2023-12-27
6433,6433,6506,40,11,11,398551.0,24-06-2024,2024-06-24
6434,6434,6507,32,62,13,1328886.0,2023-11-24,2023-11-24
6435,6435,6508,4,147,4,11514.0,2024-07-05,2024-07-05
6436,6436,6509,47,39,7,197058.5,2023-04-16,2023-04-16
6437,6437,6510,2,135,12,18747.3,04-03-2023,2023-04-03
6438,6438,6511,37,127,6,9296.0,2023-02-25,2023-02-25
6439,6439,6512,36,25,12,138242.1,10-04-2023,2023-10-04
6440,6440,6513,2,124,11,41469.0,2023-11-01,2023-11-01
6441,6441,6514,1,41,12,127200.0,2024-04-05,2024-04-05
6442,6442,6515,15,16,9,256551.3,02-12-2023,2023-02-12
6443,6443,6516,41,68,15,953284.15,20-06-2023,2023-06-20
6444,6444,6517,35,101,7,3244.0,05-03-2023,2023-05-03
6445,6445,6518,46,75,2,65537.0,03-01-2024,2024-03-01
6446,6446,6519,25,44,8,82132.25,30-03-2023,2023-03-30
6447,6447,6520,13,95,13,862129.75,10-09-2024,2024-10-09
6448,6448,6521,5,114,1,799.0,23-06-2024,2024-06-23
6449,6449,6522,36,113,4,17580.0,2023-11-08,2023-11-08
6450,6450,6523,4,59,6,522997.0,26-08-2023,2023-08-26
6451,6451,6524,32,148,9,40916.5,23-07-2024,2024-07-23
6452,6452,6525,7,83,7,943627.0,27-06-2024,2024-06-27
6453,6453,6526,2,56,6,245036.35,07-08-2023,2023-07-08
6454,6454,6527,40,116,9,23180.0,2023-11-09,2023-11-09
6455,6455,6528,16,26,12,197028.1,05-05-2023,2023-05-05
6456,6456,6529,43,128,3,13952.0,14-07-2023,2023-07-14
6457,6457,6530,7,70,11,377910.0,2024-08-30,2024-08-30
6458,6458,6531,44,55,5,549936.0,2024-06-30,2024-06-30
6459,6459,6532,32,3,9,77157.1,2024-12-19,2024-12-19
6460,6460,6533,7,52,7,91132.55,2024-01-30,2024-01-30
6461,6461,6534,1,29,10,346847.85,2023-09-11,2023-09-11
6462,6462,6535,8,123,13,34296.9,20-12-2024,2024-12-20
6463,6463,6536,9,58,2,217649.0,06-09-2024,2024-06-09
6464,6464,6537,33,136,3,5624.0,2023-04-09,2023-04-09
6465,6465,6538,11,33,11,73873.0,2024-09-18,2024-09-18
6466,6466,6539,19,100,5,523001.0,2024-02-12,2024-02-12
6467,6467,6540,24,134,4,18870.0,2023-10-17,2023-10-17
6468,6468,6541,6,123,11,29020.6,2023-11-18,2023-11-18
6469,6469,6542,14,69,13,588445.0,2023-10-15,2023-10-15
6470,6470,6543,38,13,7,54230.0,2024-07-16,2024-07-16
6471,6471,6544,5,128,13,60459.0,2023-06-10,2023-06-10
6472,6472,6545,43,48,9,125995.65,2023-12-25,2023-12-25
6473,6473,6546,33,94,9,366758.0,2023-05-09,2023-05-09
6474,6474,6547,47,69,9,387015.75,2024-01-14,2024-01-14
6475,6475,6548,41,1,5,157332.35,2023-07-13,2023-07-13
6476,6476,6549,8,124,5,17907.5,05-08-2023,2023-05-08
6477,6477,6550,41,133,2,3595.75,2024-05-27,2024-05-27
6478,6478,6551,1,48,13,191573.0,2023-12-25,2023-12-25
6479,6479,6552,30,46,12,59805.0,01-02-2023,2023-01-02
6480,6480,6553,47,116,10,25755.0,2024-02-05,2024-02-05
6481,6481,6554,25,104,10,37130.0,2024-03-15,2024-03-15
6482,6482,6555,23,79,6,396881.0,14-09-2024,2024-09-14
6483,6483,6556,46,102,4,3328.0,2024-10-14,2024-10-14
6484,6484,6557,32,113,10,43950.0,2024-04-14,2024-04-14
6485,6485,6558,1,15,3,83699.0,19-12-2023,2023-12-19
6486,6486,6559,43,16,10,300060.0,15-08-2023,2023-08-15
6487,6487,6560,21,102,5,4160.0,16-01-2023,2023-01-16
6488,6488,6561,17,131,2,1927.0,01-03-2023,2023-01-03
6489,6489,6562,46,44,9,97262.0,2023-11-08,2023-11-08
6490,6490,6563,23,97,10,1353351.0,2024-06-28,2024-06-28
6491,6491,6564,6,27,9,141172.85,2024-04-26,2024-04-26
6492,6492,6565,15,38,7,185228.0,07-06-2023,2023-07-06
6493,6493,6566,10,61,3,79853.2,07-02-2023,2023-07-02
6494,6494,6567,24,128,14,65110.0,24-03-2024,2024-03-24
6495,6495,6568,49,140,7,20844.9,2024-07-21,2024-07-21
6496,6496,6569,25,25,13,149761.8,02-08-2024,2024-02-08
6497,6497,6570,7,50,4,42848.8,05-12-2024,2024-05-12
6498,6498,6571,13,3,11,94302.7,2024-11-24,2024-11-24
6499,6499,6572,24,66,3,35829.25,2023-01-05,2023-01-05
6500,6500,6573,48,79,10,628394.6,2024-09-26,2024-09-26
6501,6501,6574,27,8,8,39873.0,2024-09-14,2024-09-14
6502,6502,6575,33,70,3,97912.7,2024-11-28,2024-11-28
6503,6503,6576,22,135,6,9373.65,2024-09-01,2024-09-01
6504,6504,6577,7,34,11,51388.35,2024-08-16,2024-08-16
6505,6505,6578,48,116,6,14680.35,01-03-2024,2024-01-03
6506,6506,6579,45,82,9,464706.0,22-10-2023,2023-10-22
6507,6507,6580,20,7,11,214706.0,03-12-2023,2023-03-12
6508,6508,6581,43,3,13,111448.3,2024-11-28,2024-11-28
6509,6509,6582,8,127,13,19134.9,2023-01-26,2023-01-26
6510,6510,6583,25,9,9,357350.0,2024-11-01,2024-11-01
6511,6511,6584,13,138,7,29281.0,02-03-2023,2023-02-03
6512,6512,6585,14,31,13,107680.0,2024-09-17,2024-09-17
6513,6513,6586,5,50,1,11276.0,2024-07-03,2024-07-03
6514,6514,6587,42,128,8,35345.7,2023-07-06,2023-07-06
6515,6515,6588,18,123,13,34296.9,27-04-2023,2023-04-27
6516,6516,6589,36,49,2,25201.6,29-06-2023,2023-06-29
6517,6517,6590,2,134,2,9435.0,2023-10-04,2023-10-04
6518,6518,6591,46,9,6,238233.0,2023-09-01,2023-09-01
6519,6519,6592,39,60,14,1446389.25,01-06-2024,2024-01-06
6520,6520,6593,7,142,6,4710.1,2023-02-13,2023-02-13
6521,6521,6594,49,39,7,197058.5,2023-02-06,2023-02-06
6522,6522,6595,8,56,14,601843.0,2023-06-04,2023-06-04
6523,6523,6596,39,22,10,374802.55,2023-01-13,2023-01-13
6524,6524,6597,8,29,5,173424.4,27-02-2023,2023-02-27
6525,6525,6598,16,48,14,206309.0,29-05-2023,2023-05-29
6526,6526,6599,13,104,3,11139.0,2023-01-29,2023-01-29
6527,6527,6600,42,138,9,35764.65,2023-08-10,2023-08-10
6528,6528,6601,2,106,6,24993.55,09-08-2023,2023-09-08
6529,6529,6602,15,35,1,10455.7,25-01-2023,2023-01-25
6530,6530,6603,7,85,14,513096.9,2024-04-13,2024-04-13
6531,6531,6604,24,136,3,5624.0,2024-12-22,2024-12-22
6532,6532,6605,16,65,8,194238.9,10-05-2023,2023-10-05
6533,6533,6606,33,36,13,293818.0,2024-06-28,2024-06-28
6534,6534,6607,5,103,12,20396.5,02-06-2023,2023-02-06
6535,6535,6608,23,33,7,47010.0,30-07-2024,2024-07-30
6536,6536,6609,29,124,9,32232.55,01-10-2024,2024-01-10
6537,6537,6610,16,57,8,950325.0,2024-07-21,2024-07-21
6538,6538,6611,36,95,8,558464.0,2024-11-30,2024-11-30
6539,6539,6612,37,62,10,1022220.0,18-06-2023,2023-06-18
6540,6540,6613,1,25,11,126721.45,26-11-2024,2024-11-26
6541,6541,6614,17,63,6,839746.0,2023-03-13,2023-03-13
6542,6542,6615,3,18,14,353413.3,2024-12-05,2024-12-05
6543,6543,6616,28,39,2,56302.7,2023-01-19,2023-01-19
6544,6544,6617,26,57,6,712743.0,2024-01-08,2024-01-08
6545,6545,6618,22,8,9,42614.15,31-08-2024,2024-08-31
6546,6546,6619,44,66,15,188574.0,2024-07-23,2024-07-23
6547,6547,6620,2,55,13,1429834.0,2023-09-04,2023-09-04
6548,6548,6621,41,43,1,33342.15,2023-05-28,2023-05-28
6549,6549,6622,34,40,2,28368.0,02-05-2023,2023-02-05
6550,6550,6623,33,136,2,3749.65,2024-05-31,2024-05-31
6551,6551,6624,13,20,6,185001.0,2024-04-12,2024-04-12
6552,6552,6625,25,79,3,188518.95,26-01-2024,2024-01-26
6553,6553,6626,43,66,12,150860.0,09-04-2023,2023-09-04
6554,6554,6627,12,147,12,36361.0,09-06-2024,2024-09-06
6555,6555,6628,30,18,4,100975.5,2023-03-09,2023-03-09
6556,6556,6629,40,67,8,686312.0,13-11-2024,2024-11-13
6557,6557,6630,2,63,13,1819450.0,13-02-2024,2024-02-13
6558,6558,6631,28,47,11,63985.35,20-07-2023,2023-07-20
6559,6559,6632,20,34,4,18686.5,2023-07-24,2023-07-24
6560,6560,6633,27,126,11,27975.6,2024-09-10,2024-09-10
6561,6561,6634,36,98,6,452358.65,25-07-2024,2024-07-25
6562,6562,6635,39,88,10,459196.75,2023-07-28,2023-07-28
6563,6563,6636,40,58,6,620300.6,06-03-2023,2023-06-03
6564,6564,6637,37,72,3,298994.0,09-11-2024,2024-09-11
6565,6565,6638,21,77,2,89409.0,2023-03-19,2023-03-19
6566,6566,6639,34,119,8,24744.65,2024-03-07,2024-03-07
6567,6567,6640,7,104,1,3713.0,15-05-2024,2024-05-15
6568,6568,6641,25,35,15,156828.85,2024-11-20,2024-11-20
6569,6569,6642,35,5,7,157398.85,2024-09-22,2024-09-22
6570,6570,6643,25,130,1,4144.0,21-10-2023,2023-10-21
6571,6571,6644,17,101,1,463.0,28-12-2023,2023-12-28
6572,6572,6645,31,115,1,831.0,2023-06-17,2023-06-17
6573,6573,6646,20,34,6,28029.75,13-06-2024,2024-06-13
6574,6574,6647,24,143,4,16858.7,14-06-2023,2023-06-14
6575,6575,6648,19,72,15,1420221.5,2023-12-23,2023-12-23
6576,6576,6649,37,33,1,6716.0,06-01-2024,2024-06-01
6577,6577,6650,31,47,11,67353.0,05-11-2023,2023-05-11
6578,6578,6651,8,4,9,30437.0,2024-09-06,2024-09-06
6579,6579,6653,35,45,12,118845.0,18-09-2024,2024-09-18
6580,6580,6654,4,33,6,40295.0,2024-10-21,2024-10-21
6581,6581,6656,19,108,14,44496.1,2023-05-24,2023-05-24
6582,6582,6657,16,14,13,465544.0,29-05-2024,2024-05-29
6583,6583,6658,12,84,9,390815.0,2024-02-13,2024-02-13
6584,6584,6659,9,81,5,610742.0,2023-10-26,2023-10-26
6585,6585,6660,42,25,10,121265.0,23-09-2024,2024-09-23
6586,6586,6661,43,56,1,42989.0,13-03-2024,2024-03-13
6587,6587,6662,40,38,8,211689.0,27-11-2024,2024-11-27
6588,6588,6663,24,109,3,1868.0,2024-10-21,2024-10-21
6589,6589,6664,12,20,11,339168.0,2024-02-05,2024-02-05
6590,6590,6665,17,2,3,39894.3,2024-12-01,2024-12-01
6591,6591,6666,43,103,11,19681.0,07-07-2023,2023-07-07
6592,6592,6667,30,133,5,8990.8,2023-03-07,2023-03-07
6593,6593,6668,42,74,9,779027.0,08-02-2023,2023-08-02
6594,6594,6669,4,37,12,69172.35,2023-02-25,2023-02-25
6595,6595,6670,6,3,1,8572.8,09-09-2024,2024-09-09
6596,6596,6671,10,115,7,5814.0,2024-08-15,2024-08-15
6597,6597,6672,41,45,6,56450.9,15-12-2023,2023-12-15
6598,6598,6673,8,141,14,63597.75,21-10-2023,2023-10-21
6599,6599,6674,39,110,1,2371.2,22-07-2024,2024-07-22
6600,6600,6675,7,119,2,6512.0,2024-11-19,2024-11-19
6601,6601,6676,30,50,7,78932.0,2024-05-04,2024-05-04
6602,6602,6677,28,125,4,13608.0,05-10-2024,2024-05-10
6603,6603,6678,27,121,7,25860.0,30-06-2023,2023-06-30
6604,6604,6679,18,142,1,826.0,15-02-2023,2023-02-15
6605,6605,6680,48,16,3,85517.1,2024-03-26,2024-03-26
6606,6606,6681,17,135,11,18090.0,2023-10-21,2023-10-21
6607,6607,6682,18,1,14,440529.25,13-12-2023,2023-12-13
6608,6608,6683,36,18,14,353413.3,2023-11-06,2023-11-06
6609,6609,6684,1,74,15,1298378.0,2023-09-25,2023-09-25
6610,6610,6685,26,92,2,168822.6,19-06-2023,2023-06-19
6611,6611,6686,38,34,4,19670.0,2023-11-18,2023-11-18
6612,6612,6687,13,74,13,1068997.95,15-08-2023,2023-08-15
6613,6613,6688,48,39,11,325961.0,2024-04-26,2024-04-26
6614,6614,6689,22,56,4,171955.0,2023-07-19,2023-07-19
6615,6615,6690,33,43,1,35097.0,2024-09-28,2024-09-28
6616,6616,6691,43,67,7,600523.0,2024-09-06,2024-09-06
6617,6617,6692,27,99,7,713323.65,2024-08-09,2024-08-09
6618,6618,6693,31,15,13,344562.15,27-09-2023,2023-09-27
6619,6619,6694,41,122,5,6281.4,29-05-2023,2023-05-29
6620,6620,6695,38,2,4,53193.35,2024-09-08,2024-09-08
6621,6621,6696,21,37,12,72813.0,04-03-2024,2024-04-03
6622,6622,6697,2,29,14,511145.0,10-11-2023,2023-10-11
6623,6623,6698,48,50,2,22552.0,18-07-2023,2023-07-18
6624,6624,6699,14,101,11,4842.15,2023-09-08,2023-09-08
6625,6625,6700,48,15,9,251098.0,2024-02-23,2024-02-23
6626,6626,6701,23,109,12,7098.4,2023-01-21,2023-01-21
6627,6627,6702,42,87,5,317585.0,26-09-2024,2024-09-26
6628,6628,6703,14,77,3,127408.3,13-12-2024,2024-12-13
6629,6629,6704,47,125,2,6804.0,06-05-2024,2024-06-05
6630,6630,6705,37,109,6,3736.0,15-11-2023,2023-11-15
6631,6631,6706,21,34,11,54093.0,27-01-2023,2023-01-27
6632,6632,6707,27,137,2,6432.45,2024-11-21,2024-11-21
6633,6633,6708,13,106,2,8770.0,01-08-2024,2024-01-08
6634,6634,6709,35,149,10,11054.2,2024-10-15,2024-10-15
6635,6635,6710,19,22,12,449762.3,2024-08-23,2024-08-23
6636,6636,6711,29,90,12,949168.0,20-10-2023,2023-10-20
6637,6637,6712,8,114,8,6074.3,09-02-2024,2024-09-02
6638,6638,6713,25,103,15,26838.0,2024-05-27,2024-05-27
6639,6639,6714,22,83,7,943627.0,26-03-2024,2024-03-26
6640,6640,6715,7,60,8,870009.0,2023-04-01,2023-04-01
6641,6641,6716,25,24,1,22070.4,29-02-2024,2024-02-29
6642,6642,6717,25,92,11,977395.0,2023-10-23,2023-10-23
6643,6643,6718,23,95,3,209424.0,01-07-2023,2023-01-07
6644,6644,6719,22,50,2,22552.0,2024-06-04,2024-06-04
6645,6645,6720,30,55,7,769910.0,2023-11-28,2023-11-28
6646,6646,6721,22,54,9,1093813.0,22-03-2023,2023-03-22
6647,6647,6722,41,49,4,53057.0,2023-11-20,2023-11-20
6648,6648,6723,28,131,8,7709.0,28-03-2023,2023-03-28
6649,6649,6724,34,126,7,18739.0,2023-05-28,2023-05-28
6650,6650,6725,26,119,3,9767.0,06-06-2024,2024-06-06
6651,6651,6726,27,18,10,265724.0,16-11-2024,2024-11-16
6652,6652,6727,47,127,1,1471.55,2024-04-17,2024-04-17
6653,6653,6728,49,61,3,79853.2,2024-05-11,2024-05-11
6654,6654,6729,4,107,13,18690.3,01-09-2023,2023-01-09
6655,6655,6730,1,68,11,699074.6,01-11-2024,2024-01-11
6656,6656,6731,30,135,12,18747.3,2023-09-15,2023-09-15
6657,6657,6732,13,123,13,36102.0,2023-05-12,2023-05-12
6658,6658,6733,43,26,15,259248.0,27-09-2023,2023-09-27
6659,6659,6734,6,47,15,91844.0,02-05-2023,2023-02-05
6660,6660,6735,3,49,6,79586.0,02-07-2024,2024-02-07
6661,6661,6736,7,6,4,44916.95,2024-10-08,2024-10-08
6662,6662,6737,35,8,10,49842.0,2024-11-25,2024-11-25
6663,6663,6738,22,71,11,1431915.0,25-10-2024,2024-10-25
6664,6664,6739,21,143,15,66546.0,2024-10-27,2024-10-27
6665,6665,6740,46,147,4,11514.0,08-01-2023,2023-08-01
6666,6666,6741,18,134,1,4718.0,20-08-2023,2023-08-20
6667,6667,6742,32,130,11,43305.75,13-04-2023,2023-04-13
6668,6668,6743,4,33,4,26863.0,2024-09-22,2024-09-22
6669,6669,6744,48,2,12,159579.1,2024-10-23,2024-10-23
6670,6670,6745,5,47,6,34901.1,2024-09-17,2024-09-17
6671,6671,6746,3,133,2,3595.75,2023-01-30,2023-01-30
6672,6672,6747,21,142,14,10991.5,2024-12-21,2024-12-21
6673,6673,6748,39,18,1,25243.4,11-07-2023,2023-11-07
6674,6674,6749,33,146,11,5456.0,02-03-2023,2023-02-03
6675,6675,6750,2,116,7,17127.55,09-06-2024,2024-09-06
6676,6676,6751,15,78,2,243523.0,2023-04-26,2023-04-26
6677,6677,6752,24,86,15,1332704.65,05-01-2023,2023-05-01
6678,6678,6753,18,22,2,78906.0,30-08-2023,2023-08-30
6679,6679,6754,17,135,8,12498.2,2024-06-11,2024-06-11
6680,6680,6755,35,87,10,635169.05,2024-10-26,2024-10-26
6681,6681,6756,28,134,5,23588.0,2024-10-20,2024-10-20
6682,6682,6758,17,33,2,13432.0,20-03-2023,2023-03-20
6683,6683,6759,27,31,8,66265.0,2024-03-08,2024-03-08
6684,6684,6760,6,117,12,46774.2,08-11-2024,2024-08-11
6685,6685,6761,19,146,5,2356.0,2024-06-25,2024-06-25
6686,6686,6762,39,30,12,367625.3,2024-09-20,2024-09-20
6687,6687,6763,32,46,10,47346.1,2024-09-26,2024-09-26
6688,6688,6764,9,74,2,173117.0,27-06-2023,2023-06-27
6689,6689,6765,25,140,15,47019.0,2023-02-06,2023-02-06
6690,6690,6766,38,135,10,15622.75,2023-02-21,2023-02-21
6691,6691,6767,1,21,15,124467.1,2024-06-24,2024-06-24
6692,6692,6768,1,11,4,144928.0,2023-01-04,2023-01-04
6693,6693,6769,15,114,14,10630.5,20-12-2024,2024-12-20
6694,6694,6770,33,10,12,365176.2,05-03-2024,2024-05-03
6695,6695,6771,3,51,15,962385.0,24-07-2024,2024-07-24
6696,6696,6772,46,69,12,543180.0,2023-11-15,2023-11-15
6697,6697,6773,13,78,14,1704662.0,18-09-2023,2023-09-18
6698,6698,6774,2,87,3,200580.0,2023-01-14,2023-01-14
6699,6699,6775,41,18,4,106290.0,2023-07-03,2023-07-03
6700,6700,6776,46,80,9,1163015.0,2024-08-24,2024-08-24
6701,6701,6777,12,100,15,1569004.0,21-02-2024,2024-02-21
6702,6702,6778,17,48,6,83997.1,2024-10-12,2024-10-12
6703,6703,6779,12,6,13,145979.85,2023-04-30,2023-04-30
6704,6704,6780,41,142,7,5785.0,11-11-2023,2023-11-11
6705,6705,6781,3,110,4,9482.9,2024-11-05,2024-11-05
6706,6706,6782,3,149,3,3491.0,09-08-2024,2024-09-08
6707,6707,6783,36,63,10,1399577.0,2023-04-03,2023-04-03
6708,6708,6784,13,139,4,5415.0,28-04-2023,2023-04-28
6709,6709,6785,35,117,5,20515.0,26-03-2023,2023-03-26
6710,6710,6786,41,147,9,25907.45,2023-08-15,2023-08-15
6711,6711,6787,1,11,14,481884.65,27-08-2023,2023-08-27
6712,6712,6788,25,53,13,662886.25,2023-09-14,2023-09-14
6713,6713,6789,20,119,6,19535.0,26-01-2023,2023-01-26
6714,6714,6790,42,50,4,42848.8,2024-07-20,2024-07-20
6715,6715,6791,10,91,15,1922125.5,04-09-2023,2023-04-09
6716,6716,6792,12,26,7,120982.0,2023-07-16,2023-07-16
6717,6717,6793,21,122,2,2645.0,18-12-2024,2024-12-18
6718,6718,6794,12,116,5,12878.0,2023-03-02,2023-03-02
6719,6719,6795,49,96,8,536718.65,2023-06-01,2023-06-01
6720,6720,6796,9,99,6,611420.0,02-02-2023,2023-02-02
6721,6721,6797,23,5,11,260359.0,17-09-2024,2024-09-17
6722,6722,6798,5,120,8,23746.2,23-08-2023,2023-08-23
6723,6723,6799,32,28,2,28517.0,11-03-2024,2024-11-03
6724,6724,6800,46,106,5,20827.8,15-10-2023,2023-10-15
6725,6725,6801,46,21,1,8298.25,2023-06-02,2023-06-02
6726,6726,6802,45,50,7,74985.4,2023-11-24,2023-11-24
6727,6727,6803,2,135,2,3289.0,11-09-2023,2023-11-09
6728,6728,6804,33,3,4,36097.0,15-02-2024,2024-02-15
6729,6729,6805,24,49,8,100808.3,2024-07-08,2024-07-08
6730,6730,6806,38,126,10,25432.45,2023-03-10,2023-03-10
6731,6731,6807,22,50,7,78932.0,2024-03-20,2024-03-20
6732,6732,6808,20,133,13,24605.0,05-04-2023,2023-05-04
6733,6733,6809,24,111,3,12213.2,2024-06-07,2024-06-07
6734,6734,6810,3,34,13,63928.0,08-12-2023,2023-08-12
6735,6735,6811,12,13,11,85218.0,04-01-2023,2023-04-01
6736,6736,6812,38,92,8,675291.35,23-03-2024,2024-03-23
6737,6737,6813,32,12,10,25898.9,06-09-2024,2024-06-09
6738,6738,6814,27,148,13,59101.4,2023-07-01,2023-07-01
6739,6739,6815,40,34,5,24588.0,2023-10-14,2023-10-14
6740,6740,6816,42,100,4,418401.0,2023-08-15,2023-08-15
6741,6741,6817,31,102,1,790.4,2023-12-20,2023-12-20
6742,6742,6818,38,64,14,1483024.1,17-11-2023,2023-11-17
6743,6743,6819,9,94,1,40751.0,2024-10-26,2024-10-26
6744,6744,6820,22,81,6,696246.45,03-06-2024,2024-03-06
6745,6745,6821,33,56,15,644832.0,05-01-2023,2023-05-01
6746,6746,6822,15,30,9,275719.45,2023-02-25,2023-02-25
6747,6747,6823,49,97,4,514273.0,2024-11-19,2024-11-19
6748,6748,6824,22,30,14,428896.5,15-10-2023,2023-10-15
6749,6749,6825,15,48,2,27999.35,2023-05-07,2023-05-07
6750,6750,6826,34,104,4,14852.0,2024-05-23,2024-05-23
6751,6751,6827,14,99,13,1324743.65,2024-03-22,2024-03-22
6752,6752,6828,24,8,8,39873.0,30-09-2024,2024-09-30
6753,6753,6829,39,108,6,20073.0,04-07-2023,2023-04-07
6754,6754,6830,25,39,4,118531.0,2023-04-17,2023-04-17
6755,6755,6831,30,34,6,28029.75,2023-02-15,2023-02-15
6756,6756,6832,22,35,2,22011.0,13-12-2024,2024-12-13
6757,6757,6833,6,6,13,153663.0,2023-12-13,2023-12-13
6758,6758,6834,42,100,12,1255203.0,19-06-2024,2024-06-19
6759,6759,6835,41,135,7,11512.0,2024-09-03,2024-09-03
6760,6760,6836,48,11,6,206521.45,2024-03-23,2024-03-23
6761,6761,6837,18,11,3,103261.2,28-07-2023,2023-07-28
6762,6762,6838,42,34,11,51388.35,22-07-2024,2024-07-22
6763,6763,6839,2,143,13,57674.0,14-03-2024,2024-03-14
6764,6764,6840,13,23,15,159295.05,10-08-2024,2024-10-08
6765,6765,6841,40,87,7,468019.0,18-02-2024,2024-02-18
6766,6766,6842,26,77,15,637041.5,2024-07-22,2024-07-22
6767,6767,6843,17,129,15,46543.35,2023-06-06,2023-06-06
6768,6768,6844,15,118,13,53291.2,12-11-2023,2023-12-11
6769,6769,6846,34,50,8,90208.0,2023-10-27,2023-10-27
6770,6770,6847,48,106,7,29159.3,2024-11-28,2024-11-28
6771,6771,6848,12,23,10,106196.7,30-01-2023,2023-01-30
6772,6772,6849,49,128,1,4651.0,2023-07-18,2023-07-18
6773,6773,6850,33,79,14,926056.0,2024-01-03,2024-01-03
6774,6774,6851,2,26,14,229866.75,2023-06-06,2023-06-06
6775,6775,6852,14,147,13,37421.45,2024-09-13,2024-09-13
6776,6776,6853,48,62,8,776887.2,21-01-2024,2024-01-21
6777,6777,6855,28,57,7,789957.3,2023-10-13,2023-10-13
6778,6778,6856,19,118,4,17260.0,25-03-2023,2023-03-25
6779,6779,6857,13,48,2,29473.0,27-10-2024,2024-10-27
6780,6780,6858,5,84,4,173696.0,2024-03-09,2024-03-09
6781,6781,6859,8,87,5,317585.0,2023-07-03,2023-07-03
6782,6782,6860,11,49,2,25201.6,2023-10-09,2023-10-09
6783,6783,6861,31,14,1,34020.45,2024-07-30,2024-07-30
6784,6784,6862,42,133,13,23374.75,19-11-2023,2023-11-19
6785,6785,6864,3,29,3,104054.45,2023-04-06,2023-04-06
6786,6786,6865,31,77,11,491751.0,2024-12-10,2024-12-10
6787,6787,6866,24,99,11,1120936.35,2024-12-30,2024-12-30
6788,6788,6867,7,7,14,273263.0,2024-01-24,2024-01-24
6789,6789,6868,49,42,6,35957.0,17-01-2023,2023-01-17
6790,6790,6869,32,47,4,23267.4,2023-09-01,2023-09-01
6791,6791,6870,17,147,14,40299.95,04-11-2024,2024-04-11
6792,6792,6871,36,139,7,9475.3,2023-11-09,2023-11-09
6793,6793,6872,5,136,10,18748.25,2023-03-17,2023-03-17
6794,6794,6873,42,124,12,45239.0,2024-09-14,2024-09-14
6795,6795,6874,19,20,14,410084.6,26-12-2023,2023-12-26
6796,6796,6875,7,51,8,513272.0,2023-09-14,2023-09-14
6797,6797,6876,27,82,11,567974.0,07-01-2023,2023-07-01
6798,6798,6877,29,123,8,21106.15,31-03-2024,2024-03-31
6799,6799,6878,45,61,1,26618.05,2024-01-06,2024-01-06
6800,6800,6879,4,34,9,44258.0,2024-11-23,2024-11-23
6801,6801,6880,8,56,15,612590.4,29-07-2023,2023-07-29
6802,6802,6881,25,18,6,151463.25,2024-09-28,2024-09-28
6803,6803,6882,46,138,11,43713.3,26-11-2023,2023-11-26
6804,6804,6883,39,83,2,256127.6,2023-01-29,2023-01-29
6805,6805,6884,33,13,15,110395.7,28-01-2023,2023-01-28
6806,6806,6885,16,124,10,37699.0,27-10-2023,2023-10-27
6807,6807,6886,37,1,10,314663.75,29-03-2024,2024-03-29
6808,6808,6887,6,139,10,13536.55,24-05-2024,2024-05-24
6809,6809,6888,8,30,9,290231.0,05-07-2023,2023-05-07
6810,6810,6889,13,97,3,385704.75,2024-08-14,2024-08-14
6811,6811,6890,12,18,3,75731.15,2023-12-15,2023-12-15
6812,6812,6891,23,139,14,19948.0,14-03-2023,2023-03-14
6813,6813,6892,48,26,2,32837.7,2024-08-12,2024-08-12
6814,6814,6893,43,55,7,769910.0,09-03-2023,2023-09-03
6815,6815,6894,19,29,9,312163.35,2023-09-14,2023-09-14
6816,6816,6895,18,87,13,825720.05,2023-02-07,2023-02-07
6817,6817,6896,39,65,7,169958.8,2024-09-11,2024-09-11
6818,6818,6897,13,59,6,522997.0,06-03-2023,2023-06-03
6819,6819,6898,41,138,13,54380.0,2023-07-12,2023-07-12
6820,6820,6899,37,105,1,294.5,2023-09-08,2023-09-08
6821,6821,6900,23,18,5,132862.0,07-04-2023,2023-07-04
6822,6822,6901,49,121,7,24567.0,2023-12-27,2023-12-27
6823,6823,6902,15,143,9,39928.0,2024-08-30,2024-08-30
6824,6824,6903,40,55,5,522439.2,2024-04-08,2024-04-08
6825,6825,6904,42,6,13,145979.85,26-11-2023,2023-11-26
6826,6826,6905,17,106,12,49987.1,04-01-2023,2023-04-01
6827,6827,6906,25,129,9,29396.0,14-04-2023,2023-04-14
6828,6828,6907,45,116,15,38633.0,2023-02-25,2023-02-25
6829,6829,6908,31,72,3,298994.0,2023-04-04,2023-04-04
6830,6830,6909,2,124,2,7540.0,28-08-2023,2023-08-28
6831,6831,6910,44,51,9,548559.45,15-06-2023,2023-06-15
6832,6832,6911,15,140,1,3135.0,07-05-2024,2024-07-05
6833,6833,6912,11,92,8,710833.0,05-02-2024,2024-05-02
6834,6834,6913,37,77,6,254816.6,17-11-2024,2024-11-17
6835,6835,6914,16,107,8,11501.65,2023-03-16,2023-03-16
6836,6836,6915,2,82,4,196209.2,2023-09-26,2023-09-26
6837,6837,6916,4,130,7,27558.55,30-05-2024,2024-05-30
6838,6838,6917,13,13,1,7359.65,30-11-2023,2023-11-30
6839,6839,6918,1,103,13,23259.0,2023-04-13,2023-04-13
6840,6840,6919,4,140,10,31346.0,04-04-2024,2024-04-04
6841,6841,6920,20,91,1,128141.7,2024-11-22,2024-11-22
6842,6842,6921,10,64,7,741512.05,2023-07-21,2023-07-21
6843,6843,6922,16,44,3,32421.0,28-04-2024,2024-04-28
6844,6844,6923,9,71,5,618326.5,2024-10-19,2024-10-19
6845,6845,6924,31,1,3,99368.0,26-05-2023,2023-05-26
6846,6846,6925,29,147,3,9090.0,22-12-2023,2023-12-22
6847,6847,6926,15,82,14,722877.0,07-12-2024,2024-07-12
6848,6848,6927,15,136,12,23682.0,27-10-2024,2024-10-27
6849,6849,6928,7,10,13,416430.0,2024-08-20,2024-08-20
6850,6850,6929,11,101,13,6024.0,03-12-2024,2024-03-12
6851,6851,6930,34,102,13,10275.2,13-11-2024,2024-11-13
6852,6852,6931,47,118,6,24596.45,2024-12-01,2024-12-01
6853,6853,6932,44,149,2,2327.0,31-08-2023,2023-08-31
6854,6854,6933,26,134,3,14153.0,05-03-2023,2023-05-03
6855,6855,6934,49,104,2,7054.7,2024-06-08,2024-06-08
6856,6856,6935,16,96,8,564967.0,08-07-2024,2024-08-07
6857,6857,6936,45,46,3,14203.45,27-01-2023,2023-01-27
6858,6858,6937,33,81,11,1276451.35,06-05-2024,2024-06-05
6859,6859,6938,46,11,14,507247.0,04-03-2023,2023-04-03
6860,6860,6939,10,103,3,5368.0,2024-02-21,2024-02-21
6861,6861,6940,32,149,8,8843.55,2023-07-18,2023-07-18
6862,6862,6941,4,2,13,172877.2,2023-06-16,2023-06-16
6863,6863,6942,34,94,11,448259.0,28-02-2023,2023-02-28
6864,6864,6943,4,29,15,547655.0,04-02-2024,2024-04-02
6865,6865,6944,16,116,9,23180.0,2024-12-04,2024-12-04
6866,6866,6945,40,132,14,20787.9,2023-06-04,2023-06-04
6867,6867,6946,7,79,1,62839.65,2024-07-27,2024-07-27
6868,6868,6947,19,1,7,220265.1,2023-01-12,2023-01-12
6869,6869,6948,41,28,12,171103.0,2024-06-23,2024-06-23
6870,6870,6949,32,17,3,40010.2,11-05-2023,2023-11-05
6871,6871,6950,1,86,12,1066164.1,24-08-2024,2024-08-24
6872,6872,6951,6,124,3,11310.0,26-10-2024,2024-10-26
6873,6873,6952,9,80,1,122762.8,2023-11-07,2023-11-07
6874,6874,6953,10,127,5,7747.0,03-04-2023,2023-03-04
6875,6875,6954,5,129,14,45727.0,25-07-2023,2023-07-25
6876,6876,6955,48,134,12,56611.0,2024-04-03,2024-04-03
6877,6877,6956,44,32,7,87517.0,07-03-2024,2024-07-03
6878,6878,6957,9,5,11,247341.05,25-10-2024,2024-10-25
6879,6879,6958,34,41,7,74200.0,18-10-2024,2024-10-18
6880,6880,6959,7,81,3,348122.75,19-08-2024,2024-08-19
6881,6881,6960,42,22,6,236717.0,2023-07-14,2023-07-14
6882,6882,6961,25,77,12,536456.0,22-10-2024,2024-10-22
6883,6883,6962,46,5,8,179884.4,18-05-2023,2023-05-18
6884,6884,6963,17,85,8,293198.5,2024-12-08,2024-12-08
6885,6885,6964,30,86,8,710775.75,25-05-2023,2023-05-25
6886,6886,6965,3,11,15,543479.0,2023-08-04,2023-08-04
6887,6887,6966,28,74,15,1298378.0,2023-01-03,2023-01-03
6888,6888,6967,6,15,13,344562.15,24-04-2024,2024-04-24
6889,6889,6968,44,118,1,4099.25,2023-03-31,2023-03-31
6890,6890,6969,19,63,8,1119661.0,2024-09-12,2024-09-12
6891,6891,6970,5,79,8,529175.0,2023-04-21,2023-04-21
6892,6892,6971,36,36,4,85885.7,2024-10-30,2024-10-30
6893,6893,6972,20,140,11,34480.0,2024-01-04,2024-01-04
6894,6894,6973,16,23,14,148675.95,18-04-2023,2023-04-18
6895,6895,6974,43,5,4,89942.2,11-06-2024,2024-11-06
6896,6896,6975,30,4,4,13528.0,2024-11-26,2024-11-26
6897,6897,6976,22,30,7,214448.25,2024-03-22,2024-03-22
6898,6898,6977,42,64,3,317791.15,19-10-2024,2024-10-19
6899,6899,6978,7,15,12,318057.15,2024-07-12,2024-07-12
6900,6900,6979,6,26,6,103699.0,28-11-2024,2024-11-28
6901,6901,6980,36,77,11,467163.45,2024-10-20,2024-10-20
6902,6902,6981,35,72,7,697652.0,27-12-2024,2024-12-27
6903,6903,6982,15,9,4,150880.9,2024-04-16,2024-04-16
6904,6904,6983,37,66,5,62858.0,02-09-2023,2023-02-09
6905,6905,6984,40,147,2,5757.0,31-08-2023,2023-08-31
6906,6906,6985,24,52,13,169245.35,2023-05-05,2023-05-05
6907,6907,6986,1,102,7,5532.8,2023-12-13,2023-12-13
6908,6908,6987,45,7,8,148342.5,2024-05-03,2024-05-03
6909,6909,6988,36,106,5,20827.8,2023-06-25,2023-06-25
6910,6910,6989,3,2,12,159579.1,07-12-2024,2024-07-12
6911,6911,6990,44,92,3,266562.0,2023-04-26,2023-04-26
6912,6912,6991,5,93,8,803816.0,2023-09-22,2023-09-22
6913,6913,6992,34,43,9,315872.0,2023-05-08,2023-05-08
6914,6914,6993,23,98,7,555528.0,2023-04-28,2023-04-28
6915,6915,6994,18,141,7,31799.35,13-12-2023,2023-12-13
6916,6916,6995,39,120,15,46867.0,2024-10-21,2024-10-21
6917,6917,6996,41,15,3,79514.05,28-11-2023,2023-11-28
6918,6918,6997,20,87,7,444618.05,16-05-2023,2023-05-16
6919,6919,6998,2,35,14,146373.15,07-04-2023,2023-07-04
6920,6920,6999,22,98,13,980110.25,2023-11-28,2023-11-28
6921,6921,7000,23,122,5,6281.4,06-09-2024,2024-06-09
6922,6922,7001,31,145,4,16529.05,2024-04-25,2024-04-25
6923,6923,7002,1,134,10,47176.0,05-05-2023,2023-05-05
6924,6924,7003,32,147,4,11514.0,2024-01-20,2024-01-20
6925,6925,7004,18,107,15,22701.0,2023-04-19,2023-04-19
6926,6926,7005,2,71,4,494661.2,21-01-2024,2024-01-21
6927,6927,7006,13,127,10,15494.0,25-03-2023,2023-03-25
6928,6928,7007,20,34,1,4918.0,09-05-2024,2024-09-05
6929,6929,7008,28,145,8,33059.05,2023-10-18,2023-10-18
6930,6930,7009,39,46,12,59805.0,2023-11-23,2023-11-23
6931,6931,7010,1,57,13,1467063.15,2024-04-26,2024-04-26
6932,6932,7011,22,64,7,780539.0,2023-02-24,2023-02-24
6933,6933,7012,37,71,7,865657.1,2024-05-11,2024-05-11
6934,6934,7013,18,1,14,440529.25,2023-10-02,2023-10-02
6935,6935,7014,34,97,5,676675.0,2024-06-10,2024-06-10
6936,6936,7015,18,19,14,218550.35,19-10-2024,2024-10-19
6937,6937,7016,6,69,9,407385.0,12-06-2023,2023-12-06
6938,6938,7017,47,149,8,9309.0,05-02-2023,2023-05-02
6939,6939,7018,44,64,15,1588953.85,2023-03-08,2023-03-08
6940,6940,7019,26,126,9,22889.3,2023-05-29,2023-05-29
6941,6941,7020,37,98,5,396806.0,12-04-2023,2023-12-04
6942,6942,7021,8,127,13,20142.0,15-05-2023,2023-05-15
6943,6943,7022,5,144,11,23138.2,2023-02-05,2023-02-05
6944,6944,7023,20,127,2,3099.0,2023-02-21,2023-02-21
6945,6945,7024,21,16,14,399079.8,14-10-2024,2024-10-14
6946,6946,7025,10,28,6,81273.45,2023-10-08,2023-10-08
6947,6947,7026,3,90,5,375712.65,2024-08-03,2024-08-03
6948,6948,7027,28,50,6,67656.0,12-04-2024,2024-12-04
6949,6949,7028,10,4,10,32128.05,2024-09-05,2024-09-05
6950,6950,7029,18,34,13,60731.6,29-09-2024,2024-09-29
6951,6951,7030,21,51,2,121902.1,11-03-2023,2023-11-03
6952,6952,7031,25,35,8,83641.8,2023-03-04,2023-03-04
6953,6953,7033,26,146,15,7068.0,2023-03-18,2023-03-18
6954,6954,7034,14,124,4,14326.0,06-07-2024,2024-06-07
6955,6955,7035,27,106,12,52618.0,2023-12-30,2023-12-30
6956,6956,7036,30,11,8,275362.25,2024-02-01,2024-02-01
6957,6957,7037,37,83,10,1348039.0,2024-09-06,2024-09-06
6958,6958,7038,8,14,11,374225.9,17-01-2024,2024-01-17
6959,6959,7039,35,27,2,33023.0,2023-04-10,2023-04-10
6960,6960,7040,33,22,6,224881.15,02-03-2024,2024-02-03
6961,6961,7041,4,39,10,281511.6,2024-12-10,2024-12-10
6962,6962,7042,38,72,4,378726.05,2023-10-11,2023-10-11
6963,6963,7043,7,52,6,82225.0,17-06-2023,2023-06-17
6964,6964,7044,14,79,4,264587.0,11-02-2023,2023-11-02
6965,6965,7045,10,130,7,27558.55,31-03-2024,2024-03-31
6966,6966,7046,17,146,8,3769.6,18-05-2024,2024-05-18
6967,6967,7047,37,142,15,12396.0,2024-03-31,2024-03-31
6968,6968,7048,18,64,3,334517.0,26-01-2024,2024-01-26
6969,6969,7049,12,82,9,441470.7,2024-11-18,2024-11-18
6970,6970,7050,39,27,1,16511.0,22-08-2023,2023-08-22
6971,6971,7051,38,77,15,670570.0,2024-11-30,2024-11-30
6972,6972,7052,29,88,6,290019.0,2024-02-22,2024-02-22
6973,6973,7053,16,132,14,21882.0,24-04-2024,2024-04-24
6974,6974,7054,13,20,8,234334.6,17-03-2023,2023-03-17
6975,6975,7055,49,36,13,293818.0,2024-07-06,2024-07-06
6976,6976,7056,26,119,15,48837.0,2023-07-22,2023-07-22
6977,6977,7057,34,144,3,6642.0,28-07-2024,2024-07-28
6978,6978,7058,37,15,4,111599.0,31-05-2023,2023-05-31
6979,6979,7059,20,138,15,59608.7,11-08-2023,2023-11-08
6980,6980,7060,32,100,13,1291812.85,2024-10-10,2024-10-10
6981,6981,7061,49,25,5,60632.0,2024-02-07,2024-02-07
6982,6982,7062,3,24,11,255554.0,2024-10-02,2024-10-02
6983,6983,7063,33,88,3,137758.55,2023-09-11,2023-09-11
6984,6984,7064,36,35,11,115007.95,2024-05-01,2024-05-01
6985,6985,7065,35,143,14,62110.0,13-04-2024,2024-04-13
6986,6986,7066,24,118,10,43151.0,28-04-2023,2023-04-28
6987,6987,7067,10,20,3,92500.0,2023-06-24,2023-06-24
6988,6988,7068,33,88,2,96673.0,06-02-2024,2024-06-02
6989,6989,7069,48,110,3,7487.0,18-04-2024,2024-04-18
6990,6990,7070,38,27,9,141172.85,16-05-2023,2023-05-16
6991,6991,7071,33,136,8,14998.6,2024-05-04,2024-05-04
6992,6992,7072,13,142,6,4958.0,2023-03-03,2023-03-03
6993,6993,7073,22,128,3,13254.4,08-09-2023,2023-08-09
6994,6994,7074,39,89,6,472068.0,2023-08-21,2023-08-21
6995,6995,7075,44,144,14,29448.1,2023-06-24,2023-06-24
6996,6996,7076,49,95,2,139616.0,2024-07-12,2024-07-12
6997,6997,7077,11,4,13,43964.0,2024-08-13,2024-08-13
6998,6998,7078,26,129,1,3266.0,17-04-2023,2023-04-17
6999,6999,7079,26,29,11,381533.3,2023-04-02,2023-04-02
7000,7000,7080,24,112,15,31078.3,2024-04-13,2024-04-13
7001,7001,7081,42,29,3,104054.45,2023-07-12,2023-07-12
7002,7002,7082,41,140,6,17866.65,2023-01-02,2023-01-02
7003,7003,7083,24,100,2,198740.0,2024-12-20,2024-12-20
7004,7004,7084,28,112,6,13086.0,03-11-2024,2024-03-11
7005,7005,7085,43,84,8,330021.45,2024-11-22,2024-11-22
7006,7006,7086,27,91,8,1079088.0,17-07-2024,2024-07-17
7007,7007,7087,38,19,12,187328.6,2024-10-04,2024-10-04
7008,7008,7088,38,45,7,69326.0,19-12-2024,2024-12-19
7009,7009,7089,27,7,12,234225.0,26-06-2023,2023-06-26
7010,7010,7090,13,11,13,471015.0,26-04-2023,2023-04-26
7011,7011,7091,3,32,4,50010.0,17-09-2024,2024-09-17
7012,7012,7092,14,48,13,191573.0,02-03-2024,2024-02-03
7013,7013,7093,6,72,14,1395305.0,2023-10-02,2023-10-02
7014,7014,7094,23,95,9,596858.4,07-02-2024,2024-07-02
7015,7015,7095,17,2,15,199473.4,04-09-2024,2024-04-09
7016,7016,7096,16,108,14,44496.1,2023-02-23,2023-02-23
7017,7017,7097,30,6,8,94562.0,31-12-2024,2024-12-31
7018,7018,7098,40,53,4,203965.0,2023-12-22,2023-12-22
7019,7019,7099,7,71,10,1301741.0,2024-09-24,2024-09-24
7020,7020,7100,35,67,4,325998.2,24-08-2023,2023-08-24
7021,7021,7101,45,16,8,240048.0,2023-09-12,2023-09-12
7022,7022,7102,31,67,1,85789.0,2024-07-26,2024-07-26
7023,7023,7103,47,141,11,52600.0,14-09-2023,2023-09-14
7024,7024,7104,27,150,6,9380.3,2023-08-28,2023-08-28
7025,7025,7105,39,108,14,44496.1,2024-08-17,2024-08-17
7026,7026,7106,15,61,2,53235.15,06-09-2023,2023-06-09
7027,7027,7107,45,24,15,331058.85,12-09-2023,2023-12-09
7028,7028,7108,7,148,9,43070.0,13-03-2023,2023-03-13
7029,7029,7109,21,114,11,8792.0,21-04-2023,2023-04-21
7030,7030,7110,14,80,5,646119.0,30-10-2023,2023-10-30
7031,7031,7111,47,80,12,1473151.7,2024-03-04,2024-03-04
7032,7032,7112,33,15,8,212038.1,2024-05-10,2024-05-10
7033,7033,7113,15,124,15,56549.0,2024-05-02,2024-05-02
7034,7034,7114,23,76,2,296396.0,01-10-2023,2023-01-10
7035,7035,7115,27,69,13,588445.0,2024-12-26,2024-12-26
7036,7036,7116,9,20,8,234334.6,2023-10-18,2023-10-18
7037,7037,7117,20,98,13,1031695.0,2023-08-03,2023-08-03
7038,7038,7118,28,98,11,829323.4,2023-07-01,2023-07-01
7039,7039,7119,29,88,11,505115.95,07-11-2024,2024-07-11
7040,7040,7120,17,15,8,212038.1,28-07-2024,2024-07-28
7041,7041,7121,1,4,10,32128.05,31-07-2023,2023-07-31
7042,7042,7122,28,90,5,375712.65,06-06-2023,2023-06-06
7043,7043,7123,46,62,14,1359552.6,2024-08-30,2024-08-30
7044,7044,7124,33,8,15,74762.0,06-06-2023,2023-06-06
7045,7045,7125,32,62,14,1431108.0,13-06-2023,2023-06-13
7046,7046,7126,32,17,14,196543.0,2024-08-29,2024-08-29
7047,7047,7127,15,48,4,55997.75,2023-04-22,2023-04-22
7048,7048,7128,2,90,13,976851.75,08-04-2023,2023-08-04
7049,7049,7129,16,42,2,11986.0,03-02-2024,2024-03-02
7050,7050,7130,22,64,14,1561078.0,01-10-2023,2023-01-10
7051,7051,7131,31,1,9,283197.85,09-08-2024,2024-09-08
7052,7052,7132,45,40,1,14184.0,11-12-2023,2023-11-12
7053,7053,7133,8,56,3,122517.7,04-03-2024,2024-04-03
7054,7054,7134,14,43,3,105291.0,2024-04-01,2024-04-01
7055,7055,7135,27,26,5,82095.2,2024-11-02,2024-11-02
7056,7056,7136,15,120,12,35619.3,2023-09-11,2023-09-11
7057,7057,7137,8,139,4,5415.0,21-12-2024,2024-12-21
7058,7058,7138,33,27,2,33023.0,2024-01-04,2024-01-04
7059,7059,7139,47,43,14,466788.2,29-03-2024,2024-03-29
7060,7060,7140,49,141,7,31799.35,2023-08-25,2023-08-25
7061,7061,7141,34,35,7,77039.0,14-09-2024,2024-09-14
7062,7062,7142,3,43,3,100026.45,2023-10-10,2023-10-10
7063,7063,7143,10,11,7,253623.0,2024-05-26,2024-05-26
7064,7064,7144,27,38,6,150828.65,2024-02-01,2024-02-01
7065,7065,7145,10,39,3,88898.0,08-02-2023,2023-08-02
7066,7066,7146,41,63,5,699788.0,07-02-2024,2024-07-02
7067,7067,7147,33,132,2,2969.7,2024-03-18,2024-03-18
7068,7068,7148,24,122,11,13819.65,2023-12-13,2023-12-13
7069,7069,7149,4,55,4,439949.0,02-10-2024,2024-02-10
7070,7070,7150,1,44,3,32421.0,2024-01-24,2024-01-24
7071,7071,7151,35,80,3,387672.0,2024-12-08,2024-12-08
7072,7072,7152,10,91,13,1753518.0,2024-07-08,2024-07-08
7073,7073,7153,24,100,12,1255203.0,16-01-2024,2024-01-16
7074,7074,7154,23,6,7,78603.95,2024-08-07,2024-08-07
7075,7075,7155,26,118,3,12945.0,2024-05-04,2024-05-04
7076,7076,7156,29,91,5,674430.0,20-07-2023,2023-07-20
7077,7077,7157,4,131,2,1830.65,2023-02-28,2023-02-28
7078,7078,7158,24,102,15,12480.0,05-04-2024,2024-05-04
7079,7079,7159,49,69,8,344014.0,19-09-2023,2023-09-19
7080,7080,7160,18,97,15,2030026.0,2024-09-09,2024-09-09
7081,7081,7161,43,65,4,102231.0,27-02-2024,2024-02-27
7082,7082,7162,16,132,14,20787.9,2024-12-22,2024-12-22
7083,7083,7163,43,37,4,23057.45,2023-07-31,2023-07-31
7084,7084,7164,28,109,5,2958.3,2024-01-12,2024-01-12
7085,7085,7165,16,14,5,170102.25,07-11-2023,2023-07-11
7086,7086,7166,7,107,8,12107.0,2024-04-20,2024-04-20
7087,7087,7167,42,135,10,16445.0,2023-11-02,2023-11-02
7088,7088,7168,45,80,1,129224.0,03-12-2023,2023-03-12
7089,7089,7169,33,48,7,103154.0,2024-02-19,2024-02-19
7090,7090,7170,15,52,10,130188.95,18-07-2023,2023-07-18
7091,7091,7171,1,39,4,112604.45,08-09-2024,2024-08-09
7092,7092,7172,48,68,14,936559.0,04-11-2024,2024-04-11
7093,7093,7173,46,17,2,28078.0,20-03-2023,2023-03-20
7094,7094,7174,11,15,8,212038.1,15-01-2024,2024-01-15
7095,7095,7175,2,20,9,277501.0,2023-11-01,2023-11-01
7096,7096,7176,13,137,7,23698.0,2024-12-07,2024-12-07
7097,7097,7177,11,132,12,18756.0,2023-05-10,2023-05-10
7098,7098,7178,22,123,10,26382.45,26-04-2024,2024-04-26
7099,7099,7179,40,22,14,552340.0,08-04-2024,2024-08-04
7100,7100,7181,23,136,7,13123.3,2023-12-12,2023-12-12
7101,7101,7182,32,146,5,2480.0,2024-03-21,2024-03-21
7102,7102,7183,47,71,2,247330.6,2023-04-12,2023-04-12
7103,7103,7184,32,64,1,111506.0,02-02-2024,2024-02-02
7104,7104,7185,48,125,11,37423.0,17-08-2024,2024-08-17
7105,7105,7186,38,10,13,416430.0,29-09-2023,2023-09-29
7106,7106,7187,14,29,1,36510.0,05-12-2023,2023-05-12
7107,7107,7188,38,99,9,917130.0,18-09-2023,2023-09-18
7108,7108,7189,45,8,10,47349.9,14-05-2023,2023-05-14
7109,7109,7190,35,80,10,1227626.1,02-12-2023,2023-02-12
7110,7110,7191,17,5,10,236690.0,03-08-2024,2024-03-08
7111,7111,7192,26,145,7,28926.55,2023-07-22,2023-07-22
7112,7112,7193,2,26,9,147771.55,14-11-2023,2023-11-14
7113,7113,7194,20,13,2,14719.3,15-02-2023,2023-02-15
7114,7114,7195,40,2,1,13298.1,28-04-2024,2024-04-28
7115,7115,7196,2,66,12,150860.0,28-01-2023,2023-01-28
7116,7116,7197,41,117,12,46774.2,03-08-2024,2024-03-08
7117,7117,7198,25,113,11,48345.0,2024-02-27,2024-02-27
7118,7118,7199,12,113,3,13185.0,09-05-2023,2023-09-05
7119,7119,7200,7,95,3,198952.8,2023-08-20,2023-08-20
7120,7120,7201,11,134,13,58262.55,2024-11-04,2024-11-04
7121,7121,7202,32,82,1,51634.0,19-08-2023,2023-08-19
7122,7122,7203,24,53,15,805125.0,04-12-2023,2023-04-12
7123,7123,7204,7,2,2,26596.2,2023-07-22,2023-07-22
7124,7124,7205,15,70,8,274843.0,2023-11-10,2023-11-10
7125,7125,7206,5,60,4,413253.8,2023-06-18,2023-06-18
7126,7126,7207,11,26,15,246285.6,22-09-2024,2024-09-22
7127,7127,7208,43,142,7,5785.0,2023-08-28,2023-08-28
7128,7128,7209,27,41,7,74200.0,2024-03-10,2024-03-10
7129,7129,7210,43,3,15,128594.85,2024-10-05,2024-10-05
7130,7130,7211,10,144,3,6309.9,2024-06-21,2024-06-21
7131,7131,7212,3,118,13,56096.0,31-05-2023,2023-05-31
7132,7132,7213,13,53,14,751450.0,17-02-2023,2023-02-17
7133,7133,7214,22,16,13,370574.1,10-12-2023,2023-10-12
7134,7134,7215,36,51,6,365706.3,2023-07-31,2023-07-31
7135,7135,7216,37,2,5,66491.45,2023-01-17,2023-01-17
7136,7136,7217,33,77,9,382224.9,15-10-2024,2024-10-15
7137,7137,7218,39,88,7,321437.25,2023-01-13,2023-01-13
7138,7138,7219,30,141,6,28691.0,29-10-2023,2023-10-29
7139,7139,7220,37,25,6,69121.05,2024-08-09,2024-08-09
7140,7140,7221,49,88,13,596955.3,26-12-2023,2023-12-26
7141,7141,7222,42,112,3,6215.85,2023-04-23,2023-04-23
7142,7142,7223,16,77,2,89409.0,2023-10-28,2023-10-28
7143,7143,7224,38,79,9,595322.0,06-10-2024,2024-06-10
7144,7144,7225,18,131,9,8672.0,07-03-2024,2024-07-03
7145,7145,7226,24,26,1,17283.0,2023-01-03,2023-01-03
7146,7146,7227,46,4,1,3212.9,16-01-2023,2023-01-16
7147,7147,7228,22,33,2,12760.4,2024-05-13,2024-05-13
7148,7148,7229,30,89,13,971674.25,2024-03-23,2024-03-23
7149,7149,7230,9,99,8,815226.35,2023-11-24,2023-11-24
7150,7150,7231,26,132,2,2969.7,04-03-2023,2023-04-03
7151,7151,7232,25,34,9,42045.1,2024-01-04,2024-01-04
7152,7152,7233,16,127,3,4415.6,20-05-2023,2023-05-20
7153,7153,7234,30,60,8,870009.0,15-07-2023,2023-07-15
7154,7154,7235,5,122,1,1322.0,2023-03-03,2023-03-03
7155,7155,7236,43,28,13,185361.0,2023-06-04,2023-06-04
7156,7156,7237,7,121,13,45624.7,2023-04-03,2023-04-03
7157,7157,7238,1,144,10,22141.0,09-09-2024,2024-09-09
7158,7158,7239,6,28,14,189639.0,2023-07-31,2023-07-31
7159,7159,7240,33,124,6,21489.0,24-10-2023,2023-10-24
7160,7160,7241,10,125,6,20412.0,06-06-2024,2024-06-06
7161,7161,7242,8,57,6,677105.85,2023-09-30,2023-09-30
7162,7162,7243,46,110,13,32442.0,05-02-2023,2023-05-02
7163,7163,7244,17,119,9,29302.0,14-10-2024,2024-10-14
7164,7164,7245,37,17,15,200052.9,20-05-2023,2023-05-20
7165,7165,7246,4,85,12,462944.0,2024-02-27,2024-02-27
7166,7166,7247,43,88,15,688794.65,2024-12-10,2024-12-10
7167,7167,7248,5,25,3,34560.05,2024-02-21,2024-02-21
7168,7168,7249,39,111,2,8141.5,2024-01-11,2024-01-11
7169,7169,7250,2,71,8,1041392.0,2024-02-05,2024-02-05
7170,7170,7251,14,104,5,18565.0,2024-04-30,2024-04-30
7171,7171,7252,36,66,14,167202.85,03-12-2024,2024-03-12
7172,7172,7253,46,64,14,1561078.0,2024-11-16,2024-11-16
7173,7173,7254,26,36,13,293818.0,30-10-2024,2024-10-30
7174,7174,7256,48,73,2,286320.0,28-09-2023,2023-09-28
7175,7175,7257,35,20,12,351500.95,2024-01-10,2024-01-10
7176,7176,7258,19,35,5,55028.0,2023-09-12,2023-09-12
7177,7177,7259,44,74,15,1298378.0,2023-07-05,2023-07-05
7178,7178,7260,11,112,2,4362.0,02-04-2024,2024-02-04
7179,7179,7261,22,94,13,529761.0,2023-06-02,2023-06-02
7180,7180,7262,5,103,13,22096.05,2024-09-08,2024-09-08
7181,7181,7263,35,103,4,6799.15,2023-05-20,2023-05-20
7182,7182,7264,9,108,8,25425.8,2024-09-29,2024-09-29
7183,7183,7265,36,89,8,597952.8,16-06-2024,2024-06-16
7184,7184,7266,31,100,1,99370.0,2024-06-24,2024-06-24
7185,7185,7267,35,24,9,198635.5,2024-04-10,2024-04-10
7186,7186,7268,7,142,13,10743.0,08-02-2024,2024-08-02
7187,7187,7269,5,6,4,44916.95,03-10-2023,2023-03-10
7188,7188,7270,6,100,14,1391182.85,22-04-2024,2024-04-22
7189,7189,7271,5,141,4,19127.0,07-08-2023,2023-07-08
7190,7190,7272,45,108,14,44496.1,2024-12-04,2024-12-04
7191,7191,7273,35,51,14,898226.0,2024-05-06,2024-05-06
7192,7192,7274,38,123,11,30548.0,02-02-2024,2024-02-02
7193,7193,7275,32,69,7,316855.0,2024-07-27,2024-07-27
7194,7194,7276,32,78,3,347020.75,02-10-2023,2023-02-10
7195,7195,7277,26,4,1,3212.9,19-05-2024,2024-05-19
7196,7196,7278,36,105,10,3095.0,01-03-2024,2024-01-03
7197,7197,7279,13,33,15,100737.0,07-01-2024,2024-07-01
7198,7198,7280,24,48,15,209992.75,28-09-2023,2023-09-28
7199,7199,7281,17,50,2,21424.4,17-06-2024,2024-06-17
7200,7200,7282,16,129,2,6205.4,2024-06-08,2024-06-08
7201,7201,7283,9,84,7,288768.65,04-02-2024,2024-04-02
7202,7202,7284,20,126,11,29448.0,08-07-2024,2024-08-07
7203,7203,7285,40,30,7,225735.0,2024-02-25,2024-02-25
7204,7204,7286,48,106,1,4385.0,2024-12-07,2024-12-07
7205,7205,7287,10,26,7,120982.0,2024-07-01,2024-07-01
7206,7206,7288,47,43,7,245678.0,2024-09-25,2024-09-25
7207,7207,7289,49,74,11,952144.0,21-04-2023,2023-04-21
7208,7208,7290,37,128,6,26508.8,2024-04-11,2024-04-11
7209,7209,7291,37,125,12,38783.75,23-08-2023,2023-08-23
7210,7210,7292,29,84,4,165011.2,2023-08-09,2023-08-09
7211,7211,7293,28,50,11,124036.0,2024-07-21,2024-07-21
7212,7212,7294,38,140,15,47019.0,2024-02-25,2024-02-25
7213,7213,7295,47,66,12,143317.0,20-05-2023,2023-05-20
7214,7214,7296,16,67,1,81499.55,25-04-2024,2024-04-25
7215,7215,7297,48,122,14,18515.0,2023-12-08,2023-12-08
7216,7216,7298,3,2,12,167978.0,2023-05-31,2023-05-31
7217,7217,7299,3,138,7,29281.0,2024-09-23,2024-09-23
7218,7218,7300,22,132,13,19303.05,2024-08-08,2024-08-08
7219,7219,7301,9,114,6,4556.2,03-10-2023,2023-03-10
7220,7220,7302,30,75,13,404689.55,02-05-2024,2024-02-05
7221,7221,7303,25,110,14,34937.0,22-07-2024,2024-07-22
7222,7222,7304,27,150,14,21887.05,2023-12-27,2023-12-27
7223,7223,7305,46,93,1,100477.0,10-03-2023,2023-10-03
7224,7224,7307,37,117,8,32824.0,2023-05-27,2023-05-27
7225,7225,7308,4,38,11,276519.35,2023-08-29,2023-08-29
7226,7226,7309,27,22,13,487242.65,05-01-2023,2023-05-01
7227,7227,7310,19,137,9,28945.55,2024-02-01,2024-02-01
7228,7228,7311,7,26,4,69133.0,2024-01-09,2024-01-09
7229,7229,7312,44,148,10,45463.2,2024-01-23,2024-01-23
7230,7230,7313,25,112,15,31078.3,2023-08-28,2023-08-28
7231,7231,7314,17,140,6,17866.65,2023-02-13,2023-02-13
7232,7232,7315,3,30,7,225735.0,2023-07-21,2023-07-21
7233,7233,7316,49,139,12,17099.0,2023-02-19,2023-02-19
7234,7234,7317,46,91,7,896991.9,06-02-2023,2023-06-02
7235,7235,7318,2,51,14,853314.7,2024-07-31,2024-07-31
7236,7236,7319,2,104,15,55695.0,07-03-2023,2023-07-03
7237,7237,7320,1,119,8,24744.65,2023-03-11,2023-03-11
7238,7238,7321,11,150,8,12506.75,08-04-2023,2023-08-04
7239,7239,7322,4,80,11,1421462.0,2024-04-28,2024-04-28
7240,7240,7323,26,85,8,293198.5,13-12-2024,2024-12-13
7241,7241,7324,29,41,4,40280.0,2024-03-27,2024-03-27
7242,7242,7325,42,144,1,2103.3,01-09-2023,2023-01-09
7243,7243,7326,2,39,1,29633.0,07-08-2024,2024-07-08
7244,7244,7327,26,132,6,8909.1,06-08-2023,2023-06-08
7245,7245,7328,48,69,5,215008.75,03-04-2024,2024-03-04
7246,7246,7329,30,86,12,1122278.0,08-04-2023,2023-08-04
7247,7247,7330,19,30,1,30635.6,26-05-2023,2023-05-26
7248,7248,7331,9,126,15,38148.2,21-03-2024,2024-03-21
7249,7249,7332,36,13,9,69724.0,2023-05-07,2023-05-07
7250,7250,7333,13,120,1,3124.0,2023-09-09,2023-09-09
7251,7251,7334,15,30,11,336990.65,30-03-2023,2023-03-30
7252,7252,7335,43,139,9,12182.8,2024-10-24,2024-10-24
7253,7253,7336,25,31,11,91114.0,2023-06-10,2023-06-10
7254,7254,7337,18,136,13,25656.0,2024-09-03,2024-09-03
7255,7255,7338,31,58,12,1305895.0,18-10-2024,2024-10-18
7256,7256,7339,21,119,7,21651.45,2024-04-29,2024-04-29
7257,7257,7340,8,30,10,306355.05,06-06-2024,2024-06-06
7258,7258,7341,35,44,9,92398.9,2023-09-01,2023-09-01
7259,7259,7342,30,13,1,7359.65,09-04-2024,2024-09-04
7260,7260,7343,25,21,7,61142.0,2023-03-08,2023-03-08
7261,7261,7344,22,97,2,257136.5,2023-10-12,2023-10-12
7262,7262,7345,5,84,5,217119.0,30-04-2023,2023-04-30
7263,7263,7346,34,124,11,41469.0,13-10-2024,2024-10-13
7264,7264,7347,47,54,15,1823022.0,16-11-2023,2023-11-16
7265,7265,7348,13,104,1,3713.0,16-07-2024,2024-07-16
7266,7266,7349,33,144,11,23138.2,21-08-2023,2023-08-21
7267,7267,7350,19,129,14,45727.0,2023-02-21,2023-02-21
7268,7268,7351,47,113,11,45927.75,2024-01-15,2024-01-15
7269,7269,7352,40,88,7,338355.0,08-05-2023,2023-08-05
7270,7270,7353,44,75,1,32768.0,26-11-2023,2023-11-26
7271,7271,7354,30,22,8,315623.0,13-03-2023,2023-03-13
7272,7272,7355,48,108,14,46838.0,2024-06-02,2024-06-02
7273,7273,7356,25,134,9,40335.1,2023-06-19,2023-06-19
7274,7274,7357,5,56,9,386899.0,23-08-2024,2024-08-23
7275,7275,7358,27,15,6,159029.05,2024-06-22,2024-06-22
7276,7276,7359,30,60,7,723195.1,2024-11-23,2024-11-23
7277,7277,7360,5,79,7,463028.0,2023-02-28,2023-02-28
7278,7278,7361,11,89,9,672696.9,06-06-2024,2024-06-06
7279,7279,7362,25,91,7,944202.0,2024-04-28,2024-04-28
7280,7280,7363,43,68,9,571970.3,2023-12-08,2023-12-08
7281,7281,7364,26,42,2,11386.7,2023-11-25,2023-11-25
7282,7282,7365,19,142,12,9421.15,2023-10-08,2023-10-08
7283,7283,7366,26,60,2,206626.9,2023-01-18,2023-01-18
7284,7284,7367,16,17,1,14039.0,2023-10-01,2023-10-01
7285,7285,7368,32,68,8,508418.15,27-11-2024,2024-11-27
7286,7286,7369,14,91,4,512566.8,29-12-2023,2023-12-29
7287,7287,7370,5,31,9,74548.0,12-01-2023,2023-12-01
7288,7288,7371,32,96,5,353104.0,2023-06-30,2023-06-30
7289,7289,7372,29,119,1,3256.0,2024-02-03,2024-02-03
7290,7290,7373,6,149,14,16291.0,2024-12-01,2024-12-01
7291,7291,7374,16,9,1,37720.7,27-07-2024,2024-07-27
7292,7292,7375,7,57,1,112851.45,25-08-2023,2023-08-25
7293,7293,7376,24,13,3,23241.0,2023-05-19,2023-05-19
7294,7294,7377,1,102,8,6656.0,2024-10-22,2024-10-22
7295,7295,7378,23,77,3,134114.0,20-09-2024,2024-09-20
7296,7296,7379,2,61,15,399265.05,06-02-2024,2024-06-02
7297,7297,7380,2,49,14,185700.0,2023-08-07,2023-08-07
7298,7298,7381,20,25,2,24253.0,30-12-2024,2024-12-30
7299,7299,7382,39,17,13,182504.0,17-08-2023,2023-08-17
7300,7300,7383,5,141,13,62163.0,2023-06-19,2023-06-19
7301,7301,7384,33,141,5,22713.55,06-09-2023,2023-06-09
7302,7302,7385,19,29,7,242793.4,08-09-2024,2024-08-09
7303,7303,7386,44,35,15,156828.85,01-11-2024,2024-01-11
7304,7304,7387,24,33,10,63800.1,31-07-2024,2024-07-31
7305,7305,7388,3,23,13,145322.0,2024-04-15,2024-04-15
7306,7306,7389,3,124,7,25070.5,19-05-2024,2024-05-19
7307,7307,7390,17,60,5,543755.0,17-02-2024,2024-02-17
7308,7308,7391,43,16,6,171034.2,21-09-2023,2023-09-21
7309,7309,7392,11,56,6,257933.0,19-12-2024,2024-12-19
7310,7310,7393,49,145,2,8700.0,2023-12-29,2023-12-29
7311,7311,7394,10,133,1,1893.0,2024-12-23,2024-12-23
7312,7312,7395,4,19,9,140496.45,2024-01-15,2024-01-15
7313,7313,7396,42,63,13,1728477.5,24-04-2023,2023-04-24
7314,7314,7397,9,8,13,61554.3,15-10-2024,2024-10-15
7315,7315,7398,27,71,9,1171567.0,2023-11-23,2023-11-23
7316,7316,7399,47,110,9,21337.0,2024-04-09,2024-04-09
7317,7317,7400,48,66,6,75430.0,08-02-2024,2024-08-02
7318,7318,7401,17,100,14,1464403.0,25-08-2024,2024-08-25
7319,7319,7402,23,101,15,6951.0,2024-08-18,2024-08-18
7320,7320,7403,8,60,10,1087511.0,22-11-2024,2024-11-22
7321,7321,7404,21,33,11,73873.0,2023-11-15,2023-11-15
7322,7322,7405,47,68,12,802765.0,25-08-2024,2024-08-25
7323,7323,7406,30,14,6,214866.0,2024-04-25,2024-04-25
7324,7324,7407,13,59,5,435831.0,2024-06-25,2024-06-25
7325,7325,7408,15,124,14,52779.0,2024-02-07,2024-02-07
7326,7326,7409,13,45,12,112902.75,17-06-2024,2024-06-17
7327,7327,7410,43,81,2,232082.15,31-12-2023,2023-12-31
7328,7328,7412,7,54,13,1579953.0,06-02-2023,2023-06-02
7329,7329,7413,48,9,12,452642.7,2024-03-21,2024-03-21
7330,7330,7414,3,71,15,1854980.45,2024-09-16,2024-09-16
7331,7331,7415,5,138,4,16732.0,01-07-2023,2023-01-07
7332,7332,7416,34,121,7,25860.0,2023-12-14,2023-12-14
7333,7333,7417,47,127,5,7359.65,17-12-2023,2023-12-17
7334,7334,7418,10,12,6,15539.15,2024-11-17,2024-11-17
7335,7335,7419,44,21,3,24893.8,22-06-2023,2023-06-22
7336,7336,7420,33,135,13,20310.05,31-08-2023,2023-08-31
7337,7337,7421,44,143,12,53237.0,24-07-2024,2024-07-24
7338,7338,7422,21,25,2,23040.35,01-03-2024,2024-01-03
7339,7339,7423,25,67,15,1286836.0,2023-02-08,2023-02-08
7340,7340,7424,27,11,14,507247.0,22-07-2024,2024-07-22
7341,7341,7425,3,48,5,69997.9,2023-07-11,2023-07-11
7342,7342,7426,19,145,1,4350.0,2024-10-22,2024-10-22
7343,7343,7427,15,42,6,34159.15,06-05-2023,2023-06-05
7344,7344,7428,2,137,9,28945.55,02-05-2024,2024-02-05
7345,7345,7429,32,67,15,1286836.0,2023-12-09,2023-12-09
7346,7346,7430,7,109,15,9340.0,2023-12-07,2023-12-07
7347,7347,7431,25,60,5,543755.0,2024-01-28,2024-01-28
7348,7348,7432,34,31,3,23606.55,2024-09-18,2024-09-18
7349,7349,7433,30,13,3,22078.95,07-11-2024,2024-07-11
7350,7350,7434,15,45,7,69326.0,2024-08-11,2024-08-11
7351,7351,7435,26,11,2,72464.0,2024-10-06,2024-10-06
7352,7352,7436,26,59,4,348665.0,2024-12-24,2024-12-24
7353,7353,7437,8,32,5,59386.4,2024-11-23,2024-11-23
7354,7354,7438,7,14,14,476287.25,04-05-2023,2023-04-05
7355,7355,7439,16,129,8,26130.0,29-11-2024,2024-11-29
7356,7356,7440,25,116,8,20604.0,2024-07-31,2024-07-31
7357,7357,7441,40,51,1,60951.05,2024-10-14,2024-10-14
7358,7358,7442,31,108,6,20073.0,04-12-2023,2023-04-12
7359,7359,7443,12,112,6,12431.7,05-04-2024,2024-05-04
7360,7360,7444,18,103,11,18696.95,2023-11-23,2023-11-23
7361,7361,7445,32,25,2,23040.35,2024-06-01,2024-06-01
7362,7362,7446,5,86,10,888469.45,2023-12-23,2023-12-23
7363,7363,7447,14,134,3,13445.35,01-06-2024,2024-01-06
7364,7364,7448,48,103,15,26838.0,2023-04-19,2023-04-19
7365,7365,7449,6,14,3,107433.0,2023-12-25,2023-12-25
7366,7366,7450,19,126,7,18739.0,2024-12-16,2024-12-16
7367,7367,7451,28,45,2,18816.65,2023-04-04,2023-04-04
7368,7368,7452,23,48,14,206309.0,17-12-2023,2023-12-17
7369,7369,7453,8,49,14,185700.0,2024-05-18,2024-05-18
7370,7370,7454,40,117,3,12309.0,14-09-2024,2024-09-14
7371,7371,7455,46,74,15,1233459.1,19-12-2024,2024-12-19
7372,7372,7456,7,102,6,4742.4,2023-07-20,2023-07-20
7373,7373,7457,1,146,9,4240.8,2023-04-27,2023-04-27
7374,7374,7458,33,28,4,54182.3,2023-10-19,2023-10-19
7375,7375,7460,28,51,2,128318.0,19-03-2024,2024-03-19
7376,7376,7461,34,102,5,3952.0,2023-03-10,2023-03-10
7377,7377,7462,7,86,1,88846.85,07-06-2023,2023-07-06
7378,7378,7463,48,125,12,38783.75,22-12-2024,2024-12-22
7379,7379,7464,14,100,10,1046002.0,26-10-2023,2023-10-26
7380,7380,7465,24,124,8,30159.0,02-09-2023,2023-02-09
7381,7381,7466,44,114,8,6394.0,10-08-2024,2024-10-08
7382,7382,7467,35,119,14,45581.0,03-05-2024,2024-03-05
7383,7383,7468,44,128,6,27904.0,28-02-2024,2024-02-28
7384,7384,7469,32,117,3,11693.55,2023-03-05,2023-03-05
7385,7385,7470,42,1,12,377596.5,01-08-2024,2024-01-08
7386,7386,7471,39,89,15,1121162.45,08-01-2023,2023-08-01
7387,7387,7472,13,84,3,130272.0,2024-06-27,2024-06-27
7388,7388,7473,42,4,10,33819.0,2023-07-08,2023-07-08
7389,7389,7474,16,82,13,671243.0,21-11-2024,2024-11-21
7390,7390,7475,32,23,4,42479.25,14-03-2024,2024-03-14
7391,7391,7476,1,41,9,90630.0,23-01-2024,2024-01-23
7392,7392,7477,10,106,10,41656.55,21-01-2024,2024-01-21
7393,7393,7478,44,79,11,727615.0,29-03-2024,2024-03-29
7394,7394,7479,14,145,4,17399.0,01-02-2023,2023-01-02
7395,7395,7480,45,122,8,10051.0,2024-02-02,2024-02-02
7396,7396,7481,43,102,3,2371.2,25-04-2023,2023-04-25
7397,7397,7482,7,6,10,112291.9,13-03-2023,2023-03-13
7398,7398,7483,41,29,6,208108.9,02-02-2024,2024-02-02
7399,7399,7484,21,3,4,36097.0,03-07-2023,2023-03-07
7400,7400,7485,46,1,4,125865.5,2023-12-15,2023-12-15
7401,7401,7486,42,115,14,11628.0,2024-04-17,2024-04-17
7402,7402,7487,16,27,8,125487.4,19-07-2023,2023-07-19
7403,7403,7488,38,69,15,678975.0,09-06-2023,2023-09-06
7404,7404,7489,37,35,1,10455.7,19-09-2023,2023-09-19
7405,7405,7490,35,127,15,23240.0,11-05-2024,2024-11-05
7406,7406,7491,10,35,8,88044.0,2023-12-13,2023-12-13
7407,7407,7492,34,112,8,16575.6,2024-05-28,2024-05-28
7408,7408,7493,27,37,7,42474.0,14-04-2023,2023-04-14
7409,7409,7494,27,105,5,1548.0,2023-03-11,2023-03-11
7410,7410,7495,24,68,5,334486.0,2024-10-20,2024-10-20
7411,7411,7496,27,105,5,1470.6,2023-01-31,2023-01-31
7412,7412,7497,40,40,6,85104.0,2023-09-01,2023-09-01
7413,7413,7498,30,92,15,1266171.4,2023-06-13,2023-06-13
7414,7414,7499,5,131,2,1830.65,11-10-2024,2024-11-10
7415,7415,7500,19,128,14,65110.0,2023-06-11,2023-06-11
7416,7416,7501,9,142,2,1570.35,07-01-2023,2023-07-01
7417,7417,7502,10,22,3,112441.05,18-01-2024,2024-01-18
7418,7418,7503,27,126,4,10172.6,21-01-2023,2023-01-21
7419,7419,7504,24,105,14,4117.3,2024-03-12,2024-03-12
7420,7420,7505,44,48,2,27999.35,14-07-2023,2023-07-14
7421,7421,7506,20,111,5,21426.0,16-12-2023,2023-12-16
7422,7422,7507,33,86,6,561139.0,20-04-2024,2024-04-20
7423,7423,7508,37,139,13,17596.85,24-01-2024,2024-01-24
7424,7424,7509,41,14,5,170102.25,2024-10-02,2024-10-02
7425,7425,7510,48,107,8,12107.0,2024-11-27,2024-11-27
7426,7426,7511,2,134,14,62744.65,2024-09-22,2024-09-22
7427,7427,7512,41,84,8,347391.0,2023-11-29,2023-11-29
7428,7428,7513,46,118,1,4315.0,2024-06-13,2024-06-13
7429,7429,7514,5,141,15,71727.0,2024-12-22,2024-12-22
7430,7430,7515,40,126,2,5354.0,13-01-2024,2024-01-13
7431,7431,7516,21,23,14,148675.95,25-07-2024,2024-07-25
7432,7432,7517,18,57,12,1354212.65,2024-03-12,2024-03-12
7433,7433,7518,20,111,13,52922.6,2024-10-15,2024-10-15
7434,7434,7519,18,27,5,82557.0,2023-03-31,2023-03-31
7435,7435,7520,19,63,1,132960.1,22-09-2024,2024-09-22
7436,7436,7521,4,139,1,1353.75,21-09-2024,2024-09-21
7437,7437,7522,10,90,13,1028265.0,2024-12-29,2024-12-29
7438,7438,7523,28,63,6,839746.0,2023-03-19,2023-03-19
7439,7439,7524,49,121,13,45624.7,2024-06-20,2024-06-20
7440,7440,7525,25,57,9,1015659.25,14-03-2023,2023-03-14
7441,7441,7526,22,129,12,39195.0,2024-07-17,2024-07-17
7442,7442,7527,13,37,3,17292.85,26-08-2023,2023-08-26
7443,7443,7528,15,120,6,18747.0,04-04-2024,2024-04-04
7444,7444,7529,13,99,10,1019033.65,2024-06-29,2024-06-29
7445,7445,7530,15,94,1,40751.0,2024-10-18,2024-10-18
7446,7446,7531,29,150,13,20324.3,2024-05-11,2024-05-11
7447,7447,7532,33,146,6,2976.0,06-05-2023,2023-06-05
7448,7448,7533,39,119,11,34023.3,02-04-2023,2023-02-04
7449,7449,7534,42,29,4,146041.0,2023-03-08,2023-03-08
7450,7450,7535,10,39,10,281511.6,22-04-2024,2024-04-22
7451,7451,7536,10,36,11,248615.0,2024-07-06,2024-07-06
7452,7452,7537,18,44,11,112931.25,07-07-2023,2023-07-07
7453,7453,7538,28,108,12,38139.65,05-03-2024,2024-05-03
7454,7454,7539,7,26,9,147771.55,2024-04-17,2024-04-17
7455,7455,7540,36,62,6,613332.0,2023-10-10,2023-10-10
7456,7456,7541,49,89,12,896930.15,2023-03-16,2023-03-16
7457,7457,7542,18,67,11,896496.0,24-10-2023,2023-10-24
7458,7458,7543,28,56,7,285874.95,2024-04-05,2024-04-05
7459,7459,7544,38,111,11,47138.0,18-08-2024,2024-08-18
7460,7460,7545,6,34,7,32701.85,2023-06-19,2023-06-19
7461,7461,7546,35,27,1,16511.0,27-07-2023,2023-07-27
7462,7462,7547,42,73,6,858960.0,29-09-2024,2024-09-29
7463,7463,7548,42,4,12,40583.0,18-01-2023,2023-01-18
7464,7464,7549,5,95,8,530540.8,25-03-2023,2023-03-25
7465,7465,7550,30,146,7,3298.4,2024-12-10,2024-12-10
7466,7466,7551,49,3,10,90242.0,09-08-2023,2023-09-08
7467,7467,7552,41,80,4,516895.0,2024-09-11,2024-09-11
7468,7468,7553,44,130,15,59052.95,2024-01-21,2024-01-21
7469,7469,7554,16,116,14,36057.0,05-03-2024,2024-05-03
7470,7470,7555,39,141,10,45427.1,2024-05-15,2024-05-15
7471,7471,7556,11,9,5,198528.0,14-07-2024,2024-07-14
7472,7472,7557,18,119,4,13023.0,24-02-2023,2023-02-24
7473,7473,7558,37,13,11,80957.1,22-05-2024,2024-05-22
7474,7474,7560,46,37,15,91016.0,22-05-2024,2024-05-22
7475,7475,7561,20,1,14,440529.25,20-04-2024,2024-04-20
7476,7476,7562,14,131,3,2746.45,09-08-2024,2024-09-08
7477,7477,7563,49,87,7,468019.0,16-07-2024,2024-07-16
7478,7478,7564,45,94,14,570512.0,2023-03-01,2023-03-01
7479,7479,7565,4,126,5,12715.75,19-04-2024,2024-04-19
7480,7480,7566,21,51,15,962385.0,03-11-2023,2023-03-11
7481,7481,7567,8,7,13,253744.0,2024-03-09,2024-03-09
7482,7482,7568,12,47,4,23267.4,2024-07-26,2024-07-26
7483,7483,7569,9,57,7,789957.3,2024-11-17,2024-11-17
7484,7484,7570,15,110,12,29946.0,2023-11-07,2023-11-07
7485,7485,7571,43,51,14,898226.0,2024-09-10,2024-09-10
7486,7486,7572,43,110,3,7487.0,27-07-2024,2024-07-27
7487,7487,7573,19,19,3,49297.0,2024-02-13,2024-02-13
7488,7488,7574,42,111,8,32567.9,2024-03-25,2024-03-25
7489,7489,7575,20,67,3,257367.0,10-06-2024,2024-10-06
7490,7490,7576,24,81,12,1465782.0,13-08-2023,2023-08-13
7491,7491,7577,47,86,6,533082.05,2024-06-30,2024-06-30
7492,7492,7578,11,67,12,1029469.0,26-08-2024,2024-08-26
7493,7493,7579,6,22,14,524723.0,24-12-2023,2023-12-24
7494,7494,7580,19,17,11,154427.0,14-01-2023,2023-01-14
7495,7495,7581,4,35,2,22011.0,06-01-2024,2024-06-01
7496,7496,7582,48,89,6,472068.0,05-01-2023,2023-05-01
7497,7497,7583,7,6,1,11229.0,2024-07-07,2024-07-07
7498,7498,7584,30,77,10,424694.65,2023-06-05,2023-06-05
7499,7499,7585,27,90,3,237292.0,2023-06-27,2023-06-27
7500,7500,7586,4,40,10,141840.0,2023-09-23,2023-09-23
7501,7501,7587,44,149,6,6632.9,07-07-2023,2023-07-07
7502,7502,7588,23,120,13,38587.1,2024-06-26,2024-06-26
7503,7503,7589,25,124,13,46558.55,11-04-2024,2024-11-04
7504,7504,7590,17,41,4,40280.0,12-01-2024,2024-12-01
7505,7505,7591,3,114,15,11389.55,15-12-2024,2024-12-15
7506,7506,7592,40,120,11,34369.0,25-11-2023,2023-11-25
7507,7507,7593,40,19,12,197188.0,2023-02-13,2023-02-13
7508,7508,7594,29,116,6,14680.35,2024-03-09,2024-03-09
7509,7509,7595,26,113,8,35160.0,18-02-2024,2024-02-18
7510,7510,7596,25,73,13,1861079.0,09-05-2024,2024-09-05
7511,7511,7597,37,132,12,18756.0,04-02-2024,2024-04-02
7512,7512,7598,5,76,2,281576.2,2024-09-17,2024-09-17
7513,7513,7599,36,105,1,294.5,2024-05-20,2024-05-20
7514,7514,7600,49,121,9,31585.6,25-01-2023,2023-01-25
7515,7515,7601,3,72,14,1395305.0,2023-12-25,2023-12-25
7516,7516,7602,30,66,1,12572.0,19-08-2024,2024-08-19
7517,7517,7603,20,28,8,114068.0,02-09-2023,2023-02-09
7518,7518,7604,4,37,4,24271.0,2023-01-09,2023-01-09
7519,7519,7605,33,97,3,406005.0,2024-08-31,2024-08-31
7520,7520,7606,22,142,12,9421.15,2024-06-07,2024-06-07
7521,7521,7607,7,53,13,697775.0,01-02-2024,2024-01-02
7522,7522,7608,10,11,13,447464.25,19-08-2024,2024-08-19
7523,7523,7609,33,32,7,87517.0,2024-05-12,2024-05-12
7524,7524,7610,28,23,5,53098.35,2023-03-08,2023-03-08
7525,7525,7611,12,66,4,47772.65,2024-06-13,2024-06-13
7526,7526,7612,40,94,8,326007.0,17-05-2024,2024-05-17
7527,7527,7613,24,25,1,11519.7,07-09-2023,2023-07-09
7528,7528,7614,25,114,13,10391.0,06-01-2024,2024-06-01
7529,7529,7615,35,119,3,9767.0,06-05-2024,2024-06-05
7530,7530,7616,9,38,13,326795.25,04-06-2024,2024-04-06
7531,7531,7617,47,144,4,8857.0,2024-08-25,2024-08-25
7532,7532,7618,14,126,3,7629.45,2024-03-05,2024-03-05
7533,7533,7619,30,65,5,127788.0,19-08-2024,2024-08-19
7534,7534,7620,19,13,3,22078.95,2024-05-25,2024-05-25
7535,7535,7621,36,12,3,8179.0,2024-12-16,2024-12-16
7536,7536,7622,10,139,13,18523.0,07-10-2023,2023-07-10
7537,7537,7623,28,136,12,23682.0,2023-08-09,2023-08-09
7538,7538,7624,10,56,5,204196.8,2024-10-04,2024-10-04
7539,7539,7625,39,4,15,48191.6,2023-06-22,2023-06-22
7540,7540,7626,5,119,6,18558.25,2023-05-28,2023-05-28
7541,7541,7627,12,5,15,337283.25,16-08-2024,2024-08-16
7542,7542,7628,21,116,2,4893.45,2023-02-08,2023-02-08
7543,7543,7629,16,146,7,3298.4,2023-06-09,2023-06-09
7544,7544,7630,28,145,14,57853.1,2024-01-27,2024-01-27
7545,7545,7631,30,35,3,31366.15,28-09-2023,2023-09-28
7546,7546,7632,8,109,11,6850.0,10-02-2023,2023-10-02
7547,7547,7633,48,122,1,1322.0,13-03-2023,2023-03-13
7548,7548,7634,26,150,14,21887.05,2024-10-21,2024-10-21
7549,7549,7635,41,127,8,11775.25,2023-08-06,2023-08-06
7550,7550,7636,22,103,14,23796.55,19-10-2023,2023-10-19
7551,7551,7637,27,148,7,31824.05,07-05-2023,2023-07-05
7552,7552,7638,1,82,1,51634.0,03-07-2023,2023-03-07
7553,7553,7639,6,67,10,857890.0,16-04-2024,2024-04-16
7554,7554,7640,16,74,10,865586.0,2023-05-20,2023-05-20
7555,7555,7641,22,20,1,29291.35,16-04-2023,2023-04-16
7556,7556,7642,38,9,15,565802.9,2023-09-08,2023-09-08
7557,7557,7643,28,65,14,357808.0,28-11-2023,2023-11-28
7558,7558,7644,2,144,1,2103.3,2024-05-16,2024-05-16
7559,7559,7645,27,79,10,628394.6,2023-08-16,2023-08-16
7560,7560,7646,27,115,5,4153.0,07-05-2023,2023-07-05
7561,7561,7647,43,12,3,8179.0,11-03-2024,2024-11-03
7562,7562,7648,6,81,2,232082.15,18-08-2024,2024-08-18
7563,7563,7649,49,18,5,132862.0,2023-03-05,2023-03-05
7564,7564,7650,20,89,9,708102.0,2024-10-09,2024-10-09
7565,7565,7651,48,34,6,29505.0,2024-04-22,2024-04-22
7566,7566,7652,38,35,6,62731.35,2023-05-16,2023-05-16
7567,7567,7653,18,97,7,899977.75,17-09-2024,2024-09-17
7568,7568,7654,4,62,12,1226664.0,2024-01-03,2024-01-03
7569,7569,7655,9,81,12,1465782.0,2023-08-25,2023-08-25
7570,7570,7656,21,143,1,4214.2,2023-08-08,2023-08-08
7571,7571,7657,30,120,11,34369.0,14-04-2024,2024-04-14
7572,7572,7658,20,106,1,4385.0,14-10-2023,2023-10-14
7573,7573,7659,18,113,6,25051.5,11-06-2023,2023-11-06
7574,7574,7660,36,5,14,331366.0,30-01-2023,2023-01-30
7575,7575,7661,13,137,11,35378.0,26-05-2024,2024-05-26
7576,7576,7662,10,97,2,270670.0,01-04-2024,2024-01-04
7577,7577,7663,30,137,15,48242.9,2024-10-18,2024-10-18
7578,7578,7664,49,95,10,663176.0,2023-11-18,2023-11-18
7579,7579,7665,34,27,2,33023.0,2023-04-22,2023-04-22
7580,7580,7666,9,54,6,692748.55,2024-01-22,2024-01-22
7581,7581,7667,22,44,4,41065.65,12-09-2023,2023-12-09
7582,7582,7668,32,18,1,26572.0,2023-05-10,2023-05-10
7583,7583,7669,9,70,8,274843.0,2023-12-11,2023-12-11
7584,7584,7670,18,38,3,75413.85,2024-09-27,2024-09-27
7585,7585,7671,2,101,4,1854.0,2023-02-04,2023-02-04
7586,7586,7672,33,89,9,672696.9,2023-05-09,2023-05-09
7587,7587,7673,47,78,5,608808.0,13-08-2024,2024-08-13
7588,7588,7674,18,76,9,1333784.0,15-12-2023,2023-12-15
7589,7589,7675,22,3,15,135363.0,14-07-2024,2024-07-14
7590,7590,7676,23,138,3,12549.0,2024-08-11,2024-08-11
7591,7591,7677,11,61,13,364242.0,2023-01-04,2023-01-04
7592,7592,7678,41,83,10,1280637.05,2024-04-29,2024-04-29
7593,7593,7679,28,139,10,13536.55,2024-03-03,2024-03-03
7594,7594,7680,25,143,14,62110.0,2024-09-03,2024-09-03
7595,7595,7681,49,62,14,1359552.6,2023-03-24,2023-03-24
7596,7596,7682,33,41,11,116600.0,05-03-2023,2023-05-03
7597,7597,7683,14,104,13,48269.0,2023-02-03,2023-02-03
7598,7598,7684,46,146,13,6125.6,04-02-2024,2024-04-02
7599,7599,7685,11,98,12,952334.0,2024-08-13,2024-08-13
7600,7600,7686,11,114,5,3996.0,2023-09-22,2023-09-22
7601,7601,7687,29,120,2,6249.0,2023-02-02,2023-02-02
7602,7602,7688,11,6,15,177303.0,05-09-2023,2023-05-09
7603,7603,7689,10,116,8,20604.0,2024-05-01,2024-05-01
7604,7604,7690,23,138,3,11921.55,2024-02-25,2024-02-25
7605,7605,7691,49,13,13,95676.4,11-02-2023,2023-11-02
7606,7606,7692,1,13,5,36799.2,25-08-2024,2024-08-25
7607,7607,7693,23,38,9,238150.0,2024-12-10,2024-12-10
7608,7608,7694,46,78,4,487046.0,15-08-2024,2024-08-15
7609,7609,7695,26,55,6,659923.0,2023-12-03,2023-12-03
7610,7610,7696,42,8,2,9968.0,2024-06-09,2024-06-09
7611,7611,7697,23,120,12,37494.0,2023-07-16,2023-07-16
7612,7612,7698,47,41,14,140980.0,2023-05-14,2023-05-14
7613,7613,7699,47,5,7,165683.0,06-12-2023,2023-06-12
7614,7614,7700,30,133,8,15142.0,2023-12-18,2023-12-18
7615,7615,7701,5,108,6,19069.35,13-04-2023,2023-04-13
7616,7616,7702,11,89,3,236034.0,18-06-2024,2024-06-18
7617,7617,7703,11,33,12,76559.55,18-10-2024,2024-10-18
7618,7618,7704,35,38,3,79383.0,2024-04-03,2024-04-03
7619,7619,7705,9,94,2,77426.9,02-10-2024,2024-02-10
7620,7620,7706,34,88,8,386692.0,03-07-2023,2023-03-07
7621,7621,7707,4,115,5,4153.0,02-04-2023,2023-02-04
7622,7622,7708,31,144,8,17713.0,2024-03-18,2024-03-18
7623,7623,7709,35,145,14,60898.0,2024-03-05,2024-03-05
7624,7624,7710,4,61,13,364242.0,13-09-2024,2024-09-13
7625,7625,7711,38,149,15,17454.0,2024-07-06,2024-07-06
7626,7626,7712,2,27,3,49534.0,16-01-2023,2023-01-16
7627,7627,7713,36,57,14,1663068.0,2024-08-31,2024-08-31
7628,7628,7714,30,34,4,18686.5,24-05-2023,2023-05-24
7629,7629,7715,3,5,6,142014.0,2024-06-13,2024-06-13
7630,7630,7716,41,36,2,42942.85,10-12-2024,2024-10-12
7631,7631,7717,21,33,2,12760.4,2023-06-17,2023-06-17
7632,7632,7718,34,126,1,2543.15,2023-05-11,2023-05-11
7633,7633,7719,4,92,1,84411.3,2023-09-09,2023-09-09
7634,7634,7720,1,38,12,317534.0,2023-01-12,2023-01-12
7635,7635,7721,33,136,1,1974.0,23-08-2023,2023-08-23
7636,7636,7722,33,103,1,1699.55,17-08-2024,2024-08-17
7637,7637,7723,39,17,15,200052.9,2023-04-05,2023-04-05
7638,7638,7724,20,46,2,9968.0,01-02-2024,2024-01-02
7639,7639,7725,43,74,14,1151229.0,2024-02-20,2024-02-20
7640,7640,7726,7,24,7,162625.0,2024-11-11,2024-11-11
7641,7641,7727,7,19,12,187328.6,2024-02-24,2024-02-24
7642,7642,7728,37,97,4,514273.0,2023-03-07,2023-03-07
7643,7643,7729,12,84,4,173696.0,04-03-2023,2023-04-03
7644,7644,7730,30,66,10,125716.0,04-10-2023,2023-04-10
7645,7645,7731,47,141,11,52600.0,2024-12-08,2024-12-08
7646,7646,7732,2,148,6,28713.0,30-08-2024,2024-08-30
7647,7647,7733,18,17,1,14039.0,22-12-2023,2023-12-22
7648,7648,7734,38,24,5,116161.0,21-03-2024,2024-03-21
7649,7649,7735,38,127,11,17043.0,18-04-2024,2024-04-18
7650,7650,7736,35,19,5,82162.0,2024-12-13,2024-12-13
7651,7651,7737,25,144,6,12620.75,2023-04-06,2023-04-06
7652,7652,7738,3,33,1,6380.2,2024-04-26,2024-04-26
7653,7653,7739,15,42,2,11986.0,15-01-2024,2024-01-15
7654,7654,7740,4,11,10,362319.0,2023-01-23,2023-01-23
7655,7655,7741,9,138,4,16732.0,25-01-2023,2023-01-25
7656,7656,7742,49,41,14,140980.0,2023-04-19,2023-04-19
7657,7657,7743,28,13,2,15494.0,2023-10-08,2023-10-08
7658,7658,7744,2,55,6,626926.85,18-04-2023,2023-04-18
7659,7659,7745,29,42,6,35957.0,19-12-2024,2024-12-19
7660,7660,7746,26,9,14,555877.0,2023-06-28,2023-06-28
7661,7661,7747,36,17,3,42116.0,01-09-2024,2024-01-09
7662,7662,7748,29,73,8,1088015.05,30-05-2023,2023-05-30
7663,7663,7749,42,73,3,429480.0,2024-02-21,2024-02-21
7664,7664,7750,15,42,4,23971.0,2024-09-06,2024-09-06
7665,7665,7751,31,99,7,750867.0,2024-12-15,2024-12-15
7666,7666,7752,41,29,1,36510.0,2023-08-03,2023-08-03
7667,7667,7753,14,23,1,10620.05,2024-10-26,2024-10-26
7668,7668,7754,16,118,9,36894.2,2023-04-19,2023-04-19
7669,7669,7755,26,115,9,7475.0,23-11-2023,2023-11-23
7670,7670,7756,14,12,14,38167.0,2023-11-09,2023-11-09
7671,7671,7757,12,121,12,44331.0,18-10-2024,2024-10-18
7672,7672,7758,17,98,11,872972.0,2024-04-17,2024-04-17
7673,7673,7759,10,145,1,4132.5,2023-05-24,2023-05-24
7674,7674,7760,11,8,15,71023.9,2023-10-09,2023-10-09
7675,7675,7761,13,98,3,238083.0,2023-10-21,2023-10-21
7676,7676,7762,45,96,12,847450.0,12-11-2023,2023-12-11
7677,7677,7763,47,36,11,236184.25,16-10-2023,2023-10-16
7678,7678,7764,8,85,8,293198.5,2024-12-07,2024-12-07
7679,7679,7765,30,22,2,74960.7,01-01-2023,2023-01-01
7680,7680,7766,34,54,8,923665.05,2024-10-25,2024-10-25
7681,7681,7767,32,59,9,745270.25,2023-12-03,2023-12-03
7682,7682,7768,24,150,8,12506.75,2024-08-24,2024-08-24
7683,7683,7769,46,39,15,444492.0,31-03-2023,2023-03-31
7684,7684,7770,34,72,7,662769.4,07-09-2023,2023-07-09
7685,7685,7771,46,113,2,8790.0,10-12-2023,2023-10-12
7686,7686,7772,34,98,4,317445.0,2023-08-08,2023-08-08
7687,7687,7773,29,102,12,9484.8,2023-02-24,2023-02-24
7688,7688,7774,13,96,13,872167.45,04-11-2024,2024-04-11
7689,7689,7775,1,100,7,732202.0,10-01-2024,2024-10-01
7690,7690,7776,10,113,5,20876.25,02-09-2023,2023-02-09
7691,7691,7777,26,25,11,126721.45,2023-01-02,2023-01-02
7692,7692,7778,23,130,9,37297.0,17-06-2023,2023-06-17
7693,7693,7779,29,80,1,129224.0,2023-03-10,2023-03-10
7694,7694,7780,34,30,15,459532.1,2024-08-09,2024-08-09
7695,7695,7781,28,66,8,100573.0,31-01-2023,2023-01-31
7696,7696,7782,18,97,3,385704.75,17-10-2024,2024-10-17
7697,7697,7783,22,13,10,77471.0,2023-03-07,2023-03-07
7698,7698,7784,41,27,11,172544.7,2023-06-28,2023-06-28
7699,7699,7785,25,69,15,678975.0,13-07-2023,2023-07-13
7700,7700,7786,16,87,9,601739.0,2024-03-30,2024-03-30
7701,7701,7787,9,2,8,106385.75,2024-02-26,2024-02-26
7702,7702,7788,30,95,9,596858.4,2023-01-31,2023-01-31
7703,7703,7789,9,68,4,267588.0,2024-10-20,2024-10-20
7704,7704,7790,38,39,5,140755.8,12-11-2023,2023-12-11
7705,7705,7791,35,140,13,38712.5,03-03-2023,2023-03-03
7706,7706,7792,11,38,4,100552.75,03-12-2024,2024-03-12
7707,7707,7793,35,65,2,51115.0,04-02-2023,2023-04-02
7708,7708,7794,8,85,9,347208.0,24-09-2023,2023-09-24
7709,7709,7795,30,39,1,28151.35,2024-06-18,2024-06-18
7710,7710,7796,30,50,3,32136.6,26-04-2024,2024-04-26
7711,7711,7797,41,36,12,271217.0,2023-03-19,2023-03-19
7712,7712,7798,36,110,2,4741.45,2024-07-08,2024-07-08
7713,7713,7799,39,110,7,17469.0,2023-04-25,2023-04-25
7714,7714,7800,26,30,10,306355.05,2023-03-28,2023-03-28
7715,7715,7801,26,59,8,697329.0,2024-04-09,2024-04-09
7716,7716,7802,30,19,15,246485.0,29-10-2024,2024-10-29
7717,7717,7803,1,51,13,834067.0,20-04-2023,2023-04-20
7718,7718,7804,37,115,4,3155.9,2023-12-12,2023-12-12
7719,7719,7805,42,107,1,1437.35,31-10-2023,2023-10-31
7720,7720,7806,38,141,9,40884.2,15-03-2023,2023-03-15
7721,7721,7807,8,25,12,145518.0,2023-10-08,2023-10-08
7722,7722,7808,13,90,10,790973.0,2023-05-06,2023-05-06
7723,7723,7809,36,140,15,44668.05,2024-05-29,2024-05-29
7724,7724,7810,9,11,2,68840.8,2024-07-08,2024-07-08
7725,7725,7811,4,65,1,25558.0,20-08-2024,2024-08-20
7726,7726,7812,27,91,5,640708.5,2024-11-20,2024-11-20
7727,7727,7813,46,55,11,1209859.0,2024-11-23,2024-11-23
7728,7728,7814,10,28,7,99810.0,2024-11-13,2024-11-13
7729,7729,7815,22,56,6,245036.35,2024-12-20,2024-12-20
7730,7730,7816,21,52,6,82225.0,22-04-2023,2023-04-22
7731,7731,7817,18,79,9,565555.9,27-06-2024,2024-06-27
7732,7732,7818,18,150,5,8228.0,02-11-2023,2023-02-11
7733,7733,7819,26,23,5,53098.35,2023-02-28,2023-02-28
7734,7734,7820,43,143,5,22182.0,08-08-2024,2024-08-08
7735,7735,7821,18,5,2,47338.0,27-12-2023,2023-12-27
7736,7736,7822,2,146,7,3298.4,23-05-2024,2024-05-23
7737,7737,7823,25,78,6,694040.55,2024-09-28,2024-09-28
7738,7738,7824,46,53,4,214700.0,29-04-2024,2024-04-29
7739,7739,7825,24,106,13,54152.85,01-06-2024,2024-01-06
7740,7740,7826,2,11,11,378623.45,13-12-2023,2023-12-13
7741,7741,7827,23,22,1,39453.0,10-12-2023,2023-10-12
7742,7742,7828,15,58,3,310150.3,16-10-2023,2023-10-16
7743,7743,7829,43,20,5,154167.0,2023-05-25,2023-05-25
7744,7744,7830,8,46,3,14203.45,2023-12-14,2023-12-14
7745,7745,7831,5,2,10,132982.9,2024-04-14,2024-04-14
7746,7746,7832,1,107,9,12939.0,30-12-2024,2024-12-30
7747,7747,7833,14,89,13,1022815.0,09-12-2023,2023-09-12
7748,7748,7834,24,54,7,808206.8,28-09-2024,2024-09-28
7749,7749,7835,16,29,5,173424.4,2024-12-07,2024-12-07
7750,7750,7836,42,18,9,227194.4,2023-11-06,2023-11-06
7751,7751,7837,48,126,10,25432.45,2023-06-18,2023-06-18
7752,7752,7838,20,27,7,115580.0,2023-04-30,2023-04-30
7753,7753,7839,12,38,1,26461.0,26-04-2024,2024-04-26
7754,7754,7840,20,75,7,217910.05,2024-06-27,2024-06-27
7755,7755,7841,23,76,10,1407882.9,06-06-2023,2023-06-06
7756,7756,7842,47,90,9,676282.2,22-03-2023,2023-03-22
7757,7757,7843,32,93,3,301431.0,18-02-2023,2023-02-18
7758,7758,7844,30,145,9,37191.55,11-07-2024,2024-11-07
7759,7759,7845,6,83,13,1664827.5,10-04-2024,2024-10-04
7760,7760,7846,19,86,14,1243857.8,31-10-2024,2024-10-31
7761,7761,7847,2,108,4,13382.0,16-10-2023,2023-10-16
7762,7762,7848,36,57,14,1579914.6,2023-07-16,2023-07-16
7763,7763,7849,46,76,4,563153.35,2024-06-19,2024-06-19
7764,7764,7850,36,45,12,112902.75,27-07-2023,2023-07-27
7765,7765,7851,43,77,11,491751.0,2024-03-16,2024-03-16
7766,7766,7852,5,18,2,50487.75,01-04-2023,2023-01-04
7767,7767,7853,41,51,15,962385.0,03-07-2024,2024-03-07
7768,7768,7854,14,36,11,236184.25,2024-11-05,2024-11-05
7769,7769,7855,23,39,10,296328.0,16-01-2024,2024-01-16
7770,7770,7856,37,115,8,6645.0,09-12-2023,2023-09-12
7771,7771,7857,44,78,14,1704662.0,02-08-2023,2023-02-08
7772,7772,7858,15,139,7,9974.0,09-04-2024,2024-09-04
7773,7773,7859,24,128,7,32555.0,2024-11-13,2024-11-13
7774,7774,7860,48,96,5,353104.0,2023-09-05,2023-09-05
7775,7775,7861,5,76,13,1830248.15,2023-04-21,2023-04-21
7776,7776,7862,12,35,14,146373.15,2023-07-22,2023-07-22
7777,7777,7863,23,31,2,16566.0,07-08-2024,2024-07-08
7778,7778,7864,15,136,8,14998.6,2023-11-09,2023-11-09
7779,7779,7865,17,16,1,30006.0,2024-08-10,2024-08-10
7780,7780,7866,47,11,14,507247.0,15-04-2023,2023-04-15
7781,7781,7867,38,17,10,140388.0,2023-05-13,2023-05-13
7782,7782,7868,29,104,3,11139.0,14-01-2024,2024-01-14
7783,7783,7869,1,107,4,5751.3,2024-06-05,2024-06-05
7784,7784,7870,15,27,7,109801.0,25-08-2024,2024-08-25
7785,7785,7871,13,87,11,698686.05,22-09-2024,2024-09-22
7786,7786,7872,25,25,15,181897.0,2023-01-23,2023-01-23
7787,7787,7873,13,113,4,16701.0,2023-07-20,2023-07-20
7788,7788,7874,15,92,8,710833.0,17-07-2023,2023-07-17
7789,7789,7875,14,60,12,1239762.35,20-06-2024,2024-06-20
7790,7790,7876,26,41,10,106000.0,2023-02-26,2023-02-26
7791,7791,7877,27,118,14,57391.4,05-09-2023,2023-05-09
7792,7792,7878,19,53,14,713877.5,2023-01-22,2023-01-22
7793,7793,7879,8,137,14,47397.0,2024-09-16,2024-09-16
7794,7794,7880,27,78,9,1095854.0,2024-03-08,2024-03-08
7795,7795,7881,19,120,9,28120.0,2024-11-02,2024-11-02
7796,7796,7882,49,6,14,157208.85,2023-04-10,2023-04-10
7797,7797,7883,37,124,13,49009.0,2024-04-04,2024-04-04
7798,7798,7884,41,133,4,7571.0,17-06-2023,2023-06-17
7799,7799,7885,46,85,13,476446.85,2024-03-06,2024-03-06
7800,7800,7886,40,28,4,54182.3,08-03-2024,2024-08-03
7801,7801,7887,36,3,3,25719.35,29-11-2023,2023-11-29
7802,7802,7888,27,20,6,175750.95,2023-08-06,2023-08-06
7803,7803,7889,22,45,2,18816.65,17-11-2023,2023-11-17
7804,7804,7890,9,12,13,33668.0,26-12-2023,2023-12-26
7805,7805,7891,1,65,14,339917.6,16-04-2024,2024-04-16
7806,7806,7892,12,53,15,764868.75,23-06-2023,2023-06-23
7807,7807,7893,15,37,15,91016.0,08-09-2024,2024-08-09
7808,7808,7894,33,69,15,678975.0,06-03-2023,2023-06-03
7809,7809,7895,15,55,13,1429834.0,23-03-2023,2023-03-23
7810,7810,7896,16,66,11,138288.0,05-10-2023,2023-05-10
7811,7811,7897,35,30,14,428896.5,05-07-2024,2024-05-07
7812,7812,7898,29,71,6,741991.8,25-02-2023,2023-02-25
7813,7813,7899,41,78,7,809714.45,2023-01-02,2023-01-02
7814,7814,7900,27,47,1,6123.0,23-11-2023,2023-11-23
7815,7815,7901,10,23,10,111786.0,2023-02-05,2023-02-05
7816,7816,7902,10,64,14,1483024.1,2023-01-16,2023-01-16
7817,7817,7903,46,126,3,7629.45,08-08-2023,2023-08-08
7818,7818,7904,23,131,1,964.0,06-11-2023,2023-06-11
7819,7819,7905,41,71,10,1236653.95,2023-09-19,2023-09-19
7820,7820,7906,20,31,12,94427.15,04-02-2024,2024-04-02
7821,7821,7907,5,1,9,298103.0,04-06-2023,2023-04-06
7822,7822,7908,18,14,9,306185.0,24-11-2023,2023-11-24
7823,7823,7909,5,86,15,1332704.65,20-12-2023,2023-12-20
7824,7824,7910,5,11,14,507247.0,2024-11-23,2024-11-23
7825,7825,7911,20,134,10,47176.0,11-01-2024,2024-11-01
7826,7826,7912,40,46,5,24919.0,2024-05-12,2024-05-12
7827,7827,7913,35,115,10,8306.0,2023-04-23,2023-04-23
7828,7828,7914,36,61,3,79853.2,12-01-2023,2023-12-01
7829,7829,7915,3,113,3,12525.75,2024-03-30,2024-03-30
7830,7830,7916,15,56,12,490071.75,2023-02-20,2023-02-20
7831,7831,7917,26,35,4,44022.0,05-10-2023,2023-05-10
7832,7832,7918,15,44,12,129682.0,2024-12-16,2024-12-16
7833,7833,7919,9,148,5,22731.6,23-04-2024,2024-04-23
7834,7834,7920,25,9,12,476466.0,12-02-2023,2023-12-02
7835,7835,7921,48,114,12,9591.0,2023-01-29,2023-01-29
7836,7836,7922,19,115,5,3945.35,18-10-2024,2024-10-18
7837,7837,7923,26,72,10,996646.0,2023-12-12,2023-12-12
7838,7838,7924,8,36,9,203413.0,2024-01-04,2024-01-04
7839,7839,7925,2,49,4,53057.0,2023-06-22,2023-06-22
7840,7840,7926,43,29,3,104054.45,2023-09-12,2023-09-12
7841,7841,7927,17,53,9,483075.0,2023-08-12,2023-08-12
7842,7842,7928,23,40,12,170208.0,07-01-2024,2024-07-01
7843,7843,7929,12,20,5,146458.65,2024-03-19,2024-03-19
7844,7844,7930,30,79,15,942592.85,22-07-2024,2024-07-22
7845,7845,7931,41,104,15,52910.25,2024-08-12,2024-08-12
7846,7846,7932,10,50,6,67656.0,2023-12-20,2023-12-20
7847,7847,7933,37,129,2,6532.0,2024-08-15,2024-08-15
7848,7848,7934,27,84,4,173696.0,28-07-2023,2023-07-28
7849,7849,7935,32,84,14,607934.0,2024-04-02,2024-04-02
7850,7850,7936,30,68,5,317761.7,2024-05-22,2024-05-22
7851,7851,7937,24,122,3,3967.0,2024-07-14,2024-07-14
7852,7852,7938,38,80,7,859338.65,2024-08-03,2024-08-03
7853,7853,7939,20,52,10,137041.0,2024-06-27,2024-06-27
7854,7854,7940,35,75,15,491526.0,2023-11-15,2023-11-15
7855,7855,7941,44,80,7,859338.65,04-09-2023,2023-04-09
7856,7856,7942,37,56,5,204196.8,16-05-2023,2023-05-16
7857,7857,7943,7,145,7,30449.0,2024-10-23,2024-10-23
7858,7858,7944,24,119,15,46395.15,10-09-2024,2024-10-09
7859,7859,7945,32,76,13,1830248.15,2023-07-01,2023-07-01
7860,7860,7946,24,132,4,5939.4,15-04-2023,2023-04-15
7861,7861,7947,19,99,9,965400.0,22-12-2023,2023-12-22
7862,7862,7948,17,126,3,8031.0,31-08-2024,2024-08-31
7863,7863,7949,34,32,13,154405.4,2024-02-18,2024-02-18
7864,7864,7950,8,84,1,41252.8,30-11-2023,2023-11-30
7865,7865,7951,29,19,6,98594.0,2023-01-19,2023-01-19
7866,7866,7952,1,60,10,1033135.45,30-01-2023,2023-01-30
7867,7867,7953,32,140,2,6269.0,2023-09-17,2023-09-17
7868,7868,7954,3,99,11,1179933.0,12-05-2023,2023-12-05
7869,7869,7955,48,30,2,61271.2,15-02-2024,2024-02-15
7870,7870,7956,28,27,7,115580.0,16-07-2024,2024-07-16
7871,7871,7957,34,19,7,109274.7,21-05-2024,2024-05-21
7872,7872,7958,31,1,9,298103.0,2024-06-02,2024-06-02
7873,7873,7959,27,112,12,24862.45,02-12-2023,2023-02-12
7874,7874,7960,29,85,2,73299.15,06-09-2023,2023-06-09
7875,7875,7961,2,134,15,70764.0,11-06-2024,2024-11-06
7876,7876,7962,1,106,13,57003.0,18-01-2023,2023-01-18
7877,7877,7963,43,82,13,671243.0,18-02-2023,2023-02-18
7878,7878,7964,29,133,4,7571.0,11-03-2024,2024-11-03
7879,7879,7965,27,39,13,365965.65,07-01-2024,2024-07-01
7880,7880,7966,9,33,10,63800.1,2023-11-14,2023-11-14
7881,7881,7967,32,75,11,360452.0,22-03-2024,2024-03-22
7882,7882,7968,19,26,11,180609.25,21-04-2024,2024-04-21
7883,7883,7969,48,52,6,78113.75,2023-08-11,2023-08-11
7884,7884,7970,32,50,10,107122.0,2023-02-07,2023-02-07
7885,7885,7971,4,80,7,904567.0,2024-12-01,2024-12-01
7886,7886,7972,43,100,6,596220.95,2023-02-02,2023-02-02
7887,7887,7973,24,76,9,1333784.0,22-02-2023,2023-02-22
7888,7888,7974,12,110,14,34937.0,05-06-2024,2024-05-06
7889,7889,7975,9,108,10,33456.0,2023-05-12,2023-05-12
7890,7890,7977,5,32,5,62512.0,21-07-2023,2023-07-21
7891,7891,7978,49,47,15,91844.0,08-12-2023,2023-08-12
7892,7892,7979,16,106,4,17539.0,06-11-2024,2024-06-11
7893,7893,7980,4,125,6,19391.4,11-05-2024,2024-11-05
7894,7894,7981,12,107,11,16647.0,2024-04-02,2024-04-02
7895,7895,7982,41,32,11,137527.0,2023-09-05,2023-09-05
7896,7896,7983,16,112,3,6215.85,23-05-2023,2023-05-23
7897,7897,7984,13,79,9,595322.0,08-10-2024,2024-08-10
7898,7898,7985,3,53,4,203965.0,2023-08-16,2023-08-16
7899,7899,7986,33,45,6,56450.9,2024-01-12,2024-01-12
7900,7900,7987,28,124,12,45239.0,11-06-2023,2023-11-06
7901,7901,7988,3,44,3,30799.95,02-05-2023,2023-02-05
7902,7902,7989,21,36,13,293818.0,24-06-2023,2023-06-24
7903,7903,7990,38,61,8,212941.55,30-09-2024,2024-09-30
7904,7904,7991,7,15,15,397571.2,15-06-2024,2024-06-15
7905,7905,7992,20,60,8,870009.0,16-12-2024,2024-12-16
7906,7906,7993,31,62,3,306666.0,2024-12-21,2024-12-21
7907,7907,7994,2,77,7,312933.0,2023-11-18,2023-11-18
7908,7908,7995,2,146,5,2356.0,03-01-2024,2024-03-01
7909,7909,7996,2,119,10,32558.0,2024-01-11,2024-01-11
7910,7910,7997,15,70,10,343554.0,04-02-2024,2024-04-02
7911,7911,7998,31,149,4,4654.0,2023-09-12,2023-09-12
7912,7912,7999,43,43,8,266736.25,2024-10-04,2024-10-04
7913,7913,8000,41,12,12,32714.0,2024-12-31,2024-12-31
7914,7914,8001,14,5,10,224855.5,04-09-2024,2024-04-09
7915,7915,8002,1,37,8,46114.9,02-07-2024,2024-02-07
7916,7916,8003,32,51,11,670461.55,21-11-2024,2024-11-21
7917,7917,8004,1,84,4,173696.0,2023-05-03,2023-05-03
7918,7918,8005,49,36,11,248615.0,01-12-2023,2023-01-12
7919,7919,8006,29,61,12,319412.8,06-11-2023,2023-06-11
7920,7920,8007,17,127,8,11775.25,2024-10-06,2024-10-06
7921,7921,8008,9,73,1,143160.0,28-11-2023,2023-11-28
7922,7922,8009,2,114,1,799.0,2023-05-01,2023-05-01
7923,7923,8010,39,19,12,187328.6,2023-03-25,2023-03-25
7924,7924,8011,42,36,3,67804.0,25-01-2023,2023-01-25
7925,7925,8012,45,56,12,490071.75,2023-01-13,2023-01-13
7926,7926,8013,41,117,2,8206.0,2023-05-04,2023-05-04
7927,7927,8014,30,110,8,19964.0,2023-02-08,2023-02-08
7928,7928,8015,25,49,11,138611.65,25-10-2024,2024-10-25
7929,7929,8016,19,78,10,1217616.0,11-11-2023,2023-11-11
7930,7930,8017,43,73,15,2147399.0,2023-10-12,2023-10-12
7931,7931,8018,7,42,9,53936.0,2024-12-23,2024-12-23
7932,7932,8019,13,56,12,490071.75,2024-08-16,2024-08-16
7933,7933,8020,18,120,11,34369.0,2024-10-29,2024-10-29
7934,7934,8021,22,58,10,1033833.7,2024-02-26,2024-02-26
7935,7935,8022,6,27,4,66046.0,15-12-2024,2024-12-15
7936,7936,8023,46,6,12,141843.0,18-01-2023,2023-01-18
7937,7937,8024,26,71,10,1236653.95,01-03-2024,2024-01-03
7938,7938,8025,18,140,5,14889.35,20-05-2024,2024-05-20
7939,7939,8026,13,71,1,123665.3,2024-02-05,2024-02-05
7940,7940,8027,44,116,5,12234.1,15-03-2024,2024-03-15
7941,7941,8028,44,36,1,21470.95,2024-03-12,2024-03-12
7942,7942,8029,34,74,8,692468.0,2024-02-15,2024-02-15
7943,7943,8030,42,34,1,4918.0,2024-04-11,2024-04-11
7944,7944,8031,8,93,3,301431.0,27-03-2024,2024-03-27
7945,7945,8032,28,81,12,1465782.0,2024-12-21,2024-12-21
7946,7946,8033,39,39,11,309662.95,2024-10-02,2024-10-02
7947,7947,8034,15,123,14,36935.05,2023-10-16,2023-10-16
7948,7948,8035,34,98,4,317445.0,02-09-2023,2023-02-09
7949,7949,8036,31,51,8,513272.0,02-11-2024,2024-02-11
7950,7950,8037,37,61,1,26618.05,13-11-2023,2023-11-13
7951,7951,8038,11,85,15,578680.0,06-07-2024,2024-06-07
7952,7952,8039,45,48,9,132627.0,01-09-2023,2023-01-09
7953,7953,8040,4,101,13,5722.8,29-05-2023,2023-05-29
7954,7954,8041,48,113,7,30765.0,31-12-2024,2024-12-31
7955,7955,8042,23,9,8,301761.8,2023-07-06,2023-07-06
7956,7956,8043,39,3,11,99266.0,25-11-2023,2023-11-25
7957,7957,8044,45,45,14,138652.0,15-03-2024,2024-03-15
7958,7958,8045,28,27,8,132092.0,2023-02-02,2023-02-02
7959,7959,8046,45,100,15,1569004.0,2023-12-23,2023-12-23
7960,7960,8047,22,139,8,11399.0,12-10-2023,2023-12-10
7961,7961,8048,47,4,11,35340.95,2024-08-15,2024-08-15
7962,7962,8049,14,127,4,6197.0,17-08-2024,2024-08-17
7963,7963,8050,48,103,13,22096.05,23-11-2024,2024-11-23
7964,7964,8051,32,65,8,194238.9,13-10-2024,2024-10-13
7965,7965,8052,27,48,9,132627.0,2023-05-29,2023-05-29
7966,7966,8053,20,56,15,612590.4,2024-06-25,2024-06-25
7967,7967,8054,6,33,2,12760.4,2023-12-09,2023-12-09
7968,7968,8055,22,71,9,1171567.0,25-11-2023,2023-11-25
7969,7969,8056,17,28,7,99810.0,02-10-2024,2024-02-10
7970,7970,8057,37,120,5,15622.0,07-08-2024,2024-07-08
7971,7971,8058,32,77,9,402342.0,2023-05-15,2023-05-15
7972,7972,8059,22,96,7,494346.0,2023-08-13,2023-08-13
7973,7973,8060,2,130,2,8288.0,2023-06-12,2023-06-12
7974,7974,8061,13,42,8,47943.0,2024-04-26,2024-04-26
7975,7975,8062,43,150,13,20324.3,31-12-2023,2023-12-31
7976,7976,8063,6,96,15,1059313.0,17-03-2024,2024-03-17
7977,7977,8064,21,93,1,100477.0,08-03-2023,2023-08-03
7978,7978,8065,36,85,4,154315.0,28-09-2023,2023-09-28
7979,7979,8066,17,39,10,281511.6,12-03-2024,2024-12-03
7980,7980,8067,20,14,10,340205.45,2024-01-27,2024-01-27
7981,7981,8068,11,13,5,38736.0,2023-10-06,2023-10-06
7982,7982,8069,4,126,11,29448.0,26-08-2024,2024-08-26
7983,7983,8070,10,125,12,38783.75,19-01-2023,2023-01-19
7984,7984,8071,49,25,7,80640.75,2024-06-20,2024-06-20
7985,7985,8072,6,16,10,300060.0,02-02-2023,2023-02-02
7986,7986,8073,19,65,8,194238.9,2024-12-05,2024-12-05
7987,7987,8074,38,148,14,63648.1,30-06-2024,2024-06-30
7988,7988,8075,24,74,6,493383.45,2023-12-28,2023-12-28
7989,7989,8076,44,30,9,275719.45,22-06-2024,2024-06-22
7990,7990,8077,38,108,13,43492.0,29-07-2023,2023-07-29
7991,7991,8078,17,92,10,844113.95,2024-03-28,2024-03-28
7992,7992,8079,46,137,10,32162.25,16-03-2023,2023-03-16
7993,7993,8080,32,105,2,619.0,2023-09-09,2023-09-09
7994,7994,8081,20,50,3,32136.6,09-11-2024,2024-09-11
7995,7995,8082,46,91,12,1537700.4,2024-03-29,2024-03-29
7996,7996,8083,49,27,15,247672.0,02-02-2024,2024-02-02
7997,7997,8084,31,120,3,9373.0,10-09-2023,2023-10-09
7998,7998,8085,1,109,2,1245.0,29-02-2024,2024-02-29
7999,7999,8086,47,26,8,138265.0,2023-07-31,2023-07-31
8000,8000,8087,20,91,10,1348860.0,22-10-2023,2023-10-22
8001,8001,8089,15,53,3,152973.75,19-02-2024,2024-02-19
8002,8002,8090,13,80,5,646119.0,27-11-2023,2023-11-27
8003,8003,8091,30,109,7,4359.0,2023-07-31,2023-07-31
8004,8004,8092,34,55,8,879898.0,02-01-2023,2023-02-01
8005,8005,8093,13,73,10,1360019.05,2023-03-02,2023-03-02
8006,8006,8094,40,80,8,1033791.0,2024-02-13,2024-02-13
8007,8007,8095,27,122,14,17589.25,2023-12-12,2023-12-12
8008,8008,8096,43,122,3,3768.65,2023-04-19,2023-04-19
8009,8009,8097,34,128,5,23254.0,2023-01-06,2023-01-06
8010,8010,8098,1,56,5,204196.8,2024-05-26,2024-05-26
8011,8011,8099,7,104,8,29704.0,2023-01-21,2023-01-21
8012,8012,8100,11,90,8,601140.05,2023-07-16,2023-07-16
8013,8013,8101,13,94,15,611263.0,03-12-2023,2023-03-12
8014,8014,8102,36,95,6,397905.6,07-09-2024,2024-07-09
8015,8015,8103,14,50,14,149970.8,2024-07-14,2024-07-14
8016,8016,8104,37,128,2,8835.95,26-07-2024,2024-07-26
8017,8017,8105,28,115,11,8679.2,2023-03-06,2023-03-06
8018,8018,8106,8,25,8,92161.4,2023-08-31,2023-08-31
8019,8019,8107,37,1,1,33123.0,23-09-2023,2023-09-23
8020,8020,8108,39,87,15,1002898.0,30-01-2024,2024-01-30
8021,8021,8109,14,81,4,488594.0,26-11-2023,2023-11-26
8022,8022,8110,47,55,11,1209859.0,03-09-2023,2023-03-09
8023,8023,8111,20,82,3,154902.0,2024-04-16,2024-04-16
8024,8024,8112,37,134,11,51894.0,09-09-2024,2024-09-09
8025,8025,8113,10,8,1,4734.8,2023-05-12,2023-05-12
8026,8026,8114,8,107,11,16647.0,09-06-2024,2024-09-06
8027,8027,8115,23,48,8,111996.45,22-06-2023,2023-06-22
8028,8028,8116,16,97,1,135335.0,29-06-2024,2024-06-29
8029,8029,8117,43,33,7,47010.0,07-03-2023,2023-07-03
8030,8030,8118,46,108,5,16728.0,2023-07-25,2023-07-25
8031,8031,8119,1,35,8,88044.0,2024-05-07,2024-05-07
8032,8032,8120,1,56,13,530911.3,2024-08-10,2024-08-10
8033,8033,8121,26,58,13,1414720.0,11-02-2023,2023-11-02
8034,8034,8122,22,112,2,4362.0,20-01-2024,2024-01-20
8035,8035,8123,7,143,11,46360.95,2024-03-23,2024-03-23
8036,8036,8124,4,71,13,1607649.85,2024-02-03,2024-02-03
8037,8037,8125,44,111,6,24425.45,27-06-2023,2023-06-27
8038,8038,8126,21,23,14,156501.0,2023-08-11,2023-08-11
8039,8039,8127,8,127,14,20606.45,17-01-2023,2023-01-17
8040,8040,8128,26,93,9,859078.35,29-08-2023,2023-08-29
8041,8041,8129,29,1,1,33123.0,11-03-2023,2023-11-03
8042,8042,8130,23,148,9,40916.5,2024-08-27,2024-08-27
8043,8043,8131,27,143,12,53237.0,2024-07-29,2024-07-29
8044,8044,8132,8,7,11,214706.0,25-01-2023,2023-01-25
8045,8045,8133,46,11,2,72464.0,2024-09-10,2024-09-10
8046,8046,8134,9,40,1,13474.8,2023-07-12,2023-07-12
8047,8047,8135,21,51,6,365706.3,2024-05-31,2024-05-31
8048,8048,8136,24,94,10,407508.0,2023-08-20,2023-08-20
8049,8049,8137,17,77,12,509633.2,2023-12-22,2023-12-22
8050,8050,8138,30,107,3,4540.0,22-09-2024,2024-09-22
8051,8051,8139,26,80,5,613813.05,04-08-2023,2023-04-08
8052,8052,8140,10,46,3,14951.0,11-11-2023,2023-11-11
8053,8053,8141,29,105,7,2058.65,2024-04-05,2024-04-05
8054,8054,8142,13,10,9,273882.15,2023-01-26,2023-01-26
8055,8055,8143,4,62,8,776887.2,07-11-2023,2023-07-11
8056,8056,8144,13,111,13,52922.6,2024-08-21,2024-08-21
8057,8057,8145,41,27,12,198137.0,03-04-2023,2023-03-04
8058,8058,8146,40,146,1,471.2,2024-03-17,2024-03-17
8059,8059,8147,48,118,15,61490.65,2024-09-17,2024-09-17
8060,8060,8148,25,40,1,13474.8,2024-08-13,2024-08-13
8061,8061,8149,11,56,7,285874.95,2024-05-09,2024-05-09
8062,8062,8150,48,23,10,106196.7,18-11-2024,2024-11-18
8063,8063,8151,22,28,9,128327.0,2023-07-21,2023-07-21
8064,8064,8152,43,18,4,100975.5,15-10-2024,2024-10-15
8065,8065,8153,24,13,13,100712.0,2024-03-16,2024-03-16
8066,8066,8154,40,12,5,12949.45,2024-04-11,2024-04-11
8067,8067,8155,23,125,2,6463.8,2023-07-13,2023-07-13
8068,8068,8156,46,83,12,1617647.0,2023-02-01,2023-02-01
8069,8069,8157,22,56,2,85978.0,22-05-2023,2023-05-22
8070,8070,8158,29,29,3,109531.0,2024-04-10,2024-04-10
8071,8071,8159,9,95,15,1047121.0,01-04-2024,2024-01-04
8072,8072,8160,37,12,7,18128.85,13-05-2023,2023-05-13
8073,8073,8161,2,20,4,117167.3,2023-12-11,2023-12-11
8074,8074,8162,16,85,14,540102.0,28-08-2023,2023-08-28
8075,8075,8163,5,69,5,215008.75,25-03-2023,2023-03-25
8076,8076,8164,47,55,13,1358342.3,28-06-2023,2023-06-28
8077,8077,8165,18,4,13,43964.0,12-07-2024,2024-12-07
8078,8078,8166,37,27,14,231160.0,29-07-2023,2023-07-29
8079,8079,8167,27,104,12,44556.0,26-12-2024,2024-12-26
8080,8080,8168,36,99,11,1179933.0,2024-04-05,2024-04-05
8081,8081,8169,26,64,15,1672583.0,2023-09-02,2023-09-02
8082,8082,8170,37,130,10,41441.0,2024-06-09,2024-06-09
8083,8083,8171,19,3,5,42864.95,10-11-2024,2024-10-11
8084,8084,8172,46,72,12,1136177.2,2023-01-03,2023-01-03
8085,8085,8173,16,76,9,1333784.0,25-12-2023,2023-12-25
8086,8086,8174,38,132,4,5939.4,2024-05-27,2024-05-27
8087,8087,8175,28,27,15,235288.4,2024-11-19,2024-11-19
8088,8088,8176,9,43,15,526453.0,23-03-2024,2024-03-23
8089,8089,8177,26,115,2,1577.95,2023-05-07,2023-05-07
8090,8090,8178,26,135,7,11512.0,2023-06-22,2023-06-22
8091,8091,8179,1,20,15,462502.0,27-05-2024,2024-05-27
8092,8092,8180,43,55,10,1099872.0,12-10-2023,2023-12-10
8093,8093,8181,9,42,3,17979.0,2023-02-24,2023-02-24
8094,8094,8182,5,115,5,4153.0,03-11-2024,2024-03-11
8095,8095,8183,11,61,9,239559.6,2024-08-08,2024-08-08
8096,8096,8184,27,80,9,1104864.25,27-10-2024,2024-10-27
8097,8097,8185,32,124,1,3581.5,01-04-2024,2024-01-04
8098,8098,8186,37,48,2,29473.0,2024-11-24,2024-11-24
8099,8099,8187,45,69,15,678975.0,20-12-2024,2024-12-20
8100,8100,8188,4,130,2,8288.0,2024-08-03,2024-08-03
8101,8101,8189,41,148,7,33499.0,01-12-2023,2023-01-12
8102,8102,8190,30,90,10,751424.35,2023-07-28,2023-07-28
8103,8103,8191,25,126,11,29448.0,2024-03-09,2024-03-09
8104,8104,8192,25,76,1,140788.1,30-12-2024,2024-12-30
8105,8105,8193,1,20,10,292917.3,28-11-2023,2023-11-28
8106,8106,8194,40,144,15,33212.0,08-07-2024,2024-08-07
8107,8107,8195,11,133,1,1893.0,2024-10-03,2024-10-03
8108,8108,8196,32,42,5,28465.8,26-12-2024,2024-12-26
8109,8109,8197,31,35,15,156828.85,03-11-2023,2023-03-11
8110,8110,8198,12,48,4,55997.75,2024-03-27,2024-03-27
8111,8111,8199,38,92,6,533125.0,2024-05-05,2024-05-05
8112,8112,8200,41,106,10,43849.0,2024-09-02,2024-09-02
8113,8113,8201,33,140,15,47019.0,2023-08-16,2023-08-16
8114,8114,8202,9,123,9,24994.0,14-02-2024,2024-02-14
8115,8115,8203,35,67,3,244498.65,2023-05-03,2023-05-03
8116,8116,8205,8,101,14,6488.0,16-06-2023,2023-06-16
8117,8117,8206,16,110,10,24955.0,02-04-2023,2023-02-04
8118,8118,8207,40,137,9,30469.0,16-03-2023,2023-03-16
8119,8119,8208,47,47,8,48984.0,24-09-2023,2023-09-24
8120,8120,8209,45,41,10,106000.0,2024-06-30,2024-06-30
8121,8121,8210,2,49,8,106114.0,13-12-2024,2024-12-13
8122,8122,8211,14,67,3,257367.0,2023-01-01,2023-01-01
8123,8123,8212,29,47,11,67353.0,25-06-2024,2024-06-25
8124,8124,8213,42,96,12,805077.5,2023-05-05,2023-05-05
8125,8125,8214,8,38,1,25137.95,25-12-2024,2024-12-25
8126,8126,8215,10,33,15,100737.0,2023-09-09,2023-09-09
8127,8127,8216,39,114,1,759.05,17-10-2024,2024-10-17
8128,8128,8217,29,148,2,9571.0,06-04-2023,2023-06-04
8129,8129,8218,44,100,15,1490553.8,2024-06-27,2024-06-27
8130,8130,8219,31,63,2,279915.0,2024-07-06,2024-07-06
8131,8131,8220,8,63,13,1728477.5,10-01-2024,2024-10-01
8132,8132,8221,41,29,6,219062.0,13-12-2023,2023-12-13
8133,8133,8222,40,21,11,91276.0,2023-06-08,2023-06-08
8134,8134,8223,32,147,10,30301.0,26-01-2024,2024-01-26
8135,8135,8224,11,40,1,13474.8,23-01-2024,2024-01-23
8136,8136,8225,21,15,8,223198.0,2024-01-04,2024-01-04
8137,8137,8226,24,4,11,35340.95,08-09-2024,2024-08-09
8138,8138,8227,1,60,8,826508.55,22-10-2023,2023-10-22
8139,8139,8228,36,113,12,52740.0,25-07-2024,2024-07-25
8140,8140,8229,1,120,8,23746.2,29-02-2024,2024-02-29
8141,8141,8230,25,32,13,162532.0,2023-05-01,2023-05-01
8142,8142,8231,6,138,6,23843.1,2023-11-08,2023-11-08
8143,8143,8232,28,95,2,132635.2,02-11-2024,2024-02-11
8144,8144,8233,49,99,1,101903.65,2023-03-01,2023-03-01
8145,8145,8234,18,63,4,531839.45,2024-09-29,2024-09-29
8146,8146,8235,5,114,2,1599.0,2023-02-28,2023-02-28
8147,8147,8236,2,22,6,224881.15,13-10-2023,2023-10-13
8148,8148,8237,49,74,10,822306.7,2024-11-22,2024-11-22
8149,8149,8238,49,125,3,10206.0,2023-10-03,2023-10-03
8150,8150,8239,28,103,5,8946.0,2023-04-19,2023-04-19
8151,8151,8240,25,36,8,171770.45,06-04-2023,2023-06-04
8152,8152,8241,22,86,6,533082.05,2024-02-29,2024-02-29
8153,8153,8242,14,64,11,1165232.95,28-11-2023,2023-11-28
8154,8154,8243,24,6,7,82741.0,29-03-2024,2024-03-29
8155,8155,8244,21,2,5,69991.0,2023-06-05,2023-06-05
8156,8156,8245,22,139,1,1353.75,2023-05-09,2023-05-09
8157,8157,8246,38,90,5,375712.65,2024-03-13,2024-03-13
8158,8158,8247,27,41,8,84800.0,26-06-2023,2023-06-26
8159,8159,8248,3,90,13,976851.75,2024-04-10,2024-04-10
8160,8160,8249,39,20,13,400835.0,16-11-2024,2024-11-16
8161,8161,8250,34,140,2,5955.55,05-08-2023,2023-05-08
8162,8162,8251,25,6,2,23640.0,11-11-2023,2023-11-11
8163,8163,8252,4,129,11,35928.0,22-01-2023,2023-01-22
8164,8164,8253,5,149,10,11636.0,21-05-2024,2024-05-21
8165,8165,8254,8,119,15,48837.0,09-08-2023,2023-09-08
8166,8166,8255,42,26,5,86416.0,08-10-2024,2024-08-10
8167,8167,8256,12,11,7,240941.85,2023-09-08,2023-09-08
8168,8168,8257,23,55,1,104487.65,11-03-2023,2023-11-03
8169,8169,8258,1,53,5,254956.25,2024-06-20,2024-06-20
8170,8170,8259,15,147,12,34542.95,29-06-2023,2023-06-29
8171,8171,8260,24,24,13,286917.1,2023-06-03,2023-06-03
8172,8172,8261,9,97,6,771409.5,2024-11-07,2024-11-07
8173,8173,8262,38,149,14,15476.45,05-11-2023,2023-05-11
8174,8174,8263,3,58,11,1137216.5,10-09-2023,2023-10-09
8175,8175,8264,18,22,1,37480.35,12-08-2023,2023-12-08
8176,8176,8265,30,44,7,75648.0,13-10-2024,2024-10-13
8177,8177,8266,18,111,6,25711.0,2024-05-19,2024-05-19
8178,8178,8267,9,112,8,17448.0,2024-02-29,2024-02-29
8179,8179,8268,4,36,13,279127.1,27-09-2024,2024-09-27
8180,8180,8269,34,136,3,5920.0,25-10-2024,2024-10-25
8181,8181,8270,6,44,12,123197.9,22-11-2024,2024-11-22
8182,8182,8271,49,126,6,15258.9,2024-01-08,2024-01-08
8183,8183,8272,26,143,5,21072.9,2024-02-17,2024-02-17
8184,8184,8273,48,98,14,1111056.0,11-01-2023,2023-11-01
8185,8185,8274,43,11,15,516305.05,2023-01-23,2023-01-23
8186,8186,8275,37,84,9,371274.25,22-11-2023,2023-11-22
8187,8187,8276,41,48,10,147364.0,2023-04-05,2023-04-05
8188,8188,8277,12,130,9,35432.15,2023-06-17,2023-06-17
8189,8189,8278,5,39,1,29633.0,14-04-2024,2024-04-14
8190,8190,8279,45,70,4,130550.9,07-09-2024,2024-07-09
8191,8191,8280,5,41,10,106000.0,16-06-2023,2023-06-16
8192,8192,8281,2,20,6,185001.0,27-05-2023,2023-05-27
8193,8193,8282,20,14,11,393922.0,14-07-2024,2024-07-14
8194,8194,8283,34,76,8,1126306.7,2023-09-23,2023-09-23
8195,8195,8284,46,1,9,298103.0,2023-12-22,2023-12-22
8196,8196,8285,26,78,10,1156735.2,07-03-2024,2024-07-03
8197,8197,8286,6,115,14,11046.6,2023-12-24,2023-12-24
8198,8198,8287,20,63,2,279915.0,07-04-2023,2023-07-04
8199,8199,8288,14,124,9,32232.55,2024-07-10,2024-07-10
8200,8200,8289,8,99,9,917130.0,2023-07-15,2023-07-15
8201,8201,8290,5,105,4,1176.1,22-09-2023,2023-09-22
8202,8202,8291,34,18,14,372014.0,2024-12-25,2024-12-25
8203,8203,8292,35,140,11,32756.0,2023-06-18,2023-06-18
8204,8204,8293,19,65,4,97119.45,20-07-2024,2024-07-20
8205,8205,8294,16,146,12,5952.0,2023-12-11,2023-12-11
8206,8206,8295,35,106,13,57003.0,20-06-2024,2024-06-20
8207,8207,8296,36,101,14,6488.0,2023-06-05,2023-06-05
8208,8208,8297,21,110,7,17469.0,2024-01-29,2024-01-29
8209,8209,8298,18,39,1,29633.0,2023-07-21,2023-07-21
8210,8210,8299,11,137,3,10156.0,2024-08-31,2024-08-31
8211,8211,8300,48,65,10,242798.15,2024-01-04,2024-01-04
8212,8212,8301,44,98,8,603144.55,17-04-2023,2023-04-17
8213,8213,8302,13,7,4,78075.0,2023-10-10,2023-10-10
8214,8214,8303,15,88,7,338355.0,2024-05-22,2024-05-22
8215,8215,8304,26,85,13,501523.0,26-08-2023,2023-08-26
8216,8216,8305,10,94,12,489010.0,2024-11-19,2024-11-19
8217,8217,8306,21,2,7,97987.0,28-08-2024,2024-08-28
8218,8218,8307,3,60,4,435004.0,2023-06-02,2023-06-02
8219,8219,8308,15,34,1,4672.1,16-08-2023,2023-08-16
8220,8220,8309,46,72,10,996646.0,2024-07-01,2024-07-01
8221,8221,8310,1,73,10,1360019.05,2024-10-21,2024-10-21
8222,8222,8311,16,71,5,650870.0,12-06-2023,2023-12-06
8223,8223,8312,27,111,12,48851.85,29-02-2024,2024-02-29
8224,8224,8313,34,127,9,13944.0,16-10-2023,2023-10-16
8225,8225,8314,16,48,11,153995.0,18-03-2023,2023-03-18
8226,8226,8315,9,55,11,1149366.05,05-01-2024,2024-05-01
8227,8227,8316,4,72,7,662769.4,06-07-2024,2024-06-07
8228,8228,8317,10,96,15,1059313.0,2023-03-06,2023-03-06
8229,8229,8318,28,3,2,17145.6,13-05-2024,2024-05-13
8230,8230,8319,3,99,4,407613.65,31-10-2024,2024-10-31
8231,8231,8320,49,47,5,29084.25,29-11-2023,2023-11-29
8232,8232,8321,46,48,3,44209.0,01-10-2023,2023-01-10
8233,8233,8322,3,23,9,95577.6,2024-05-11,2024-05-11
8234,8234,8323,9,106,5,20827.8,2024-09-12,2024-09-12
8235,8235,8324,20,35,14,146373.15,2024-07-08,2024-07-08
8236,8236,8325,5,44,15,153997.85,24-09-2024,2024-09-24
8237,8237,8326,40,113,11,48345.0,08-10-2024,2024-08-10
8238,8238,8327,12,106,2,8770.0,2023-06-29,2023-06-29
8239,8239,8328,27,7,6,117113.0,27-11-2024,2024-11-27
8240,8240,8329,6,61,14,392261.0,2023-03-08,2023-03-08
8241,8241,8330,25,2,7,93087.65,31-08-2023,2023-08-31
8242,8242,8331,27,71,4,494661.2,01-06-2023,2023-01-06
8243,8243,8332,12,109,6,3549.2,2023-03-20,2023-03-20
8244,8244,8333,28,82,3,154902.0,2024-08-27,2024-08-27
8245,8245,8334,28,40,3,42552.0,2023-01-05,2023-01-05
8246,8246,8335,38,53,5,254956.25,01-04-2023,2023-01-04
8247,8247,8336,26,146,5,2356.0,06-12-2023,2023-06-12
8248,8248,8337,10,37,13,78880.0,2024-10-16,2024-10-16
8249,8249,8338,7,116,12,29360.7,08-10-2024,2024-08-10
8250,8250,8339,15,43,6,210581.0,24-07-2023,2023-07-24
8251,8251,8340,29,27,6,94115.55,21-01-2023,2023-01-21
8252,8252,8341,20,5,5,118345.0,20-10-2024,2024-10-20
8253,8253,8342,7,108,7,22248.05,22-04-2023,2023-04-22
8254,8254,8343,14,20,8,234334.6,2023-01-04,2023-01-04
8255,8255,8344,26,143,2,8873.0,01-06-2023,2023-01-06
8256,8256,8345,22,147,7,21211.0,18-12-2024,2024-12-18
8257,8257,8346,27,57,6,677105.85,2024-06-21,2024-06-21
8258,8258,8347,37,41,3,31800.0,2023-10-13,2023-10-13
8259,8259,8348,43,35,15,165083.0,25-05-2023,2023-05-25
8260,8260,8349,41,61,11,292794.75,15-10-2024,2024-10-15
8261,8261,8350,33,10,2,60862.7,30-05-2023,2023-05-30
8262,8262,8351,32,52,13,178153.0,12-07-2023,2023-12-07
8263,8263,8352,44,96,2,141242.0,2023-07-02,2023-07-02
8264,8264,8353,14,121,10,36943.0,2024-11-12,2024-11-12
8265,8265,8354,1,26,9,147771.55,2024-05-07,2024-05-07
8266,8266,8355,37,132,12,17818.2,2023-05-05,2023-05-05
8267,8267,8356,33,117,5,19489.25,2023-02-14,2023-02-14
8268,8268,8357,24,66,6,75430.0,2024-05-23,2024-05-23
8269,8269,8358,49,65,2,51115.0,2023-04-10,2023-04-10
8270,8270,8359,44,150,14,21887.05,2023-01-10,2023-01-10
8271,8271,8360,24,146,11,5456.0,08-07-2023,2023-08-07
8272,8272,8361,21,59,5,414039.45,2023-07-23,2023-07-23
8273,8273,8362,12,98,7,555528.0,2024-04-18,2024-04-18
8274,8274,8363,47,48,13,191573.0,22-02-2024,2024-02-22
8275,8275,8364,29,62,13,1328886.0,27-09-2024,2024-09-27
8276,8276,8365,18,49,7,88207.5,15-05-2023,2023-05-15
8277,8277,8366,48,101,12,5561.0,2023-05-24,2023-05-24
8278,8278,8367,8,44,3,30799.95,29-03-2023,2023-03-29
8279,8279,8368,5,31,3,24849.0,22-01-2023,2023-01-22
8280,8280,8369,9,125,5,17010.0,2024-03-09,2024-03-09
8281,8281,8370,10,56,2,81679.1,01-08-2023,2023-01-08
8282,8282,8371,49,114,10,7593.35,27-12-2024,2024-12-27
8283,8283,8372,41,35,8,83641.8,24-09-2024,2024-09-24
8284,8284,8373,12,107,14,21187.0,28-10-2023,2023-10-28
8285,8285,8374,24,126,7,17802.05,19-05-2023,2023-05-19
8286,8286,8375,28,24,14,325251.0,18-09-2024,2024-09-18
8287,8287,8376,2,92,14,1181759.15,2023-03-07,2023-03-07
8288,8288,8377,2,101,11,4842.15,2024-05-21,2024-05-21
8289,8289,8378,21,36,15,339021.0,2023-01-03,2023-01-03
8290,8290,8379,17,89,5,373720.5,16-11-2023,2023-11-16
8291,8291,8380,46,79,15,942592.85,15-08-2024,2024-08-15
8292,8292,8381,16,66,13,163431.0,2023-01-12,2023-01-12
8293,8293,8382,48,85,10,366497.65,24-05-2023,2023-05-24
8294,8294,8383,47,127,5,7747.0,2024-11-10,2024-11-10
8295,8295,8384,20,23,10,106196.7,2023-11-15,2023-11-15
8296,8296,8385,45,116,4,10302.0,19-08-2023,2023-08-19
8297,8297,8386,22,22,1,39453.0,01-04-2024,2024-01-04
8298,8298,8387,43,6,14,157208.85,2023-05-22,2023-05-22
8299,8299,8388,14,130,10,41441.0,2023-04-22,2023-04-22
8300,8300,8389,44,39,9,253360.25,15-04-2023,2023-04-15
8301,8301,8390,23,137,9,30469.0,2023-02-05,2023-02-05
8302,8302,8391,22,92,9,759702.65,07-06-2023,2023-07-06
8303,8303,8392,42,128,14,61854.5,08-07-2023,2023-08-07
8304,8304,8393,15,111,4,16283.95,2023-08-21,2023-08-21
8305,8305,8394,24,78,2,231346.85,27-05-2023,2023-05-27
8306,8306,8395,31,56,1,40839.55,2023-04-02,2023-04-02
8307,8307,8396,48,128,8,37206.0,2023-04-12,2023-04-12
8308,8308,8397,31,36,1,22601.0,11-06-2023,2023-11-06
8309,8309,8398,1,121,9,31585.6,2023-06-08,2023-06-08
8310,8310,8399,40,115,12,9967.0,2024-08-15,2024-08-15
8311,8311,8400,13,150,5,7816.6,30-01-2024,2024-01-30
8312,8312,8401,35,45,1,9408.8,2023-05-18,2023-05-18
8313,8313,8402,15,58,8,870597.0,23-08-2024,2024-08-23
8314,8314,8403,41,10,14,448463.0,2023-10-19,2023-10-19
8315,8315,8404,23,19,7,115026.0,2023-07-17,2023-07-17
8316,8316,8405,48,73,4,572640.0,02-10-2024,2024-02-10
8317,8317,8406,17,113,12,52740.0,21-11-2023,2023-11-21
8318,8318,8407,44,69,2,90530.0,08-09-2023,2023-08-09
8319,8319,8408,6,150,10,15634.15,29-01-2023,2023-01-29
8320,8320,8409,7,15,15,418496.0,2024-11-16,2024-11-16
8321,8321,8410,30,47,6,34901.1,2023-09-15,2023-09-15
8322,8322,8411,19,20,14,410084.6,2024-10-14,2024-10-14
8323,8323,8412,45,142,3,2355.05,14-05-2023,2023-05-14
8324,8324,8413,43,121,2,7019.55,2023-12-08,2023-12-08
8325,8325,8414,22,21,14,116169.8,15-12-2023,2023-12-15
8326,8326,8415,28,118,2,8630.0,06-04-2024,2024-06-04
8327,8327,8416,5,12,2,5179.4,22-11-2023,2023-11-22
8328,8328,8417,47,59,11,910886.6,2024-01-18,2024-01-18
8329,8329,8418,16,9,8,301761.8,16-03-2024,2024-03-16
8330,8330,8419,24,84,3,130272.0,23-05-2024,2024-05-23
8331,8331,8420,26,53,11,590425.0,02-11-2024,2024-02-11
8332,8332,8421,42,35,3,31366.15,10-03-2024,2024-10-03
8333,8333,8422,19,85,10,366497.65,19-11-2023,2023-11-19
8334,8334,8423,37,144,14,30998.0,09-01-2023,2023-09-01
8335,8335,8424,7,140,14,41689.8,2024-07-29,2024-07-29
8336,8336,8425,25,64,10,1115056.0,2024-01-13,2024-01-13
8337,8337,8426,5,39,13,385227.0,2024-07-17,2024-07-17
8338,8338,8427,42,120,6,17809.65,14-01-2024,2024-01-14
8339,8339,8428,27,127,7,10302.75,26-11-2023,2023-11-26
8340,8340,8429,4,124,12,42977.05,2023-01-13,2023-01-13
8341,8341,8430,8,67,14,1140994.65,2023-05-05,2023-05-05
8342,8342,8431,2,140,4,12538.0,2023-12-02,2023-12-02
8343,8343,8432,32,72,2,189362.55,2023-01-10,2023-01-10
8344,8344,8433,46,42,10,56931.6,2023-06-03,2023-06-03
8345,8345,8434,26,70,9,309199.0,20-01-2023,2023-01-20
8346,8346,8435,29,71,14,1822437.0,2023-03-04,2023-03-04
8347,8347,8436,5,53,15,805125.0,05-05-2023,2023-05-05
8348,8348,8437,33,9,4,150880.9,06-09-2024,2024-06-09
8349,8349,8438,9,15,3,83699.0,2023-09-15,2023-09-15
8350,8350,8439,34,16,6,171034.2,26-04-2023,2023-04-26
8351,8351,8440,19,38,4,100552.75,2023-11-14,2023-11-14
8352,8352,8441,22,105,12,3528.3,2024-11-06,2024-11-06
8353,8353,8442,37,65,5,127788.0,2023-06-02,2023-06-02
8354,8354,8443,26,55,8,835903.1,05-01-2024,2024-05-01
8355,8355,8444,46,9,1,39706.0,23-12-2023,2023-12-23
8356,8356,8445,13,33,13,87305.0,2023-07-26,2023-07-26
8357,8357,8446,39,127,8,11775.25,10-08-2024,2024-10-08
8358,8358,8447,33,100,9,941402.0,31-05-2024,2024-05-31
8359,8359,8448,21,8,10,47349.9,2023-04-26,2023-04-26
8360,8360,8449,48,60,10,1033135.45,17-09-2023,2023-09-17
8361,8361,8450,46,53,11,560903.75,08-07-2024,2024-08-07
8362,8362,8451,45,109,14,8282.1,2023-05-21,2023-05-21
8363,8363,8452,11,148,1,4786.0,2024-07-12,2024-07-12
8364,8364,8453,7,11,10,344203.05,12-11-2024,2024-12-11
8365,8365,8454,34,38,9,238150.0,25-08-2024,2024-08-25
8366,8366,8456,34,89,2,157356.0,10-08-2023,2023-10-08
8367,8367,8457,26,100,2,198740.0,2023-08-31,2023-08-31
8368,8368,8458,13,39,8,225209.85,30-04-2024,2024-04-30
8369,8369,8459,27,85,3,115736.0,03-11-2024,2024-03-11
8370,8370,8460,45,106,5,21924.0,2024-02-10,2024-02-10
8371,8371,8461,28,40,14,188648.15,2023-05-02,2023-05-02
8372,8372,8462,9,21,1,8298.25,22-01-2024,2024-01-22
8373,8373,8463,20,19,12,197188.0,15-07-2023,2023-07-15
8374,8374,8464,27,12,3,7770.05,2023-07-16,2023-07-16
8375,8375,8465,12,59,5,435831.0,09-08-2023,2023-09-08
8376,8376,8466,13,22,8,299841.85,2024-12-30,2024-12-30
8377,8377,8467,13,34,10,49175.0,2023-12-05,2023-12-05
8378,8378,8468,37,94,11,425846.05,20-10-2024,2024-10-20
8379,8379,8469,10,90,7,553681.0,13-12-2023,2023-12-13
8380,8380,8470,33,94,14,541986.4,07-02-2024,2024-07-02
8381,8381,8471,27,4,15,50728.0,25-05-2024,2024-05-25
8382,8382,8472,23,30,1,32248.0,23-10-2024,2024-10-23
8383,8383,8473,35,124,7,25070.5,13-06-2024,2024-06-13
8384,8384,8474,16,98,5,376965.7,2024-04-30,2024-04-30
8385,8385,8475,25,43,15,500130.35,2024-09-30,2024-09-30
8386,8386,8476,47,22,12,449762.3,2024-06-27,2024-06-27
8387,8387,8477,46,29,14,485587.75,04-02-2024,2024-04-02
8388,8388,8478,29,70,2,68711.0,2023-11-17,2023-11-17
8389,8389,8479,4,30,1,30635.6,2023-01-21,2023-01-21
8390,8390,8480,8,17,12,160041.75,2024-08-08,2024-08-08
8391,8391,8481,29,87,6,401159.0,05-10-2023,2023-05-10
8392,8392,8482,33,104,9,33417.0,2023-04-14,2023-04-14
8393,8393,8483,23,127,9,13246.8,29-05-2023,2023-05-29
8394,8394,8484,29,17,7,93357.45,2023-09-30,2023-09-30
8395,8395,8485,31,36,10,226014.0,17-10-2024,2024-10-17
8396,8396,8486,14,130,4,15747.2,21-05-2023,2023-05-21
8397,8397,8487,19,117,15,58467.75,2024-03-12,2024-03-12
8398,8398,8488,5,35,15,165083.0,2023-05-17,2023-05-17
8399,8399,8489,48,116,6,14680.35,23-09-2024,2024-09-23
8400,8400,8490,31,83,9,1213235.0,2023-08-12,2023-08-12
8401,8401,8491,20,109,10,6227.0,17-03-2024,2024-03-17
8402,8402,8492,15,110,7,17469.0,2024-08-22,2024-08-22
8403,8403,8493,22,37,13,74936.0,2023-05-30,2023-05-30
8404,8404,8494,26,3,12,108290.0,2023-10-12,2023-10-12
8405,8405,8495,29,34,8,39340.0,15-12-2024,2024-12-15
8406,8406,8496,17,46,13,64789.0,04-03-2024,2024-04-03
8407,8407,8497,4,125,7,22623.3,2023-04-14,2023-04-14
8408,8408,8498,24,136,2,3749.65,2023-05-10,2023-05-10
8409,8409,8499,40,26,5,86416.0,30-03-2024,2024-03-30
8410,8410,8500,44,4,11,35340.95,27-06-2024,2024-06-27
8411,8411,8501,42,14,13,442266.8,2024-02-29,2024-02-29
8412,8412,8502,20,145,8,34799.0,10-01-2024,2024-10-01
8413,8413,8503,2,116,3,7340.65,2024-11-06,2024-11-06
8414,8414,8504,29,118,3,12297.75,07-10-2024,2024-07-10
8415,8415,8505,45,44,11,118875.0,2024-02-13,2024-02-13
8416,8416,8506,4,91,4,512566.8,2024-05-17,2024-05-17
8417,8417,8507,18,16,5,150030.0,2023-04-27,2023-04-27
8418,8418,8508,12,23,1,10620.05,2024-08-14,2024-08-14
8419,8419,8509,28,89,8,597952.8,10-02-2024,2024-10-02
8420,8420,8510,25,52,15,205562.0,04-01-2024,2024-04-01
8421,8421,8511,2,6,9,101062.9,15-09-2023,2023-09-15
8422,8422,8512,25,77,13,552102.95,10-05-2024,2024-10-05
8423,8423,8513,2,46,12,59805.0,2023-08-31,2023-08-31
8424,8424,8514,44,72,8,757451.15,2024-02-24,2024-02-24
8425,8425,8515,6,14,1,34020.45,31-03-2023,2023-03-31
8426,8426,8516,10,136,6,11841.0,2024-09-25,2024-09-25
8427,8427,8517,46,74,1,82231.05,2024-06-30,2024-06-30
8428,8428,8518,34,33,9,57419.9,07-08-2023,2023-07-08
8429,8429,8519,21,43,6,210581.0,24-06-2024,2024-06-24
8430,8430,8520,49,1,15,496838.0,2023-06-10,2023-06-10
8431,8431,8521,49,146,7,3472.0,06-01-2023,2023-06-01
8432,8432,8522,4,80,10,1292238.0,2024-10-08,2024-10-08
8433,8433,8523,6,140,3,8933.8,18-02-2024,2024-02-18
8434,8434,8524,48,121,8,29554.0,01-08-2024,2024-01-08
8435,8435,8525,36,15,8,223198.0,2023-03-02,2023-03-02
8436,8436,8526,39,74,9,779027.0,15-03-2023,2023-03-15
8437,8437,8527,19,36,10,226014.0,2024-12-29,2024-12-29
8438,8438,8528,40,115,14,11628.0,30-03-2024,2024-03-30
8439,8439,8529,33,10,9,288297.0,2023-01-19,2023-01-19
8440,8440,8530,48,72,7,662769.4,18-08-2024,2024-08-18
8441,8441,8531,8,23,6,67072.0,2024-10-13,2024-10-13
8442,8442,8532,16,108,10,31783.2,13-02-2023,2023-02-13
8443,8443,8533,36,111,3,12213.2,2024-05-02,2024-05-02
8444,8444,8534,13,19,9,140496.45,2023-07-03,2023-07-03
8445,8445,8535,46,131,1,964.0,08-11-2023,2023-08-11
8446,8446,8536,33,42,2,11986.0,19-05-2023,2023-05-19
8447,8447,8537,38,58,13,1343984.0,2024-04-29,2024-04-29
8448,8448,8538,39,58,1,103383.75,2023-03-30,2023-03-30
8449,8449,8539,8,27,4,62743.7,2023-05-16,2023-05-16
8450,8450,8540,38,114,7,5595.0,2023-12-11,2023-12-11
8451,8451,8541,49,114,8,6074.3,2023-09-29,2023-09-29
8452,8452,8542,45,70,4,137422.0,2024-12-07,2024-12-07
8453,8453,8543,12,131,15,14454.0,12-02-2024,2024-12-02
8454,8454,8544,43,130,7,27558.55,2024-11-07,2024-11-07
8455,8455,8545,47,112,9,18647.55,28-11-2023,2023-11-28
8456,8456,8546,21,91,11,1409558.7,2023-07-20,2023-07-20
8457,8457,8547,29,1,14,463715.0,2023-11-19,2023-11-19
8458,8458,8548,38,43,6,200051.95,2023-12-19,2023-12-19
8459,8459,8549,43,109,6,3549.2,2024-05-30,2024-05-30
8460,8460,8550,19,1,5,157332.35,2023-02-18,2023-02-18
8461,8461,8551,5,90,14,1107363.0,13-09-2023,2023-09-13
8462,8462,8552,13,91,1,134886.0,2024-04-13,2024-04-13
8463,8463,8553,48,135,6,9867.0,2023-11-13,2023-11-13
8464,8464,8554,31,73,12,1632023.05,2023-01-09,2023-01-09
8465,8465,8555,25,148,7,33499.0,2023-07-21,2023-07-21
8466,8466,8556,3,82,15,735785.45,2024-03-30,2024-03-30
8467,8467,8557,37,89,1,78678.0,01-07-2024,2024-01-07
8468,8468,8558,38,13,1,7359.65,2024-03-04,2024-03-04
8469,8469,8559,21,3,8,68584.3,2024-07-17,2024-07-17
8470,8470,8560,48,142,12,9917.0,2023-01-11,2023-01-11
8471,8471,8561,33,4,7,23673.0,2024-03-08,2024-03-08
8472,8472,8562,25,135,14,21871.85,2023-05-04,2023-05-04
8473,8473,8563,4,126,15,40156.0,2024-01-13,2024-01-13
8474,8474,8564,45,47,4,23267.4,31-01-2024,2024-01-31
8475,8475,8565,35,80,9,1104864.25,28-12-2024,2024-12-28
8476,8476,8566,28,14,3,102061.35,2023-04-25,2023-04-25
8477,8477,8567,2,138,9,37647.0,2023-08-29,2023-08-29
8478,8478,8568,1,63,14,1959407.0,18-10-2024,2024-10-18
8479,8479,8569,23,145,9,39149.0,2024-01-03,2024-01-03
8480,8480,8570,43,126,11,27975.6,12-08-2024,2024-12-08
8481,8481,8571,44,62,8,776887.2,01-04-2023,2023-01-04
8482,8482,8572,1,35,2,22011.0,2024-03-28,2024-03-28
8483,8483,8573,16,36,1,21470.95,2024-04-06,2024-04-06
8484,8484,8574,38,145,15,61985.6,2023-11-15,2023-11-15
8485,8485,8575,32,57,2,237581.0,2024-07-20,2024-07-20
8486,8486,8576,32,24,13,286917.1,17-11-2023,2023-11-17
8487,8487,8577,36,132,5,7424.25,2024-07-31,2024-07-31
8488,8488,8578,31,55,13,1429834.0,15-03-2024,2024-03-15
8489,8489,8579,8,45,9,89133.0,18-04-2023,2023-04-18
8490,8490,8580,7,105,13,3822.8,2024-04-19,2024-04-19
8491,8491,8581,10,26,8,131351.75,2023-01-22,2023-01-22
8492,8492,8582,7,71,2,260348.0,2024-10-20,2024-10-20
8493,8493,8583,40,150,7,11520.0,2023-03-18,2023-03-18
8494,8494,8584,36,138,5,19869.25,16-09-2023,2023-09-16
8495,8495,8585,23,125,9,29088.05,2024-03-19,2024-03-19
8496,8496,8586,1,46,5,24919.0,26-12-2023,2023-12-26
8497,8497,8587,17,13,15,116206.0,06-12-2024,2024-06-12
8498,8498,8588,24,120,9,26714.0,2024-09-17,2024-09-17
8499,8499,8589,36,141,8,36341.3,2023-03-28,2023-03-28
8500,8500,8590,6,39,13,385227.0,2024-10-31,2024-10-31
8501,8501,8592,19,118,8,34521.0,2023-09-06,2023-09-06
8502,8502,8593,10,107,8,11501.65,2023-02-17,2023-02-17
8503,8503,8594,27,132,1,1484.85,2023-11-15,2023-11-15
8504,8504,8595,33,6,6,67374.95,02-12-2024,2024-02-12
8505,8505,8596,41,130,8,31495.35,2023-02-13,2023-02-13
8506,8506,8597,10,27,4,66046.0,2024-05-13,2024-05-13
8507,8507,8598,25,145,12,49588.1,23-06-2024,2024-06-23
8508,8508,8599,21,97,8,1028546.95,2023-09-28,2023-09-28
8509,8509,8600,40,31,11,86558.3,14-10-2023,2023-10-14
8510,8510,8601,24,72,15,1420221.5,04-09-2023,2023-04-09
8511,8511,8602,29,35,13,135918.4,2023-08-03,2023-08-03
8512,8512,8603,13,119,4,12371.85,03-12-2023,2023-03-12
8513,8513,8604,41,99,8,815226.35,2023-10-08,2023-10-08
8514,8514,8605,4,36,9,193242.35,11-11-2024,2024-11-11
8515,8515,8606,37,149,13,14370.65,27-07-2023,2023-07-27
8516,8516,8607,44,57,13,1467063.15,2024-12-19,2024-12-19
8517,8517,8608,40,67,3,257367.0,2023-05-26,2023-05-26
8518,8518,8609,16,39,11,325961.0,2024-07-23,2024-07-23
8519,8519,8610,31,31,11,91114.0,2024-06-01,2024-06-01
8520,8520,8611,37,5,7,165683.0,2023-04-25,2023-04-25
8521,8521,8612,38,58,8,870597.0,18-10-2024,2024-10-18
8522,8522,8613,26,28,6,81273.45,2023-01-30,2023-01-30
8523,8523,8615,29,17,14,186715.85,2023-07-10,2023-07-10
8524,8524,8616,28,116,7,17127.55,2024-10-07,2024-10-07
8525,8525,8617,39,148,11,50008.95,21-06-2024,2024-06-21
8526,8526,8618,45,87,3,200580.0,06-07-2024,2024-06-07
8527,8527,8619,28,92,8,710833.0,16-09-2024,2024-09-16
8528,8528,8620,46,80,2,245525.6,15-07-2024,2024-07-15
8529,8529,8621,45,126,9,22889.3,01-11-2023,2023-01-11
8530,8530,8622,9,5,6,134913.3,28-12-2024,2024-12-28
8531,8531,8623,19,141,15,68140.65,2023-12-28,2023-12-28
8532,8532,8624,34,18,12,302925.55,2024-02-07,2024-02-07
8533,8533,8625,27,64,6,635581.35,15-06-2023,2023-06-15
8534,8534,8626,25,37,5,30339.0,2024-01-11,2024-01-11
8535,8535,8627,33,149,1,1164.0,05-04-2023,2023-05-04
8536,8536,8628,7,79,12,793762.0,2023-05-06,2023-05-06
8537,8537,8629,42,96,10,706208.0,2024-07-30,2024-07-30
8538,8538,8630,13,95,11,729493.6,27-05-2023,2023-05-27
8539,8539,8631,34,4,1,3382.0,15-04-2023,2023-04-15
8540,8540,8632,15,115,13,10258.1,2023-10-04,2023-10-04
8541,8541,8633,21,122,13,16332.4,2023-08-02,2023-08-02
8542,8542,8634,15,44,10,108068.0,06-07-2024,2024-06-07
8543,8543,8635,19,89,1,74744.1,21-07-2023,2023-07-21
8544,8544,8636,13,19,6,98594.0,2023-07-14,2023-07-14
8545,8545,8637,23,38,15,396917.0,08-11-2024,2024-08-11
8546,8546,8638,17,19,1,16432.0,2024-11-20,2024-11-20
8547,8547,8639,25,94,5,193566.3,26-05-2024,2024-05-26
8548,8548,8640,25,126,14,35605.05,17-11-2024,2024-11-17
8549,8549,8641,5,11,4,144928.0,11-03-2024,2024-11-03
8550,8550,8642,15,28,15,213878.0,17-03-2023,2023-03-17
8551,8551,8644,34,105,1,294.5,12-10-2024,2024-12-10
8552,8552,8645,14,68,11,735868.0,2023-04-27,2023-04-27
8553,8553,8646,9,47,7,40717.95,04-02-2024,2024-04-02
8554,8554,8647,34,148,12,54555.65,21-05-2024,2024-05-21
8555,8555,8648,36,74,8,657844.6,10-03-2023,2023-10-03
8556,8556,8649,46,32,13,162532.0,15-12-2023,2023-12-15
8557,8557,8650,41,143,1,4436.0,2024-07-18,2024-07-18
8558,8558,8651,3,96,2,134179.9,2024-05-05,2024-05-05
8559,8559,8652,34,125,11,35551.85,15-03-2024,2024-03-15
8560,8560,8653,33,100,9,894331.9,2024-10-04,2024-10-04
8561,8561,8654,34,109,10,6227.0,2024-10-01,2024-10-01
8562,8562,8655,15,105,2,619.0,18-05-2023,2023-05-18
8563,8563,8656,30,5,8,189352.0,2023-03-31,2023-03-31
8564,8564,8657,27,122,9,11902.0,2024-05-10,2024-05-10
8565,8565,8658,46,93,7,668172.05,2023-05-28,2023-05-28
8566,8566,8659,26,84,8,330021.45,2023-07-12,2023-07-12
8567,8567,8660,38,119,10,30930.1,2023-06-22,2023-06-22
8568,8568,8661,32,52,4,54816.0,2023-04-12,2023-04-12
8569,8569,8662,34,11,14,481884.65,2023-04-09,2023-04-09
8570,8570,8663,20,124,9,32232.55,2023-02-08,2023-02-08
8571,8571,8664,39,72,9,896982.0,05-12-2023,2023-05-12
8572,8572,8665,9,40,6,80848.8,04-07-2024,2024-04-07
8573,8573,8666,12,44,15,153997.85,22-02-2024,2024-02-22
8574,8574,8667,42,146,9,4240.8,09-12-2023,2023-09-12
8575,8575,8668,44,63,10,1329598.15,06-12-2024,2024-06-12
8576,8576,8669,9,128,10,46507.0,2024-08-27,2024-08-27
8577,8577,8670,23,99,5,536333.0,25-02-2023,2023-02-25
8578,8578,8671,31,88,10,483365.0,07-06-2023,2023-07-06
8579,8579,8672,22,127,5,7359.65,2024-12-16,2024-12-16
8580,8580,8673,20,138,15,59608.7,2024-06-18,2024-06-18
8581,8581,8674,10,54,3,346373.8,2024-06-03,2024-06-03
8582,8582,8675,16,2,10,139982.0,2024-12-27,2024-12-27
8583,8583,8676,38,144,7,15499.0,2024-11-06,2024-11-06
8584,8584,8677,17,125,14,45247.55,23-04-2024,2024-04-23
8585,8585,8678,42,75,10,311299.8,2023-11-21,2023-11-21
8586,8586,8679,41,106,1,4165.75,25-06-2023,2023-06-25
8587,8587,8680,27,100,6,596220.95,2024-02-02,2024-02-02
8588,8588,8681,33,147,8,23028.95,2024-01-22,2024-01-22
8589,8589,8682,44,45,10,99037.0,08-12-2024,2024-08-12
8590,8590,8683,28,92,10,844113.95,10-02-2024,2024-10-02
8591,8591,8684,41,120,13,40618.0,16-02-2024,2024-02-16
8592,8592,8685,4,4,8,27055.0,2023-03-29,2023-03-29
8593,8593,8686,18,93,12,1145437.8,2023-05-24,2023-05-24
8594,8594,8687,42,116,13,33482.0,18-06-2023,2023-06-18
8595,8595,8688,17,76,4,563153.35,2024-05-13,2024-05-13
8596,8596,8689,49,108,14,46838.0,05-05-2024,2024-05-05
8597,8597,8690,30,36,3,67804.0,2023-09-17,2023-09-17
8598,8598,8691,14,11,11,398551.0,2023-06-10,2023-06-10
8599,8599,8692,9,38,5,132306.0,07-03-2024,2024-07-03
8600,8600,8693,26,103,11,18696.95,2023-04-11,2023-04-11
8601,8601,8694,34,100,9,894331.9,2024-12-22,2024-12-22
8602,8602,8695,15,28,5,71293.0,2024-12-27,2024-12-27
8603,8603,8696,41,20,13,400835.0,25-12-2023,2023-12-25
8604,8604,8697,17,66,1,11943.4,29-01-2024,2024-01-29
8605,8605,8699,47,119,9,29302.0,2023-12-07,2023-12-07
8606,8606,8700,31,23,12,134144.0,2023-10-04,2023-10-04
8607,8607,8701,18,111,8,34282.0,06-02-2023,2023-06-02
8608,8608,8702,6,144,4,8857.0,02-02-2024,2024-02-02
8609,8609,8703,40,129,5,15514.45,2023-02-15,2023-02-15
8610,8610,8704,42,30,15,459532.1,2023-10-22,2023-10-22
8611,8611,8705,12,53,7,356938.75,31-03-2024,2024-03-31
8612,8612,8706,2,88,1,48336.0,2023-01-14,2023-01-14
8613,8613,8707,48,134,7,31371.85,2024-10-14,2024-10-14
8614,8614,8708,38,55,5,522439.2,2023-04-10,2023-04-10
8615,8615,8709,40,27,11,172544.7,2023-12-05,2023-12-05
8616,8616,8710,49,30,11,336990.65,2023-09-30,2023-09-30
8617,8617,8711,41,22,9,337322.2,2023-02-04,2023-02-04
8618,8618,8712,43,31,12,94427.15,2024-09-21,2024-09-21
8619,8619,8713,29,114,7,5315.25,2023-06-09,2023-06-09
8620,8620,8714,17,111,9,36638.65,06-12-2023,2023-06-12
8621,8621,8715,14,6,11,123520.9,10-05-2024,2024-10-05
8622,8622,8716,17,142,14,11570.0,02-05-2024,2024-02-05
8623,8623,8717,39,44,15,153997.85,18-08-2023,2023-08-18
8624,8624,8718,26,17,1,14039.0,17-10-2023,2023-10-17
8625,8625,8719,32,136,6,11841.0,04-10-2023,2023-04-10
8626,8626,8720,28,58,7,723683.4,2024-11-09,2024-11-09
8627,8627,8721,8,41,6,60420.0,2023-12-30,2023-12-30
8628,8628,8722,7,148,5,23928.0,06-06-2024,2024-06-06
8629,8629,8723,29,33,1,6716.0,30-12-2024,2024-12-30
8630,8630,8724,43,94,4,154852.85,04-04-2023,2023-04-04
8631,8631,8725,34,48,14,206309.0,2023-09-06,2023-09-06
8632,8632,8726,14,3,9,77157.1,2024-10-30,2024-10-30
8633,8633,8727,44,64,6,635581.35,21-05-2023,2023-05-21
8634,8634,8728,16,123,5,13190.75,2024-03-23,2024-03-23
8635,8635,8729,5,76,7,985518.6,05-01-2024,2024-05-01
8636,8636,8730,35,6,7,82741.0,2023-02-15,2023-02-15
8637,8637,8731,19,67,11,943680.0,21-12-2023,2023-12-21
8638,8638,8732,18,149,11,12800.0,2024-08-14,2024-08-14
8639,8639,8733,36,116,3,7727.0,2023-09-18,2023-09-18
8640,8640,8734,43,149,7,8145.0,2023-07-26,2023-07-26
8641,8641,8735,17,110,4,9482.9,02-06-2023,2023-02-06
8642,8642,8736,23,13,2,15494.0,2024-01-01,2024-01-01
8643,8643,8737,34,19,6,98594.0,2024-11-03,2024-11-03
8644,8644,8738,24,58,12,1240600.25,2024-04-28,2024-04-28
8645,8645,8739,33,33,7,44659.5,2024-02-07,2024-02-07
8646,8646,8740,26,83,7,896445.65,23-05-2023,2023-05-23
8647,8647,8741,32,73,6,816012.0,2024-03-11,2024-03-11
8648,8648,8742,5,109,8,4982.0,24-03-2023,2023-03-24
8649,8649,8743,10,129,10,32662.0,10-08-2024,2024-10-08
8650,8650,8744,10,74,5,432793.0,13-02-2024,2024-02-13
8651,8651,8745,35,78,10,1156735.2,11-07-2023,2023-11-07
8652,8652,8746,25,101,13,6024.0,15-10-2024,2024-10-15
8653,8653,8747,15,16,4,120024.0,11-12-2023,2023-11-12
8654,8654,8748,28,124,10,35814.05,16-02-2023,2023-02-16
8655,8655,8749,29,84,14,607934.0,2024-06-30,2024-06-30
8656,8656,8750,17,94,5,203754.0,2023-12-19,2023-12-19
8657,8657,8751,29,115,10,7890.7,03-01-2024,2024-03-01
8658,8658,8752,19,111,14,56993.35,28-11-2024,2024-11-28
8659,8659,8753,17,25,9,109138.0,16-03-2024,2024-03-16
8660,8660,8754,20,28,13,185361.0,11-04-2023,2023-11-04
8661,8661,8755,49,95,5,349040.0,09-08-2023,2023-09-08
8662,8662,8756,12,112,7,14503.65,04-09-2023,2023-04-09
8663,8663,8757,45,31,11,86558.3,10-07-2024,2024-10-07
8664,8664,8758,24,84,3,123758.4,2024-10-16,2024-10-16
8665,8665,8759,7,34,2,9343.25,2024-06-27,2024-06-27
8666,8666,8760,39,47,9,55107.0,2023-05-09,2023-05-09
8667,8667,8761,35,112,11,22790.5,2023-10-22,2023-10-22
8668,8668,8762,48,33,13,87305.0,2024-12-31,2024-12-31
8669,8669,8763,40,33,6,40295.0,2024-05-16,2024-05-16
8670,8670,8764,15,37,14,84948.0,2023-01-14,2023-01-14
8671,8671,8765,15,71,11,1431915.0,2024-04-28,2024-04-28
8672,8672,8766,8,94,8,309706.65,2024-10-12,2024-10-12
8673,8673,8767,31,41,1,10600.0,25-02-2023,2023-02-25
8674,8674,8768,19,130,15,62161.0,22-04-2024,2024-04-22
8675,8675,8769,3,103,3,5099.6,2024-06-10,2024-06-10
8676,8676,8770,30,120,15,44523.65,2023-02-16,2023-02-16
8677,8677,8771,45,79,4,251357.65,2024-08-03,2024-08-03
8678,8678,8772,10,34,13,63928.0,08-09-2024,2024-08-09
8679,8679,8773,35,53,12,611895.0,2024-06-03,2024-06-03
8680,8680,8774,2,89,12,944137.0,09-05-2024,2024-09-05
8681,8681,8775,21,88,12,580038.0,04-07-2024,2024-04-07
8682,8682,8776,6,145,9,39149.0,01-05-2023,2023-01-05
8683,8683,8777,23,116,9,23180.0,2024-02-29,2024-02-29
8684,8684,8778,4,2,6,79789.55,31-10-2024,2024-10-31
8685,8685,8779,5,132,3,4454.55,2024-01-21,2024-01-21
8686,8686,8780,18,145,10,41324.05,2023-07-20,2023-07-20
8687,8687,8781,43,95,8,558464.0,29-11-2024,2024-11-29
8688,8688,8782,9,103,2,3399.1,2024-05-28,2024-05-28
8689,8689,8783,26,31,13,102296.0,13-06-2024,2024-06-13
8690,8690,8784,29,12,11,28488.6,2023-02-13,2023-02-13
8691,8691,8785,31,7,4,74171.25,2024-11-20,2024-11-20
8692,8692,8786,29,36,9,193242.35,16-10-2024,2024-10-16
8693,8693,8787,26,54,12,1458418.0,21-05-2023,2023-05-21
8694,8694,8788,46,81,6,696246.45,13-10-2024,2024-10-13
8695,8695,8789,15,75,14,435819.15,30-12-2023,2023-12-30
8696,8696,8790,12,64,14,1561078.0,2024-07-27,2024-07-27
8697,8697,8791,20,67,11,896496.0,2024-08-29,2024-08-29
8698,8698,8792,27,114,7,5315.25,27-09-2024,2024-09-27
8699,8699,8793,27,10,13,395608.5,2024-08-29,2024-08-29
8700,8700,8794,32,97,4,541340.0,2023-09-13,2023-09-13
8701,8701,8795,22,86,2,187046.0,06-04-2023,2023-06-04
8702,8702,8796,49,71,5,650870.0,2024-06-22,2024-06-22
8703,8703,8797,3,129,5,15514.45,2024-03-18,2024-03-18
8704,8704,8798,37,90,7,553681.0,2024-06-07,2024-06-07
8705,8705,8799,40,30,1,30635.6,2024-09-08,2024-09-08
8706,8706,8800,9,127,15,22078.0,2023-09-12,2023-09-12
8707,8707,8801,21,57,11,1306696.0,26-11-2024,2024-11-26
8708,8708,8802,30,14,10,358111.0,13-01-2024,2024-01-13
8709,8709,8803,4,144,10,22141.0,2024-10-31,2024-10-31
8710,8710,8804,6,87,3,200580.0,04-03-2024,2024-04-03
8711,8711,8805,30,48,5,73682.0,23-03-2023,2023-03-23
8712,8712,8806,37,45,5,49519.0,2023-08-18,2023-08-18
8713,8713,8807,20,25,3,36379.0,2023-08-21,2023-08-21
8714,8714,8808,46,65,7,169958.8,23-11-2023,2023-11-23
8715,8715,8809,11,35,12,132066.0,2023-03-03,2023-03-03
8716,8716,8810,22,108,6,19069.35,2024-12-21,2024-12-21
8717,8717,8811,41,126,13,34802.0,26-03-2023,2023-03-26
8718,8718,8812,32,63,3,398879.35,17-08-2023,2023-08-17
8719,8719,8813,7,131,11,10599.0,2023-02-27,2023-02-27
8720,8720,8814,17,145,6,24794.05,02-02-2024,2024-02-02
8721,8721,8815,32,90,2,150285.25,02-11-2023,2023-02-11
8722,8722,8816,33,50,8,90208.0,2023-02-08,2023-02-08
8723,8723,8817,14,93,15,1507155.0,2024-12-22,2024-12-22
8724,8724,8818,23,26,8,131351.75,24-05-2024,2024-05-24
8725,8725,8819,11,6,14,165483.0,2024-06-07,2024-06-07
8726,8726,8820,2,39,6,168907.15,2024-07-28,2024-07-28
8727,8727,8821,28,102,10,7904.0,2023-01-17,2023-01-17
8728,8728,8822,35,66,11,138288.0,2023-05-02,2023-05-02
8729,8729,8823,21,22,12,473434.0,28-05-2024,2024-05-28
8730,8730,8824,48,32,14,166282.3,13-11-2024,2024-11-13
8731,8731,8825,23,150,12,18760.6,27-02-2024,2024-02-27
8732,8732,8826,35,46,8,37876.5,2023-11-04,2023-11-04
8733,8733,8827,3,10,4,121725.4,29-04-2023,2023-04-29
8734,8734,8828,36,41,9,95400.0,2023-01-24,2023-01-24
8735,8735,8829,7,67,9,772101.0,02-04-2023,2023-02-04
8736,8736,8830,39,67,3,244498.65,12-04-2024,2024-12-04
8737,8737,8831,42,63,6,839746.0,2023-03-16,2023-03-16
8738,8738,8832,2,22,12,449762.3,2024-10-18,2024-10-18
8739,8739,8833,27,107,15,21565.95,21-02-2023,2023-02-21
8740,8740,8834,39,10,3,96099.0,23-02-2024,2024-02-23
8741,8741,8835,46,55,1,104487.65,2023-09-11,2023-09-11
8742,8742,8836,46,42,15,85398.35,2023-07-21,2023-07-21
8743,8743,8837,11,119,1,3093.2,11-04-2023,2023-11-04
8744,8744,8838,34,7,11,203970.7,2024-05-28,2024-05-28
8745,8745,8839,40,149,7,8145.0,05-07-2023,2023-05-07
8746,8746,8840,43,73,12,1717919.0,2023-03-05,2023-03-05
8747,8747,8841,20,126,1,2543.15,22-06-2024,2024-06-22
8748,8748,8842,24,38,14,351933.2,06-04-2024,2024-06-04
8749,8749,8843,3,67,12,977995.55,2024-06-06,2024-06-06
8750,8750,8844,16,62,13,1328886.0,2024-03-16,2024-03-16
8751,8751,8845,21,97,14,1799956.45,2024-06-11,2024-06-11
8752,8752,8846,36,6,6,67374.95,2023-01-29,2023-01-29
8753,8753,8847,5,61,9,239559.6,2023-01-16,2023-01-16
8754,8754,8848,35,31,14,115964.0,2023-07-25,2023-07-25
8755,8755,8849,44,80,3,368288.4,02-10-2023,2023-02-10
8756,8756,8850,7,94,13,503272.95,03-04-2024,2024-03-04
8757,8757,8851,45,86,6,561139.0,2024-10-01,2024-10-01
8758,8758,8852,16,113,8,35160.0,2023-07-07,2023-07-07
8759,8759,8853,14,2,13,181976.0,2023-11-15,2023-11-15
8760,8760,8854,33,130,10,39368.95,26-04-2023,2023-04-26
8761,8761,8855,11,46,15,74757.0,2024-04-30,2024-04-30
8762,8762,8856,23,83,3,404412.0,11-05-2023,2023-11-05
8763,8763,8857,8,17,9,126349.0,08-05-2023,2023-08-05
8764,8764,8858,30,150,14,21887.05,2023-12-27,2023-12-27
8765,8765,8859,13,23,15,159295.05,2024-03-01,2024-03-01
8766,8766,8860,1,31,11,86558.3,2024-02-02,2024-02-02
8767,8767,8861,10,76,13,1926577.0,2023-04-12,2023-04-12
8768,8768,8862,2,17,4,56155.0,2023-07-05,2023-07-05
8769,8769,8863,9,107,14,21187.0,2023-08-21,2023-08-21
8770,8770,8864,23,45,4,39615.0,17-10-2024,2024-10-17
8771,8771,8865,17,43,5,166709.8,04-09-2023,2023-04-09
8772,8772,8866,12,132,8,12504.0,2024-10-20,2024-10-20
8773,8773,8867,43,4,14,47346.0,16-06-2023,2023-06-16
8774,8774,8868,41,45,8,79230.0,2024-02-23,2024-02-23
8775,8775,8869,15,121,3,11083.0,12-05-2023,2023-12-05
8776,8776,8870,8,82,11,567974.0,2024-06-14,2024-06-14
8777,8777,8871,14,4,5,16909.0,24-03-2024,2024-03-24
8778,8778,8872,15,78,6,730569.0,12-02-2023,2023-12-02
8779,8779,8873,8,150,10,16457.0,2023-02-19,2023-02-19
8780,8780,8874,33,30,10,322479.0,27-02-2024,2024-02-27
8781,8781,8875,21,61,7,186323.5,01-12-2024,2024-01-12
8782,8782,8876,42,113,7,30765.0,2024-06-15,2024-06-15
8783,8783,8877,22,116,12,30906.0,2023-07-20,2023-07-20
8784,8784,8878,47,71,10,1301741.0,19-12-2024,2024-12-19
8785,8785,8879,12,51,14,853314.7,2024-06-14,2024-06-14
8786,8786,8880,40,126,10,26771.0,27-05-2023,2023-05-27
8787,8787,8881,2,74,8,657844.6,06-02-2024,2024-06-02
8788,8788,8882,20,25,14,161281.5,2023-03-19,2023-03-19
8789,8789,8883,16,138,10,39738.5,17-10-2023,2023-10-17
8790,8790,8884,14,99,15,1609000.0,24-04-2024,2024-04-24
8791,8791,8885,39,24,8,176564.15,29-06-2024,2024-06-29
8792,8792,8886,17,142,15,11776.2,2024-12-24,2024-12-24
8793,8793,8887,5,139,8,10829.05,2024-01-09,2024-01-09
8794,8794,8888,33,20,6,175750.95,11-03-2023,2023-11-03
8795,8795,8889,23,110,9,21337.0,2024-01-28,2024-01-28
8796,8796,8890,7,33,5,31900.05,02-07-2024,2024-02-07
8797,8797,8891,16,143,11,46360.95,2023-06-01,2023-06-01
8798,8798,8892,48,54,10,1215348.0,2024-07-31,2024-07-31
8799,8799,8893,35,18,7,176706.65,2023-02-03,2023-02-03
8800,8800,8894,44,76,14,2074775.0,2024-08-11,2024-08-11
8801,8801,8895,29,84,12,495032.65,2024-12-13,2024-12-13
8802,8802,8896,36,30,11,336990.65,2023-05-05,2023-05-05
8803,8803,8897,37,5,12,284028.0,03-01-2023,2023-03-01
8804,8804,8898,6,59,13,1133160.0,29-11-2023,2023-11-29
8805,8805,8899,47,20,9,277501.0,06-09-2023,2023-06-09
8806,8806,8900,22,42,8,47943.0,2024-03-22,2024-03-22
8807,8807,8901,13,127,11,17043.0,16-09-2024,2024-09-16
8808,8808,8902,13,86,8,710775.75,2024-01-18,2024-01-18
8809,8809,8903,28,102,1,790.4,2023-09-30,2023-09-30
8810,8810,8904,36,37,3,17292.85,14-03-2023,2023-03-14
8811,8811,8905,11,131,1,915.8,25-11-2023,2023-11-25
8812,8812,8906,29,124,13,49009.0,2023-07-29,2023-07-29
8813,8813,8907,6,1,14,463715.0,17-09-2023,2023-09-17
8814,8814,8908,13,22,3,118359.0,2023-09-05,2023-09-05
8815,8815,8909,48,91,12,1537700.4,2024-06-06,2024-06-06
8816,8816,8910,16,39,10,281511.6,19-12-2023,2023-12-19
8817,8817,8911,48,85,1,36650.05,05-07-2023,2023-05-07
8818,8818,8912,37,29,1,36510.0,27-03-2024,2024-03-27
8819,8819,8913,43,54,10,1215348.0,2024-05-01,2024-05-01
8820,8820,8914,33,4,4,13528.0,13-06-2024,2024-06-13
8821,8821,8915,48,130,3,11810.4,2023-08-30,2023-08-30
8822,8822,8916,32,122,9,11902.0,2024-08-21,2024-08-21
8823,8823,8917,36,127,12,18592.0,2023-05-28,2023-05-28
8824,8824,8918,8,91,2,269772.0,22-09-2024,2024-09-22
8825,8825,8919,41,73,5,715800.0,06-04-2024,2024-06-04
8826,8826,8920,28,81,8,977188.0,21-10-2024,2024-10-21
8827,8827,8921,13,118,9,36894.2,2023-02-23,2023-02-23
8828,8828,8922,41,96,11,776829.0,2024-02-10,2024-02-10
8829,8829,8923,41,70,1,34355.0,2023-07-03,2023-07-03
8830,8830,8924,6,119,4,13023.0,2023-09-17,2023-09-17
8831,8831,8925,6,47,15,91844.0,2024-02-07,2024-02-07
8832,8832,8926,28,13,1,7359.65,19-03-2024,2024-03-19
8833,8833,8927,43,52,13,169245.35,03-06-2024,2024-03-06
8834,8834,8928,14,60,5,543755.0,17-07-2023,2023-07-17
8835,8835,8929,19,68,9,571970.3,07-06-2023,2023-07-06
8836,8836,8930,26,5,2,44971.1,2023-09-05,2023-09-05
8837,8837,8931,31,61,13,364242.0,15-11-2024,2024-11-15
8838,8838,8932,10,4,2,6425.8,31-05-2023,2023-05-31
8839,8839,8933,22,56,2,85978.0,22-03-2024,2024-03-22
8840,8840,8934,6,61,6,168112.0,2023-06-27,2023-06-27
8841,8841,8935,6,57,1,112851.45,18-09-2023,2023-09-18
8842,8842,8936,48,42,2,11986.0,2023-10-25,2023-10-25
8843,8843,8937,32,19,14,218550.35,26-07-2024,2024-07-26
8844,8844,8938,26,54,14,1616412.65,2024-08-14,2024-08-14
8845,8845,8939,40,16,1,28505.7,24-04-2024,2024-04-24
8846,8846,8940,17,120,2,6249.0,30-03-2023,2023-03-30
8847,8847,8941,9,19,14,218550.35,22-08-2023,2023-08-22
8848,8848,8942,37,116,5,12234.1,19-10-2024,2024-10-19
8849,8849,8943,14,127,3,4415.6,2024-11-15,2024-11-15
8850,8850,8944,7,29,8,292083.0,07-01-2024,2024-07-01
8851,8851,8945,42,146,6,2976.0,2023-04-25,2023-04-25
8852,8852,8946,3,21,6,52407.0,2024-08-26,2024-08-26
8853,8853,8947,34,126,9,22889.3,12-11-2024,2024-12-11
8854,8854,8948,9,34,7,34423.0,2023-10-16,2023-10-16
8855,8855,8949,9,147,11,31664.45,17-11-2024,2024-11-17
8856,8856,8950,42,76,15,2111824.35,2023-09-13,2023-09-13
8857,8857,8951,18,80,11,1350388.9,2024-11-15,2024-11-15
8858,8858,8952,14,61,3,84056.0,29-10-2024,2024-10-29
8859,8859,8953,8,21,1,8298.25,23-05-2023,2023-05-23
8860,8860,8954,48,54,7,808206.8,23-02-2024,2024-02-23
8861,8861,8955,34,89,3,224232.3,2023-05-18,2023-05-18
8862,8862,8956,20,125,7,22623.3,2023-09-15,2023-09-15
8863,8863,8957,6,125,14,45247.55,2023-12-18,2023-12-18
8864,8864,8958,7,139,8,10829.05,2023-05-16,2023-05-16
8865,8865,8960,35,116,2,5151.0,27-08-2024,2024-08-27
8866,8866,8961,8,21,7,58084.9,03-02-2023,2023-03-02
8867,8867,8962,40,22,2,78906.0,2023-05-06,2023-05-06
8868,8868,8963,32,61,7,196130.0,04-09-2023,2023-04-09
8869,8869,8964,19,118,6,24596.45,10-02-2024,2024-10-02
8870,8870,8965,12,104,6,21164.1,2024-05-13,2024-05-13
8871,8871,8966,31,73,4,572640.0,28-06-2023,2023-06-28
8872,8872,8967,37,12,10,25898.9,14-04-2024,2024-04-14
8873,8873,8968,22,132,3,4689.0,2023-10-23,2023-10-23
8874,8874,8969,11,9,2,75440.45,2023-07-27,2023-07-27
8875,8875,8970,47,6,11,123520.9,2023-01-30,2023-01-30
8876,8876,8971,31,69,13,588445.0,15-02-2024,2024-02-15
8877,8877,8972,25,69,5,226325.0,2023-06-01,2023-06-01
8878,8878,8973,39,116,13,33482.0,08-07-2024,2024-08-07
8879,8879,8974,1,139,5,6767.8,2023-07-22,2023-07-22
8880,8880,8975,25,85,14,513096.9,02-03-2024,2024-02-03
8881,8881,8976,38,57,11,1241361.2,16-09-2024,2024-09-16
8882,8882,8977,41,27,8,132092.0,2024-06-10,2024-06-10
8883,8883,8978,43,149,4,4421.3,2024-08-20,2024-08-20
8884,8884,8979,44,108,11,34960.95,2023-07-16,2023-07-16
8885,8885,8980,35,116,12,30906.0,2023-07-28,2023-07-28
8886,8886,8981,30,113,6,25051.5,2024-08-13,2024-08-13
8887,8887,8982,4,96,8,536718.65,27-03-2024,2024-03-27
8888,8888,8983,26,26,4,65676.35,2024-08-31,2024-08-31
8889,8889,8984,4,37,9,51878.55,19-02-2023,2023-02-19
8890,8890,8985,5,60,11,1136448.9,2024-10-02,2024-10-02
8891,8891,8986,1,146,8,3968.0,03-09-2023,2023-03-09
8892,8892,8987,34,63,8,1063677.95,2024-02-05,2024-02-05
8893,8893,8988,11,84,5,217119.0,2023-04-21,2023-04-21
8894,8894,8989,40,69,4,181060.0,11-04-2024,2024-11-04
8895,8895,8990,49,22,4,149920.45,15-06-2024,2024-06-15
8896,8896,8991,9,2,5,66491.45,03-08-2023,2023-03-08
8897,8897,8992,34,74,5,432793.0,29-02-2024,2024-02-29
8898,8898,8993,38,67,9,772101.0,2023-05-30,2023-05-30
8899,8899,8994,45,26,2,32837.7,2023-05-14,2023-05-14
8900,8900,8995,11,134,8,37741.0,08-12-2023,2023-08-12
8901,8901,8996,9,102,5,4160.0,2024-01-16,2024-01-16
8902,8902,8997,47,137,1,3215.75,26-10-2024,2024-10-26
8903,8903,8998,9,150,10,16457.0,15-05-2024,2024-05-15
8904,8904,8999,38,51,7,449113.0,2024-04-14,2024-04-14
8905,8905,9000,47,76,15,2222973.0,2023-04-30,2023-04-30
8906,8906,9001,40,55,8,879898.0,2024-11-03,2024-11-03
8907,8907,9002,23,93,5,477265.75,13-04-2023,2023-04-13
8908,8908,9003,16,144,1,2214.0,2023-02-09,2023-02-09
8909,8909,9004,8,142,6,4958.0,10-01-2024,2024-10-01
8910,8910,9005,27,69,10,452650.0,2024-05-02,2024-05-02
8911,8911,9006,13,109,7,4141.05,22-05-2024,2024-05-22
8912,8912,9007,6,93,8,803816.0,11-07-2023,2023-11-07
8913,8913,9008,43,35,5,55028.0,05-01-2024,2024-05-01
8914,8914,9009,28,124,9,33929.0,2024-01-25,2024-01-25
8915,8915,9010,48,125,12,40825.0,28-01-2024,2024-01-28
8916,8916,9011,38,149,12,13264.85,2024-05-30,2024-05-30
8917,8917,9012,3,47,9,52351.65,2023-06-21,2023-06-21
8918,8918,9013,3,77,11,491751.0,05-08-2024,2024-05-08
8919,8919,9014,6,124,10,37699.0,15-07-2023,2023-07-15
8920,8920,9015,10,87,9,571652.05,2023-08-09,2023-08-09
8921,8921,9016,17,15,9,238543.1,14-09-2024,2024-09-14
8922,8922,9017,37,44,12,129682.0,2023-05-04,2023-05-04
8923,8923,9018,43,110,12,29946.0,09-08-2023,2023-09-08
8924,8924,9019,9,79,13,816913.55,28-10-2024,2024-10-28
8925,8925,9020,6,41,11,116600.0,21-11-2023,2023-11-21
8926,8926,9021,44,101,12,5282.95,14-04-2023,2023-04-14
8927,8927,9022,8,5,14,314797.7,2024-07-06,2024-07-06
8928,8928,9023,4,56,8,343910.0,2023-10-21,2023-10-21
8929,8929,9024,45,63,15,1994396.75,15-02-2023,2023-02-15
8930,8930,9025,11,146,5,2480.0,17-04-2024,2024-04-17
8931,8931,9026,2,9,11,414922.0,30-10-2023,2023-10-30
8932,8932,9027,2,7,6,111257.35,07-03-2024,2024-07-03
8933,8933,9028,36,22,11,433981.0,12-05-2023,2023-12-05
8934,8934,9029,18,112,6,12431.7,24-06-2023,2023-06-24
8935,8935,9030,24,15,5,139499.0,2024-12-17,2024-12-17
8936,8936,9031,13,13,3,23241.0,24-07-2023,2023-07-24
8937,8937,9032,36,26,2,34566.0,2024-10-13,2024-10-13
8938,8938,9033,41,49,12,151212.45,08-01-2024,2024-08-01
8939,8939,9035,12,38,3,75413.85,02-10-2024,2024-02-10
8940,8940,9036,17,70,14,480976.0,19-02-2024,2024-02-19
8941,8941,9037,9,17,3,40010.2,2024-11-08,2024-11-08
8942,8942,9038,42,55,3,329962.0,2023-02-26,2023-02-26
8943,8943,9039,6,63,3,398879.35,20-09-2024,2024-09-20
8944,8944,9040,3,98,4,317445.0,2023-02-13,2023-02-13
8945,8945,9041,8,48,8,117891.0,2023-04-08,2023-04-08
8946,8946,9042,19,31,7,57982.0,2023-03-14,2023-03-14
8947,8947,9043,8,91,1,128141.7,2023-11-27,2023-11-27
8948,8948,9044,26,150,12,19748.0,19-11-2024,2024-11-19
8949,8949,9045,12,96,8,564967.0,2024-05-01,2024-05-01
8950,8950,9046,30,1,4,132490.0,11-11-2023,2023-11-11
8951,8951,9047,25,8,4,18940.15,03-09-2023,2023-03-09
8952,8952,9048,22,120,9,26714.0,29-02-2024,2024-02-29
8953,8953,9049,11,5,5,118345.0,2023-05-09,2023-05-09
8954,8954,9050,4,29,7,255572.0,2024-03-20,2024-03-20
8955,8955,9051,3,23,6,67072.0,27-06-2024,2024-06-27
8956,8956,9052,7,36,3,67804.0,08-02-2024,2024-08-02
8957,8957,9053,8,16,4,114022.8,2023-06-16,2023-06-16
8958,8958,9054,48,128,3,13254.4,2024-02-06,2024-02-06
8959,8959,9055,18,1,3,94399.6,2023-01-25,2023-01-25
8960,8960,9056,29,2,1,13298.1,2024-05-04,2024-05-04
8961,8961,9057,34,14,14,476287.25,04-08-2024,2024-04-08
8962,8962,9058,24,45,3,29711.0,2024-04-12,2024-04-12
8963,8963,9059,2,26,12,207398.0,2024-10-02,2024-10-02
8964,8964,9060,18,148,13,59101.4,11-03-2024,2024-11-03
8965,8965,9061,19,31,13,107680.0,03-05-2024,2024-03-05
8966,8966,9062,37,136,11,20622.6,04-05-2023,2023-04-05
8967,8967,9063,30,132,14,20787.9,15-12-2023,2023-12-15
8968,8968,9064,21,112,1,2071.95,2024-04-13,2024-04-13
8969,8969,9065,25,77,1,44705.0,26-01-2023,2023-01-26
8970,8970,9066,13,105,8,2352.2,13-02-2023,2023-02-13
8971,8971,9067,47,126,15,38148.2,2023-09-28,2023-09-28
8972,8972,9068,31,106,14,61388.0,05-05-2023,2023-05-05
8973,8973,9069,39,77,8,339755.15,05-12-2023,2023-05-12
8974,8974,9070,44,71,11,1431915.0,03-07-2023,2023-03-07
8975,8975,9071,16,142,11,8636.45,01-09-2023,2023-01-09
8976,8976,9072,41,112,14,30533.0,02-01-2024,2024-02-01
8977,8977,9073,37,9,7,277938.0,2024-03-15,2024-03-15
8978,8978,9074,43,6,11,123520.9,27-02-2024,2024-02-27
8979,8979,9075,25,32,7,87517.0,2024-08-19,2024-08-19
8980,8980,9076,48,118,15,61490.65,2023-01-20,2023-01-20
8981,8981,9077,32,109,1,591.85,14-10-2023,2023-10-14
8982,8982,9078,4,1,8,251731.0,2024-09-11,2024-09-11
8983,8983,9079,21,137,4,12864.9,11-09-2023,2023-11-09
8984,8984,9080,29,126,14,37479.0,21-08-2023,2023-08-21
8985,8985,9081,21,116,10,25755.0,04-09-2024,2024-04-09
8986,8986,9082,12,70,8,274843.0,18-02-2024,2024-02-18
8987,8987,9083,7,128,2,9301.0,2023-07-18,2023-07-18
8988,8988,9084,43,148,7,33499.0,2024-04-22,2024-04-22
8989,8989,9085,26,104,10,37130.0,21-04-2023,2023-04-21
8990,8990,9086,10,45,14,138652.0,2024-02-20,2024-02-20
8991,8991,9087,42,138,3,11921.55,23-01-2023,2023-01-23
8992,8992,9088,43,51,4,256636.0,18-12-2023,2023-12-18
8993,8993,9089,19,112,10,21810.0,23-02-2024,2024-02-23
8994,8994,9090,20,55,6,626926.85,19-02-2023,2023-02-19
8995,8995,9091,10,22,4,157811.0,2023-06-28,2023-06-28
8996,8996,9092,24,2,11,153980.0,09-07-2024,2024-09-07
8997,8997,9093,5,123,1,2777.0,23-03-2024,2024-03-23
8998,8998,9094,8,103,4,7157.0,30-04-2024,2024-04-30
8999,8999,9095,26,124,11,41469.0,2023-04-27,2023-04-27
9000,9000,9096,16,31,8,62951.75,2023-06-07,2023-06-07
9001,9001,9097,35,105,3,929.0,2023-03-30,2023-03-30
9002,9002,9098,4,115,15,11836.05,2023-12-29,2023-12-29
9003,9003,9099,34,25,3,36379.0,11-06-2024,2024-11-06
9004,9004,9100,17,128,8,37206.0,07-12-2024,2024-07-12
9005,9005,9101,24,2,7,93087.65,21-10-2024,2024-10-21
9006,9006,9102,22,5,15,355035.0,2024-08-07,2024-08-07
9007,9007,9103,33,28,2,28517.0,2023-08-01,2023-08-01
9008,9008,9104,13,103,10,17892.0,17-02-2024,2024-02-17
9009,9009,9105,29,57,2,225701.95,10-03-2024,2024-10-03
9010,9010,9106,25,34,14,68845.0,2024-08-27,2024-08-27
9011,9011,9107,4,35,10,110055.0,2024-06-28,2024-06-28
9012,9012,9108,26,116,9,22021.0,10-07-2023,2023-10-07
9013,9013,9109,32,35,14,146373.15,19-06-2024,2024-06-19
9014,9014,9110,10,92,7,590880.05,19-12-2023,2023-12-19
9015,9015,9111,42,19,5,82162.0,2024-01-26,2024-01-26
9016,9016,9112,9,58,14,1523544.0,2023-02-03,2023-02-03
9017,9017,9113,4,33,15,100737.0,2023-03-07,2023-03-07
9018,9018,9114,13,40,12,161697.6,13-05-2023,2023-05-13
9019,9019,9115,5,85,8,308630.0,09-11-2024,2024-09-11
9020,9020,9116,40,8,4,19937.0,21-06-2023,2023-06-21
9021,9021,9117,20,71,15,1952611.0,2024-01-07,2024-01-07
9022,9022,9118,10,70,8,261100.85,01-12-2023,2023-01-12
9023,9023,9119,32,132,3,4689.0,2023-04-01,2023-04-01
9024,9024,9120,36,49,7,92850.0,2024-05-13,2024-05-13
9025,9025,9121,14,37,4,24271.0,16-05-2023,2023-05-16
9026,9026,9122,13,120,2,6249.0,26-11-2023,2023-11-26
9027,9027,9123,1,98,4,301572.75,2023-08-05,2023-08-05
9028,9028,9124,49,26,7,114932.9,03-04-2024,2024-03-04
9029,9029,9125,14,2,15,199473.4,17-10-2023,2023-10-17
9030,9030,9126,11,54,4,461832.05,15-03-2023,2023-03-15
9031,9031,9127,44,47,12,69802.2,2023-07-31,2023-07-31
9032,9032,9128,2,44,10,108068.0,23-08-2024,2024-08-23
9033,9033,9129,42,32,10,118773.75,2023-01-07,2023-01-07
9034,9034,9130,35,119,14,43301.95,2023-12-31,2023-12-31
9035,9035,9131,38,73,13,1861079.0,2023-12-12,2023-12-12
9036,9036,9132,41,61,6,168112.0,2024-08-15,2024-08-15
9037,9037,9133,5,112,15,32714.0,2024-07-28,2024-07-28
9038,9038,9134,35,73,11,1496021.05,2024-06-16,2024-06-16
9039,9039,9135,44,74,3,246692.2,2024-10-24,2024-10-24
9040,9040,9136,15,133,5,8990.8,12-08-2024,2024-12-08
9041,9041,9137,25,15,15,397571.2,2023-11-21,2023-11-21
9042,9042,9138,22,41,11,110770.0,26-02-2024,2024-02-26
9043,9043,9139,17,118,8,34521.0,2023-11-19,2023-11-19
9044,9044,9140,5,63,9,1196638.05,02-12-2023,2023-02-12
9045,9045,9141,8,25,9,103681.1,12-11-2024,2024-12-11
9046,9046,9142,27,22,2,78906.0,2023-06-02,2023-06-02
9047,9047,9143,25,28,9,121910.65,03-05-2024,2024-03-05
9048,9048,9144,15,72,9,852132.9,15-04-2023,2023-04-15
9049,9049,9145,14,109,10,6227.0,12-05-2024,2024-12-05
9050,9050,9146,28,65,8,204462.0,08-04-2024,2024-08-04
9051,9051,9147,41,89,2,149488.2,25-12-2023,2023-12-25
9052,9052,9148,29,107,13,19674.0,2024-07-02,2024-07-02
9053,9053,9149,18,115,10,8306.0,09-07-2024,2024-09-07
9054,9054,9150,14,118,5,21576.0,27-01-2023,2023-01-27
9055,9055,9151,49,41,5,53000.0,04-01-2023,2023-04-01
9056,9056,9152,39,81,8,928328.6,12-07-2023,2023-12-07
9057,9057,9153,3,23,3,33536.0,31-10-2023,2023-10-31
9058,9058,9154,13,42,6,34159.15,2023-05-20,2023-05-20
9059,9059,9155,35,8,10,49842.0,12-06-2023,2023-12-06
9060,9060,9156,24,32,14,166282.3,12-02-2024,2024-12-02
9061,9061,9157,9,80,3,368288.4,2023-02-27,2023-02-27
9062,9062,9158,4,22,2,74960.7,2023-04-05,2023-04-05
9063,9063,9159,32,113,1,4395.0,06-01-2024,2024-06-01
9064,9064,9160,4,125,3,10206.0,2024-09-10,2024-09-10
9065,9065,9161,26,145,14,60898.0,01-02-2023,2023-01-02
9066,9066,9162,40,45,1,9904.0,07-01-2023,2023-07-01
9067,9067,9163,26,48,10,139995.8,2024-11-06,2024-11-06
9068,9068,9164,3,87,12,762203.05,29-07-2024,2024-07-29
9069,9069,9165,17,94,14,570512.0,31-10-2024,2024-10-31
9070,9070,9166,16,89,11,865459.0,2023-05-02,2023-05-02
9071,9071,9167,25,127,8,12395.0,2023-10-18,2023-10-18
9072,9072,9168,3,45,7,65859.7,23-01-2023,2023-01-23
9073,9073,9169,48,150,7,10944.0,2024-08-17,2024-08-17
9074,9074,9170,8,48,12,176836.0,15-09-2024,2024-09-15
9075,9075,9171,47,129,2,6532.0,10-08-2023,2023-10-08
9076,9076,9172,35,74,15,1298378.0,2023-07-17,2023-07-17
9077,9077,9173,13,128,5,23254.0,2024-12-29,2024-12-29
9078,9078,9174,22,58,3,310150.3,2024-04-01,2024-04-01
9079,9079,9176,4,132,15,23445.0,2024-09-11,2024-09-11
9080,9080,9177,25,18,9,239152.0,2024-10-10,2024-10-10
9081,9081,9178,5,5,6,142014.0,2023-07-31,2023-07-31
9082,9082,9179,1,148,12,57427.0,2023-12-30,2023-12-30
9083,9083,9180,43,97,3,385704.75,2023-11-13,2023-11-13
9084,9084,9181,2,100,15,1490553.8,2024-12-07,2024-12-07
9085,9085,9182,29,87,8,534879.0,09-02-2024,2024-09-02
9086,9086,9183,38,51,1,64159.0,19-04-2023,2023-04-19
9087,9087,9184,43,149,3,3316.45,2023-06-10,2023-06-10
9088,9088,9185,44,115,12,9967.0,2023-12-08,2023-12-08
9089,9089,9186,36,50,2,22552.0,09-04-2024,2024-09-04
9090,9090,9187,38,93,9,904293.0,13-12-2024,2024-12-13
9091,9091,9188,47,64,13,1377093.4,07-08-2024,2024-07-08
9092,9092,9189,43,99,10,1072667.0,07-12-2024,2024-07-12
9093,9093,9190,8,28,11,149001.8,08-11-2023,2023-08-11
9094,9094,9191,10,84,8,347391.0,28-12-2023,2023-12-28
9095,9095,9192,45,76,14,1971036.25,23-02-2024,2024-02-23
9096,9096,9193,2,15,15,397571.2,2024-08-22,2024-08-22
9097,9097,9194,7,127,7,10845.0,19-01-2023,2023-01-19
9098,9098,9195,27,65,9,218518.05,2023-06-06,2023-06-06
9099,9099,9196,12,32,2,25005.0,27-03-2024,2024-03-27
9100,9100,9197,48,35,9,94097.5,03-06-2023,2023-03-06
9101,9101,9198,10,133,5,8990.8,2024-09-07,2024-09-07
9102,9102,9199,49,66,6,75430.0,2023-04-12,2023-04-12
9103,9103,9200,19,114,4,3037.15,2023-07-03,2023-07-03
9104,9104,9201,15,76,13,1926577.0,28-12-2023,2023-12-28
9105,9105,9202,38,70,8,274843.0,2023-01-23,2023-01-23
9106,9106,9203,15,5,13,292312.15,2024-12-08,2024-12-08
9107,9107,9204,18,77,15,670570.0,2023-12-01,2023-12-01
9108,9108,9205,14,103,10,17892.0,2023-11-17,2023-11-17
9109,9109,9206,15,11,6,217391.0,29-09-2023,2023-09-29
9110,9110,9207,2,98,14,1055503.2,2024-10-25,2024-10-25
9111,9111,9208,1,91,4,512566.8,2024-06-14,2024-06-14
9112,9112,9209,3,74,10,865586.0,2023-12-29,2023-12-29
9113,9113,9210,9,15,2,55800.0,2024-03-20,2024-03-20
9114,9114,9211,2,40,1,13474.8,29-07-2023,2023-07-29
9115,9115,9212,29,119,1,3093.2,31-07-2024,2024-07-31
9116,9116,9213,21,60,15,1631266.0,2023-11-12,2023-11-12
9117,9117,9214,24,22,12,473434.0,2023-12-06,2023-12-06
9118,9118,9215,40,101,15,6951.0,2024-05-07,2024-05-07
9119,9119,9216,36,121,5,17547.45,03-12-2024,2024-03-12
9120,9120,9217,41,3,8,72194.0,2023-01-12,2023-01-12
9121,9121,9218,22,74,12,986767.85,2024-09-03,2024-09-03
9122,9122,9219,34,60,7,761258.0,2024-11-10,2024-11-10
9123,9123,9220,41,93,14,1336344.1,19-07-2024,2024-07-19
9124,9124,9221,29,80,2,258448.0,08-01-2023,2023-08-01
9125,9125,9222,34,41,11,110770.0,2023-10-12,2023-10-12
9126,9126,9223,26,130,15,62161.0,19-04-2023,2023-04-19
9127,9127,9224,47,21,7,61142.0,25-04-2024,2024-04-25
9128,9128,9225,33,149,2,2327.0,30-05-2024,2024-05-30
9129,9129,9226,7,67,5,428945.0,27-02-2023,2023-02-27
9130,9130,9227,9,88,4,183678.7,03-05-2023,2023-03-05
9131,9131,9228,47,15,7,195298.0,04-01-2023,2023-04-01
9132,9132,9229,17,50,3,32136.6,03-12-2023,2023-03-12
9133,9133,9230,36,23,14,148675.95,2023-12-10,2023-12-10
9134,9134,9231,36,105,8,2352.2,11-01-2023,2023-11-01
9135,9135,9232,30,21,11,96080.0,2023-05-04,2023-05-04
9136,9136,9233,2,71,8,1041392.0,2023-03-20,2023-03-20
9137,9137,9234,40,72,6,597988.0,17-01-2024,2024-01-17
9138,9138,9235,21,66,5,62858.0,19-03-2024,2024-03-19
9139,9139,9236,46,136,12,22497.9,2023-12-11,2023-12-11
9140,9140,9237,46,18,6,159435.0,26-01-2023,2023-01-26
9141,9141,9238,38,8,13,64794.0,17-05-2023,2023-05-17
9142,9142,9239,7,9,8,317644.0,2023-05-19,2023-05-19
9143,9143,9240,6,14,11,393922.0,16-07-2024,2024-07-16
9144,9144,9241,17,9,14,555877.0,08-06-2024,2024-08-06
9145,9145,9243,17,41,8,84800.0,2023-09-13,2023-09-13
9146,9146,9244,3,3,3,27073.0,13-07-2024,2024-07-13
9147,9147,9245,47,141,7,31799.35,15-05-2023,2023-05-15
9148,9148,9246,19,53,14,751450.0,25-07-2024,2024-07-25
9149,9149,9247,31,67,5,407497.75,2024-11-09,2024-11-09
9150,9150,9248,14,145,11,47848.0,03-08-2024,2024-03-08
9151,9151,9249,27,88,13,628374.0,2024-11-29,2024-11-29
9152,9152,9250,5,41,4,42400.0,2024-03-13,2024-03-13
9153,9153,9251,29,89,11,822186.05,2023-11-23,2023-11-23
9154,9154,9252,29,8,9,42614.15,2023-06-18,2023-06-18
9155,9155,9253,11,35,5,55028.0,13-01-2023,2023-01-13
9156,9156,9254,11,131,14,12815.5,2024-04-03,2024-04-03
9157,9157,9255,15,121,8,28076.3,2023-05-14,2023-05-14
9158,9158,9256,40,42,14,79705.0,2023-10-23,2023-10-23
9159,9159,9257,7,148,11,50008.95,17-10-2024,2024-10-17
9160,9160,9258,14,97,4,514273.0,2024-01-15,2024-01-15
9161,9161,9259,41,138,10,39738.5,02-12-2024,2024-02-12
9162,9162,9260,10,136,4,7894.0,13-04-2024,2024-04-13
9163,9163,9261,34,39,6,177797.0,18-02-2023,2023-02-18
9164,9164,9262,4,149,15,17454.0,2024-10-24,2024-10-24
9165,9165,9263,42,145,7,30449.0,18-02-2024,2024-02-18
9166,9166,9264,9,99,7,713323.65,2024-02-25,2024-02-25
9167,9167,9265,43,78,15,1735101.85,26-01-2023,2023-01-26
9168,9168,9266,20,88,13,628374.0,2023-05-24,2023-05-24
9169,9169,9267,31,8,9,44857.0,28-07-2023,2023-07-28
9170,9170,9268,21,1,6,198735.0,09-09-2024,2024-09-09
9171,9171,9269,1,108,3,10037.0,01-04-2023,2023-01-04
9172,9172,9270,28,131,12,11563.0,2023-10-31,2023-10-31
9173,9173,9271,11,44,13,140489.0,2024-01-06,2024-01-06
9174,9174,9272,42,70,10,343554.0,30-09-2024,2024-09-30
9175,9175,9273,40,56,10,408393.6,2023-03-12,2023-03-12
9176,9176,9274,11,120,7,21871.0,2023-01-13,2023-01-13
9177,9177,9275,37,131,6,5492.9,2024-09-06,2024-09-06
9178,9178,9276,33,129,11,35928.0,2023-04-13,2023-04-13
9179,9179,9277,15,81,9,1044369.2,2023-02-05,2023-02-05
9180,9180,9278,35,101,13,6024.0,19-04-2023,2023-04-19
9181,9181,9279,6,63,4,559831.0,2023-06-26,2023-06-26
9182,9182,9280,41,41,13,130910.0,2023-04-15,2023-04-15
9183,9183,9281,35,118,6,24596.45,17-09-2024,2024-09-17
9184,9184,9282,31,21,6,52407.0,2023-05-12,2023-05-12
9185,9185,9283,28,48,10,147364.0,10-11-2024,2024-10-11
9186,9186,9284,16,9,7,264041.1,15-02-2024,2024-02-15
9187,9187,9285,27,141,3,14345.0,2024-08-28,2024-08-28
9188,9188,9286,3,52,14,182264.15,2024-09-29,2024-09-29
9189,9189,9287,13,67,5,407497.75,2023-11-27,2023-11-27
9190,9190,9288,24,140,13,40750.0,2024-01-08,2024-01-08
9191,9191,9289,10,121,14,49134.0,10-04-2023,2023-10-04
9192,9192,9290,20,103,13,22096.05,26-01-2024,2024-01-26
9193,9193,9291,13,146,2,992.0,12-05-2023,2023-12-05
9194,9194,9292,31,96,3,201269.85,2024-05-28,2024-05-28
9195,9195,9293,27,122,7,9257.0,2023-12-09,2023-12-09
9196,9196,9294,41,56,1,40839.55,14-06-2023,2023-06-14
9197,9197,9295,42,28,14,199620.0,01-09-2023,2023-01-09
9198,9198,9296,28,85,6,219898.4,24-03-2023,2023-03-24
9199,9199,9297,36,60,13,1413764.0,2024-05-29,2024-05-29
9200,9200,9298,27,85,6,219898.4,03-07-2023,2023-03-07
9201,9201,9299,12,10,7,224231.0,2023-05-19,2023-05-19
9202,9202,9300,34,35,14,154077.0,12-07-2023,2023-12-07
9203,9203,9301,42,85,7,270051.0,22-09-2024,2024-09-22
9204,9204,9302,3,28,9,121910.65,2023-08-30,2023-08-30
9205,9205,9303,26,96,6,423725.0,2024-03-05,2024-03-05
9206,9206,9304,27,5,12,284028.0,31-07-2023,2023-07-31
9207,9207,9305,32,92,6,506468.75,05-04-2024,2024-05-04
9208,9208,9306,43,48,11,153995.0,26-09-2024,2024-09-26
9209,9209,9307,13,92,2,177708.0,2023-12-12,2023-12-12
9210,9210,9308,20,54,2,230916.5,2024-06-25,2024-06-25
9211,9211,9309,33,16,12,360072.0,2024-06-26,2024-06-26
9212,9212,9310,11,8,5,24921.0,2023-08-26,2023-08-26
9213,9213,9311,24,132,13,20319.0,20-01-2024,2024-01-20
9214,9214,9312,25,61,15,420279.0,12-06-2023,2023-12-06
9215,9215,9313,33,59,7,610163.0,2023-04-13,2023-04-13
9216,9216,9314,23,3,4,36097.0,2024-03-31,2024-03-31
9217,9217,9315,18,71,6,741991.8,2023-03-03,2023-03-03
9218,9218,9316,4,45,11,103493.95,2024-01-10,2024-01-10
9219,9219,9317,24,9,6,238233.0,2023-05-18,2023-05-18
9220,9220,9318,32,89,11,822186.05,2024-12-18,2024-12-18
9221,9221,9319,25,49,9,119378.0,2023-08-13,2023-08-13
9222,9222,9320,43,47,1,6123.0,18-03-2023,2023-03-18
9223,9223,9321,33,113,10,43950.0,01-09-2024,2024-01-09
9224,9224,9322,28,30,10,306355.05,28-03-2024,2024-03-28
9225,9225,9323,46,94,9,366758.0,2024-03-08,2024-03-08
9226,9226,9324,13,136,15,28121.9,2023-04-15,2023-04-15
9227,9227,9325,16,57,2,237581.0,2023-04-30,2023-04-30
9228,9228,9326,18,5,14,331366.0,04-07-2023,2023-04-07
9229,9229,9327,24,7,7,129799.45,13-09-2024,2024-09-13
9230,9230,9328,48,40,5,67374.0,2024-07-21,2024-07-21
9231,9231,9329,34,44,2,21614.0,2023-07-21,2023-07-21
9232,9232,9330,40,23,9,95577.6,2023-08-24,2023-08-24
9233,9233,9331,8,78,13,1582900.0,2024-03-27,2024-03-27
9234,9234,9332,19,35,5,52276.6,05-12-2024,2024-05-12
9235,9235,9333,4,110,13,32442.0,20-10-2023,2023-10-20
9236,9236,9334,42,57,7,789957.3,03-03-2024,2024-03-03
9237,9237,9335,37,61,4,106471.25,28-01-2023,2023-01-28
9238,9238,9336,36,67,6,514734.0,2023-12-22,2023-12-22
9239,9239,9337,38,92,3,266562.0,2023-07-11,2023-07-11
9240,9240,9338,15,115,11,9136.0,31-05-2024,2024-05-31
9241,9241,9339,6,118,10,40993.45,17-03-2024,2024-03-17
9242,9242,9340,49,56,4,163357.25,2023-08-13,2023-08-13
9243,9243,9341,1,51,5,320795.0,21-05-2024,2024-05-21
9244,9244,9342,16,25,12,138242.1,2023-09-30,2023-09-30
9245,9245,9343,31,49,14,176415.0,2023-04-03,2023-04-03
9246,9246,9344,36,93,9,859078.35,18-11-2023,2023-11-18
9247,9247,9345,3,113,2,8790.0,10-10-2023,2023-10-10
9248,9248,9346,17,124,3,10744.5,2023-11-10,2023-11-10
9249,9249,9347,3,122,4,5290.0,2023-07-07,2023-07-07
9250,9250,9348,18,79,1,66147.0,26-06-2023,2023-06-26
9251,9251,9349,37,48,11,153995.0,09-11-2024,2024-09-11
9252,9252,9350,26,142,15,11776.2,2024-07-15,2024-07-15
9253,9253,9351,42,34,9,42045.1,2024-11-27,2024-11-27
9254,9254,9352,37,145,12,49588.1,06-04-2024,2024-06-04
9255,9255,9353,48,126,8,21416.0,27-03-2023,2023-03-27
9256,9256,9354,3,21,15,131018.0,29-11-2024,2024-11-29
9257,9257,9355,12,121,7,24567.0,28-08-2023,2023-08-28
9258,9258,9356,21,49,7,88207.5,04-10-2024,2024-04-10
9259,9259,9357,3,74,6,493383.45,2024-10-18,2024-10-18
9260,9260,9358,36,121,13,48026.0,2023-01-28,2023-01-28
9261,9261,9359,18,66,9,113145.0,2024-04-10,2024-04-10
9262,9262,9360,11,137,13,41810.45,12-11-2024,2024-12-11
9263,9263,9361,22,30,4,122541.45,21-11-2024,2024-11-21
9264,9264,9362,30,28,5,67728.35,08-06-2024,2024-08-06
9265,9265,9363,47,2,11,153980.0,22-03-2023,2023-03-22
9266,9266,9364,23,28,10,135456.7,2024-12-12,2024-12-12
9267,9267,9365,44,106,10,41656.55,2024-09-03,2024-09-03
9268,9268,9366,17,8,15,71023.9,20-07-2023,2023-07-20
9269,9269,9367,14,79,12,793762.0,2024-03-21,2024-03-21
9270,9270,9368,5,4,9,30437.0,10-04-2023,2023-10-04
9271,9271,9369,32,116,9,22021.0,22-09-2023,2023-09-22
9272,9272,9370,11,20,3,87875.0,2023-05-12,2023-05-12
9273,9273,9371,35,42,9,51239.2,2024-04-03,2024-04-03
9274,9274,9372,7,33,2,13432.0,2024-01-04,2024-01-04
9275,9275,9373,4,4,5,16063.55,2023-07-26,2023-07-26
9276,9276,9374,12,28,11,156844.0,08-11-2024,2024-08-11
9277,9277,9375,31,76,12,1689460.05,2023-04-25,2023-04-25
9278,9278,9376,9,32,12,150030.0,21-03-2024,2024-03-21
9279,9279,9377,16,18,9,227194.4,2023-01-06,2023-01-06
9280,9280,9378,47,62,5,485554.5,2023-01-20,2023-01-20
9281,9281,9379,43,5,4,94676.0,28-08-2024,2024-08-28
9282,9282,9380,37,147,2,6060.0,2023-01-31,2023-01-31
9283,9283,9381,7,7,1,19519.0,2023-04-05,2023-04-05
9284,9284,9382,16,132,11,16333.35,2024-05-01,2024-05-01
9285,9285,9383,49,108,11,36801.0,01-11-2024,2024-01-11
9286,9286,9384,1,1,15,496838.0,2024-02-15,2024-02-15
9287,9287,9385,44,31,2,15737.7,2024-08-15,2024-08-15
9288,9288,9386,23,139,10,14249.0,2024-11-09,2024-11-09
9289,9289,9387,20,123,15,41656.0,19-03-2024,2024-03-19
9290,9290,9388,34,35,8,88044.0,17-08-2024,2024-08-17
9291,9291,9389,1,14,14,501355.0,2023-09-23,2023-09-23
9292,9292,9390,35,102,8,6323.2,10-05-2023,2023-10-05
9293,9293,9391,33,131,3,2891.0,2023-09-29,2023-09-29
9294,9294,9392,31,104,7,24691.45,2024-12-22,2024-12-22
9295,9295,9393,28,150,4,6583.0,2024-11-16,2024-11-16
9296,9296,9394,11,141,2,9564.0,21-05-2024,2024-05-21
9297,9297,9395,47,136,12,22497.9,28-08-2023,2023-08-28
9298,9298,9396,48,3,4,36097.0,16-11-2023,2023-11-16
9299,9299,9397,35,98,14,1111056.0,02-04-2023,2023-02-04
9300,9300,9398,37,39,6,177797.0,07-06-2023,2023-07-06
9301,9301,9399,40,128,10,44181.65,09-08-2023,2023-09-08
9302,9302,9400,43,41,1,10070.0,2023-12-06,2023-12-06
9303,9303,9401,24,101,10,4402.3,2024-07-23,2024-07-23
9304,9304,9402,35,21,7,61142.0,06-10-2024,2024-06-10
9305,9305,9403,1,24,5,110352.95,2023-12-17,2023-12-17
9306,9306,9404,49,8,1,4734.8,2023-11-03,2023-11-03
9307,9307,9405,22,95,15,1047121.0,2024-10-15,2024-10-15
9308,9308,9406,40,21,6,52407.0,2023-09-16,2023-09-16
9309,9309,9407,6,138,7,27816.95,2023-11-05,2023-11-05
9310,9310,9408,22,119,12,39070.0,13-11-2024,2024-11-13
9311,9311,9409,3,47,1,6123.0,21-08-2023,2023-08-21
9312,9312,9410,41,80,10,1227626.1,16-12-2024,2024-12-16
9313,9313,9411,12,14,12,429733.0,2024-10-19,2024-10-19
9314,9314,9412,48,130,12,47242.55,07-11-2024,2024-07-11
9315,9315,9413,31,20,5,154167.0,2023-12-23,2023-12-23
9316,9316,9414,1,98,3,226178.85,2023-11-21,2023-11-21
9317,9317,9415,35,119,14,43301.95,2024-03-14,2024-03-14
9318,9318,9416,7,83,11,1408700.85,04-08-2023,2023-04-08
9319,9319,9417,28,134,12,53780.45,14-07-2024,2024-07-14
9320,9320,9418,14,137,5,16927.0,2024-01-29,2024-01-29
9321,9321,9419,44,130,8,33153.0,07-05-2024,2024-07-05
9322,9322,9420,3,144,6,13285.0,2023-12-08,2023-12-08
9323,9323,9421,8,93,15,1431797.25,17-05-2023,2023-05-17
9324,9324,9422,21,14,11,393922.0,2023-11-07,2023-11-07
9325,9325,9423,21,75,15,491526.0,2024-10-23,2024-10-23
9326,9326,9424,4,101,5,2317.0,19-01-2023,2023-01-19
9327,9327,9425,33,24,6,139393.0,15-10-2023,2023-10-15
9328,9328,9426,19,84,15,651358.0,2024-10-01,2024-10-01
9329,9329,9427,20,66,9,113145.0,20-09-2024,2024-09-20
9330,9330,9428,18,19,5,82162.0,01-02-2024,2024-01-02
9331,9331,9429,13,81,5,610742.0,2024-04-21,2024-04-21
9332,9332,9430,18,73,6,816012.0,2023-02-19,2023-02-19
9333,9333,9431,35,22,2,74960.7,2024-09-13,2024-09-13
9334,9334,9432,10,39,14,414860.0,24-08-2023,2023-08-24
9335,9335,9433,46,6,2,23640.0,24-07-2024,2024-07-24
9336,9336,9434,37,137,2,6432.45,13-11-2024,2024-11-13
9337,9337,9435,21,69,14,633710.0,2023-12-25,2023-12-25
9338,9338,9436,39,57,2,225701.95,08-03-2024,2024-08-03
9339,9339,9437,45,18,6,159435.0,2023-08-05,2023-08-05
9340,9340,9439,42,50,13,139258.6,10-12-2023,2023-10-12
9341,9341,9440,4,45,14,138652.0,01-12-2023,2023-01-12
9342,9342,9441,21,8,15,71023.9,08-10-2023,2023-08-10
9343,9343,9442,12,91,1,128141.7,19-12-2023,2023-12-19
9344,9344,9443,13,59,12,1045994.0,11-12-2024,2024-11-12
9345,9345,9444,8,103,13,22096.05,03-03-2023,2023-03-03
9346,9346,9445,32,145,8,34799.0,26-03-2024,2024-03-26
9347,9347,9446,30,115,7,5523.3,2023-09-09,2023-09-09
9348,9348,9447,47,80,11,1350388.9,2023-09-13,2023-09-13
9349,9349,9448,38,37,6,36406.0,08-07-2023,2023-08-07
9350,9350,9449,36,118,5,21576.0,2023-07-07,2023-07-07
9351,9351,9450,32,143,6,25288.05,18-06-2023,2023-06-18
9352,9352,9451,39,120,7,21871.0,2024-06-08,2024-06-08
9353,9353,9452,43,88,7,338355.0,27-05-2023,2023-05-27
9354,9354,9453,37,139,9,12182.8,02-04-2023,2023-02-04
9355,9355,9454,38,37,4,23057.45,21-12-2023,2023-12-21
9356,9356,9455,21,141,5,23909.0,21-04-2023,2023-04-21
9357,9357,9456,20,30,1,32248.0,16-07-2024,2024-07-16
9358,9358,9457,39,97,8,1082681.0,2024-11-24,2024-11-24
9359,9359,9458,29,23,14,156501.0,18-05-2024,2024-05-18
9360,9360,9459,32,44,12,123197.9,19-10-2024,2024-10-19
9361,9361,9460,39,136,1,1974.0,2023-10-18,2023-10-18
9362,9362,9461,47,64,10,1059303.2,2023-09-04,2023-09-04
9363,9363,9462,44,1,6,188798.25,27-06-2024,2024-06-27
9364,9364,9463,15,41,6,60420.0,02-05-2024,2024-02-05
9365,9365,9464,20,54,12,1385497.1,27-05-2024,2024-05-27
9366,9366,9465,22,131,12,10984.85,12-02-2024,2024-12-02
9367,9367,9466,29,31,15,124247.0,2023-05-08,2023-05-08
9368,9368,9467,42,100,5,496850.95,2023-02-14,2023-02-14
9369,9369,9468,11,95,2,139616.0,20-10-2023,2023-10-20
9370,9370,9469,49,123,11,30548.0,2024-04-12,2024-04-12
9371,9371,9470,36,44,4,41065.65,2024-08-27,2024-08-27
9372,9372,9471,22,114,5,3796.2,2024-08-21,2024-08-21
9373,9373,9473,36,19,9,140496.45,2024-06-23,2024-06-23
9374,9374,9474,19,42,11,62624.95,2023-09-02,2023-09-02
9375,9375,9475,46,131,5,4818.0,2024-04-26,2024-04-26
9376,9376,9476,29,38,9,238150.0,03-08-2023,2023-03-08
9377,9377,9477,29,52,15,195283.9,2023-07-18,2023-07-18
9378,9378,9478,8,60,6,652507.0,2024-09-14,2024-09-14
9379,9379,9479,14,114,2,1519.05,2023-03-06,2023-03-06
9380,9380,9480,12,91,15,2023290.0,16-08-2023,2023-08-16
9381,9381,9481,40,65,14,357808.0,2024-08-15,2024-08-15
9382,9382,9482,35,50,9,101484.0,2023-10-05,2023-10-05
9383,9383,9483,25,150,12,19748.0,2024-10-25,2024-10-25
9384,9384,9484,36,23,3,31859.2,17-05-2024,2024-05-17
9385,9385,9485,40,33,11,73873.0,2023-12-14,2023-12-14
9386,9386,9486,37,14,12,429733.0,2023-08-03,2023-08-03
9387,9387,9487,13,86,6,533082.05,2023-12-25,2023-12-25
9388,9388,9488,47,85,13,501523.0,2023-02-02,2023-02-02
9389,9389,9489,20,150,4,6583.0,2023-12-08,2023-12-08
9390,9390,9490,15,131,2,1830.65,28-05-2024,2024-05-28
9391,9391,9491,40,66,1,12572.0,2023-10-16,2023-10-16
9392,9392,9492,42,118,11,47466.0,2024-12-05,2024-12-05
9393,9393,9493,16,102,3,2371.2,2023-08-08,2023-08-08
9394,9394,9494,25,103,1,1699.55,2023-03-27,2023-03-27
9395,9395,9495,42,108,1,3346.0,07-10-2024,2024-07-10
9396,9396,9496,42,2,14,195974.0,2024-01-22,2024-01-22
9397,9397,9497,14,43,6,210581.0,2023-01-10,2023-01-10
9398,9398,9498,40,118,11,45092.7,20-05-2024,2024-05-20
9399,9399,9499,13,40,2,26949.6,2023-10-04,2023-10-04
9400,9400,9500,46,125,10,32319.95,2024-09-06,2024-09-06
9401,9401,9501,21,21,15,131018.0,2023-11-30,2023-11-30
9402,9402,9502,30,30,15,483718.0,2023-04-22,2023-04-22
9403,9403,9503,18,135,8,13156.0,12-06-2023,2023-12-06
9404,9404,9504,33,56,2,81679.1,16-02-2024,2024-02-16
9405,9405,9505,15,31,7,57982.0,2023-05-03,2023-05-03
9406,9406,9506,40,143,12,53237.0,2024-09-05,2024-09-05
9407,9407,9507,15,102,6,4742.4,18-08-2023,2023-08-18
9408,9408,9508,10,18,14,372014.0,2023-01-24,2023-01-24
9409,9409,9509,42,140,10,29778.7,03-08-2024,2024-03-08
9410,9410,9510,11,19,15,246485.0,26-12-2023,2023-12-26
9411,9411,9511,49,132,13,20319.0,2023-03-13,2023-03-13
9412,9412,9512,34,8,6,29905.0,2023-08-24,2023-08-24
9413,9413,9513,23,132,2,2969.7,2024-04-04,2024-04-04
9414,9414,9514,23,76,3,444595.0,2024-09-29,2024-09-29
9415,9415,9515,10,29,5,182552.0,2023-06-24,2023-06-24
9416,9416,9516,26,143,11,46360.95,26-07-2023,2023-07-26
9417,9417,9517,37,85,7,270051.0,2023-06-10,2023-06-10
9418,9418,9518,47,49,7,92850.0,2023-12-21,2023-12-21
9419,9419,9519,24,121,8,29554.0,27-04-2023,2023-04-27
9420,9420,9520,26,107,13,18690.3,2024-07-08,2024-07-08
9421,9421,9521,45,139,10,13536.55,2024-06-08,2024-06-08
9422,9422,9522,23,76,3,444595.0,2024-06-08,2024-06-08
9423,9423,9523,30,139,3,4275.0,2024-08-18,2024-08-18
9424,9424,9524,1,68,1,63552.15,2024-12-21,2024-12-21
9425,9425,9525,40,48,2,29473.0,28-08-2024,2024-08-28
9426,9426,9526,37,54,15,1731870.9,27-02-2023,2023-02-27
9427,9427,9527,17,52,7,95929.0,2024-05-17,2024-05-17
9428,9428,9528,27,123,1,2777.0,2023-12-11,2023-12-11
9429,9429,9529,30,9,14,555877.0,11-08-2023,2023-11-08
9430,9430,9530,18,42,15,89893.0,20-01-2024,2024-01-20
9431,9431,9531,22,65,1,24280.1,2023-03-11,2023-03-11
9432,9432,9532,27,56,8,343910.0,2023-10-23,2023-10-23
9433,9433,9533,19,139,12,17099.0,2023-05-05,2023-05-05
9434,9434,9534,21,81,7,812287.05,20-03-2024,2024-03-20
9435,9435,9535,9,99,5,509516.35,15-10-2023,2023-10-15
9436,9436,9536,16,41,10,100700.0,07-02-2023,2023-07-02
9437,9437,9537,15,62,1,97110.9,2024-01-01,2024-01-01
9438,9438,9538,11,70,13,446621.0,26-10-2024,2024-10-26
9439,9439,9539,20,66,5,59715.1,2023-11-17,2023-11-17
9440,9440,9540,31,6,8,94562.0,18-04-2023,2023-04-18
9441,9441,9541,34,43,7,233394.1,2024-01-15,2024-01-15
9442,9442,9542,43,76,3,444595.0,2023-11-01,2023-11-01
9443,9443,9543,22,131,15,14454.0,2024-02-20,2024-02-20
9444,9444,9544,6,33,14,89319.95,19-07-2023,2023-07-19
9445,9445,9545,25,62,2,204444.0,01-02-2024,2024-01-02
9446,9446,9546,43,143,9,37931.6,09-09-2023,2023-09-09
9447,9447,9547,26,137,11,35378.0,13-05-2024,2024-05-13
9448,9448,9548,44,33,5,31900.05,16-11-2024,2024-11-16
9449,9449,9549,7,149,6,6632.9,2023-07-16,2023-07-16
9450,9450,9550,37,108,4,13382.0,2024-01-05,2024-01-05
9451,9451,9551,45,133,9,16182.3,2024-08-11,2024-08-11
9452,9452,9552,16,55,13,1358342.3,2023-12-24,2023-12-24
9453,9453,9553,22,89,11,865459.0,29-03-2024,2024-03-29
9454,9454,9554,14,117,6,23387.1,04-10-2024,2024-04-10
9455,9455,9555,17,110,6,14973.0,2023-01-07,2023-01-07
9456,9456,9556,15,34,5,24588.0,2023-12-26,2023-12-26
9457,9457,9557,48,20,2,61667.0,31-05-2023,2023-05-31
9458,9458,9558,30,143,6,25288.05,2023-05-26,2023-05-26
9459,9459,9559,29,137,2,6432.45,2023-05-25,2023-05-25
9460,9460,9560,26,68,14,936559.0,19-03-2024,2024-03-19
9461,9461,9561,44,9,12,452642.7,16-06-2023,2023-06-16
9462,9462,9562,2,18,7,186007.0,01-02-2023,2023-01-02
9463,9463,9563,16,137,5,16927.0,30-07-2024,2024-07-30
9464,9464,9564,34,141,14,63597.75,2023-08-22,2023-08-22
9465,9465,9565,41,37,13,78880.0,2024-01-24,2024-01-24
9466,9466,9566,27,30,12,386974.0,2023-08-22,2023-08-22
9467,9467,9567,46,140,14,41689.8,2024-11-04,2024-11-04
9468,9468,9568,35,99,4,429067.0,10-06-2023,2023-10-06
9469,9469,9569,11,114,4,3037.15,11-04-2024,2024-11-04
9470,9470,9570,42,11,14,507247.0,07-06-2023,2023-07-06
9471,9471,9571,10,48,13,181994.35,2024-11-27,2024-11-27
9472,9472,9572,14,122,2,2512.75,2024-01-26,2024-01-26
9473,9473,9573,23,63,3,398879.35,2023-05-25,2023-05-25
9474,9474,9575,7,94,2,81502.0,08-05-2024,2024-08-05
9475,9475,9576,23,138,2,8366.0,06-02-2023,2023-06-02
9476,9476,9577,19,93,15,1431797.25,02-02-2024,2024-02-02
9477,9477,9578,49,12,5,12949.45,2023-09-05,2023-09-05
9478,9478,9579,6,34,2,9343.25,2024-01-08,2024-01-08
9479,9479,9580,35,137,14,45027.15,2024-07-22,2024-07-22
9480,9480,9581,25,2,15,199473.4,04-01-2023,2023-04-01
9481,9481,9582,31,88,6,275518.05,26-09-2024,2024-09-26
9482,9482,9583,23,35,3,33017.0,06-09-2024,2024-06-09
9483,9483,9584,17,60,8,826508.55,2024-04-03,2024-04-03
9484,9484,9585,17,25,1,11519.7,27-03-2023,2023-03-27
9485,9485,9586,16,19,1,16432.0,2024-08-18,2024-08-18
9486,9486,9587,2,58,5,544123.0,2023-03-06,2023-03-06
9487,9487,9588,26,82,4,196209.2,02-05-2023,2023-02-05
9488,9488,9589,5,71,1,130174.0,2023-03-29,2023-03-29
9489,9489,9590,7,121,10,35095.85,2023-08-10,2023-08-10
9490,9490,9591,44,130,15,59052.95,2023-03-03,2023-03-03
9491,9491,9592,38,69,7,301012.25,04-07-2023,2023-04-07
9492,9492,9593,47,70,2,65275.45,03-09-2024,2024-03-09
9493,9493,9594,44,39,6,168907.15,2023-04-22,2023-04-22
9494,9494,9595,43,106,9,39464.0,27-07-2023,2023-07-27
9495,9495,9596,37,62,9,873998.1,2024-12-14,2024-12-14
9496,9496,9597,33,23,7,78250.0,2024-03-10,2024-03-10
9497,9497,9598,19,82,11,539575.3,2024-11-21,2024-11-21
9498,9498,9599,2,59,14,1159309.7,27-06-2024,2024-06-27
9499,9499,9600,27,52,12,156226.55,09-02-2024,2024-09-02
9500,9500,9601,9,85,9,347208.0,17-12-2024,2024-12-17
9501,9501,9602,49,26,1,17283.0,20-03-2023,2023-03-20
9502,9502,9603,34,138,13,54380.0,28-11-2023,2023-11-28
9503,9503,9604,26,28,11,149001.8,28-11-2023,2023-11-28
9504,9504,9605,22,122,13,17192.0,2024-04-22,2024-04-22
9505,9505,9606,4,100,12,1192442.85,2023-03-11,2023-03-11
9506,9506,9607,15,2,11,153980.0,2023-01-11,2023-01-11
9507,9507,9608,17,47,15,87251.8,27-02-2023,2023-02-27
9508,9508,9609,19,54,13,1500955.35,16-05-2023,2023-05-16
9509,9509,9610,34,61,10,266176.7,01-04-2024,2024-01-04
9510,9510,9611,7,23,8,89429.0,2024-04-15,2024-04-15
9511,9511,9612,22,46,12,56814.75,01-04-2024,2024-01-04
9512,9512,9613,19,61,6,168112.0,30-01-2024,2024-01-30
9513,9513,9614,23,135,2,3289.0,11-10-2024,2024-11-10
9514,9514,9615,29,59,15,1242117.4,06-09-2023,2023-06-09
9515,9515,9616,44,56,10,408393.6,2023-01-08,2023-01-08
9516,9516,9617,42,110,12,29946.0,2023-04-10,2023-04-10
9517,9517,9618,2,115,14,11046.6,30-08-2023,2023-08-30
9518,9518,9619,22,31,1,8283.0,2023-07-19,2023-07-19
9519,9519,9620,1,5,12,284028.0,2023-04-10,2023-04-10
9520,9520,9621,11,144,12,25241.5,2024-09-14,2024-09-14
9521,9521,9622,33,100,4,418401.0,2024-08-08,2024-08-08
9522,9522,9623,41,71,13,1692263.0,2024-08-05,2024-08-05
9523,9523,9624,42,81,12,1465782.0,2024-07-24,2024-07-24
9524,9524,9625,5,74,15,1298378.0,2024-07-22,2024-07-22
9525,9525,9626,42,53,13,697775.0,2024-04-28,2024-04-28
9526,9526,9627,8,132,13,20319.0,02-11-2024,2024-02-11
9527,9527,9628,38,115,9,7475.0,2023-12-24,2023-12-24
9528,9528,9629,24,47,10,58168.5,2023-04-26,2023-04-26
9529,9529,9630,2,98,13,1031695.0,2024-12-08,2024-12-08
9530,9530,9631,13,144,10,22141.0,2024-06-28,2024-06-28
9531,9531,9632,28,27,2,31371.85,12-02-2023,2023-12-02
9532,9532,9633,25,3,2,18048.0,2024-02-13,2024-02-13
9533,9533,9634,15,37,6,34585.7,2024-07-10,2024-07-10
9534,9534,9635,7,67,10,814995.5,18-05-2023,2023-05-18
9535,9535,9636,32,1,5,157332.35,10-09-2023,2023-10-09
9536,9536,9637,42,90,9,711876.0,30-07-2024,2024-07-30
9537,9537,9638,17,141,2,9085.8,2024-03-26,2024-03-26
9538,9538,9639,43,118,11,47466.0,2023-03-08,2023-03-08
9539,9539,9640,29,149,11,12160.0,29-05-2024,2024-05-29
9540,9540,9641,1,118,9,36894.2,21-08-2024,2024-08-21
9541,9541,9642,31,122,10,13225.0,2023-03-06,2023-03-06
9542,9542,9643,22,65,14,357808.0,02-01-2023,2023-02-01
9543,9543,9644,18,145,11,45455.6,07-10-2024,2024-07-10
9544,9544,9645,38,107,3,4313.0,24-05-2023,2023-05-24
9545,9545,9646,5,121,7,24567.0,2023-03-20,2023-03-20
9546,9546,9647,28,116,8,20604.0,2024-07-19,2024-07-19
9547,9547,9648,21,149,10,11636.0,27-10-2023,2023-10-27
9548,9548,9649,33,75,7,229379.0,16-07-2023,2023-07-16
9549,9549,9650,12,116,4,9786.9,26-02-2024,2024-02-26
9550,9550,9651,15,143,5,21072.9,2024-07-30,2024-07-30
9551,9551,9652,6,113,6,25051.5,07-01-2023,2023-07-01
9552,9552,9653,40,117,15,58467.75,18-12-2024,2024-12-18
9553,9553,9654,4,67,11,896496.0,10-04-2024,2024-10-04
9554,9554,9655,1,72,10,946813.7,18-03-2023,2023-03-18
9555,9555,9656,7,112,3,6215.85,20-01-2023,2023-01-20
9556,9556,9657,38,32,9,112522.0,2024-01-07,2024-01-07
9557,9557,9658,27,99,11,1179933.0,2023-07-20,2023-07-20
9558,9558,9659,42,80,8,982101.45,16-02-2023,2023-02-16
9559,9559,9660,48,76,8,1126306.7,2024-03-08,2024-03-08
9560,9560,9661,47,122,6,7538.25,06-03-2024,2024-06-03
9561,9561,9662,18,23,3,33536.0,22-02-2023,2023-02-22
9562,9562,9663,43,69,12,543180.0,12-01-2023,2023-12-01
9563,9563,9664,17,59,2,165615.4,19-10-2024,2024-10-19
9564,9564,9665,40,129,4,13065.0,18-01-2023,2023-01-18
9565,9565,9666,40,67,15,1222494.2,2024-03-24,2024-03-24
9566,9566,9667,40,135,1,1562.75,19-04-2024,2024-04-19
9567,9567,9668,18,59,11,958828.0,02-11-2024,2024-02-11
9568,9568,9669,8,41,7,74200.0,05-08-2024,2024-05-08
9569,9569,9670,9,94,10,407508.0,2024-03-28,2024-03-28
9570,9570,9671,1,135,7,10936.4,22-05-2024,2024-05-22
9571,9571,9672,30,70,15,489564.45,2024-04-11,2024-04-11
9572,9572,9673,9,82,10,490523.0,16-08-2024,2024-08-16
9573,9573,9674,36,3,11,94302.7,18-07-2024,2024-07-18
9574,9574,9675,8,98,6,476167.0,2024-12-10,2024-12-10
9575,9575,9677,12,56,11,472876.0,30-04-2024,2024-04-30
9576,9576,9678,23,137,15,48242.9,2024-01-14,2024-01-14
9577,9577,9679,20,38,3,75413.85,11-11-2023,2023-11-11
9578,9578,9680,19,79,15,992203.0,2023-12-20,2023-12-20
9579,9579,9681,46,94,2,77426.9,16-10-2023,2023-10-16
9580,9580,9682,31,28,8,108364.6,23-06-2023,2023-06-23
9581,9581,9683,23,8,15,71023.9,2024-01-09,2024-01-09
9582,9582,9684,16,67,14,1201047.0,2023-03-08,2023-03-08
9583,9583,9685,48,79,9,595322.0,20-05-2023,2023-05-20
9584,9584,9686,2,11,11,398551.0,20-03-2023,2023-03-20
9585,9585,9687,3,66,5,62858.0,2024-02-13,2024-02-13
9586,9586,9688,26,23,2,21239.15,2024-08-19,2024-08-19
9587,9587,9690,44,59,4,348665.0,2023-03-20,2023-03-20
9588,9588,9691,42,51,15,962385.0,2023-02-17,2023-02-17
9589,9589,9692,30,138,6,25098.0,22-09-2023,2023-09-22
9590,9590,9693,29,52,13,169245.35,2024-11-22,2024-11-22
9591,9591,9694,27,14,2,71622.0,2024-04-05,2024-04-05
9592,9592,9695,48,133,9,17034.0,2023-12-31,2023-12-31
9593,9593,9696,34,118,12,51781.0,2023-10-20,2023-10-20
9594,9594,9697,46,16,7,199539.9,2024-07-13,2024-07-13
9595,9595,9698,8,43,1,33342.15,2023-07-17,2023-07-17
9596,9596,9699,18,33,3,20147.0,29-12-2024,2024-12-29
9597,9597,9700,11,76,10,1407882.9,2023-11-13,2023-11-13
9598,9598,9701,16,26,13,213446.95,2024-03-30,2024-03-30
9599,9599,9702,14,30,5,153177.05,06-12-2024,2024-06-12
9600,9600,9704,6,128,13,60459.0,2024-10-07,2024-10-07
9601,9601,9705,34,51,4,243804.2,28-06-2024,2024-06-28
9602,9602,9706,29,76,3,444595.0,24-07-2023,2023-07-24
9603,9603,9707,19,34,14,65402.75,09-11-2023,2023-09-11
9604,9604,9708,43,52,1,13018.8,25-04-2023,2023-04-25
9605,9605,9709,32,42,12,68318.3,30-05-2023,2023-05-30
9606,9606,9710,15,80,14,1809134.0,21-11-2023,2023-11-21
9607,9607,9711,46,111,8,32567.9,2024-04-18,2024-04-18
9608,9608,9712,45,128,11,48600.1,2023-09-26,2023-09-26
9609,9609,9713,5,10,13,416430.0,2024-08-28,2024-08-28
9610,9610,9714,29,38,2,50275.9,2024-12-20,2024-12-20
9611,9611,9715,33,132,4,5939.4,2024-07-27,2024-07-27
9612,9612,9716,33,82,5,245261.5,2024-02-05,2024-02-05
9613,9613,9717,28,46,14,69773.0,28-06-2023,2023-06-28
9614,9614,9718,19,12,1,2589.7,2023-08-18,2023-08-18
9615,9615,9719,4,59,3,248423.1,2023-11-21,2023-11-21
9616,9616,9720,15,4,1,3212.9,30-12-2023,2023-12-30
9617,9617,9721,14,27,8,125487.4,2024-03-30,2024-03-30
9618,9618,9722,39,126,7,18739.0,2024-03-20,2024-03-20
9619,9619,9723,33,17,12,160041.75,12-10-2023,2023-12-10
9620,9620,9724,5,148,1,4546.7,2023-06-09,2023-06-09
9621,9621,9725,42,45,1,9408.8,2023-03-28,2023-03-28
9622,9622,9726,35,129,6,18617.15,2024-07-08,2024-07-08
9623,9623,9727,22,76,15,2222973.0,2024-07-08,2024-07-08
9624,9624,9728,18,92,8,710833.0,31-01-2024,2024-01-31
9625,9625,9729,41,66,5,59715.1,2023-05-08,2023-05-08
9626,9626,9730,40,54,2,230916.5,2023-06-17,2023-06-17
9627,9627,9731,49,50,6,67656.0,2024-11-08,2024-11-08
9628,9628,9732,25,26,15,259248.0,13-09-2023,2023-09-13
9629,9629,9733,9,88,7,338355.0,14-11-2023,2023-11-14
9630,9630,9734,15,41,12,120840.0,2024-10-09,2024-10-09
9631,9631,9735,20,34,4,18686.5,2024-10-09,2024-10-09
9632,9632,9736,23,77,13,552102.95,2024-11-24,2024-11-24
9633,9633,9737,35,147,1,3030.0,2024-05-01,2024-05-01
9634,9634,9738,33,33,13,82939.75,08-07-2024,2024-08-07
9635,9635,9739,17,26,8,131351.75,26-07-2024,2024-07-26
9636,9636,9740,46,6,10,112291.9,2024-12-15,2024-12-15
9637,9637,9741,25,121,6,22166.0,2024-08-26,2024-08-26
9638,9638,9742,48,53,6,322050.0,24-03-2024,2024-03-24
9639,9639,9743,48,121,5,17547.45,2024-07-22,2024-07-22
9640,9640,9744,10,80,13,1679910.0,2024-08-24,2024-08-24
9641,9641,9745,4,32,7,87517.0,20-12-2024,2024-12-20
9642,9642,9746,22,80,12,1550686.0,2023-01-25,2023-01-25
9643,9643,9747,33,34,1,4918.0,2023-06-05,2023-06-05
9644,9644,9748,31,8,2,9469.6,2023-11-26,2023-11-26
9645,9645,9749,1,17,10,140388.0,2024-06-16,2024-06-16
9646,9646,9750,21,109,12,7472.0,14-02-2023,2023-02-14
9647,9647,9751,37,51,6,384954.0,2023-04-28,2023-04-28
9648,9648,9752,35,79,5,330734.0,28-01-2024,2024-01-28
9649,9649,9753,40,125,14,45247.55,21-07-2024,2024-07-21
9650,9650,9754,30,5,14,331366.0,22-09-2023,2023-09-22
9651,9651,9755,34,23,1,10620.05,11-11-2024,2024-11-11
9652,9652,9756,32,84,7,288768.65,19-09-2024,2024-09-19
9653,9653,9757,16,30,13,398260.9,02-11-2023,2023-02-11
9654,9654,9758,3,32,5,62512.0,11-12-2024,2024-11-12
9655,9655,9759,22,105,15,4643.0,14-07-2023,2023-07-14
9656,9656,9760,41,147,3,8635.5,27-01-2024,2024-01-27
9657,9657,9761,25,16,10,285057.0,16-11-2023,2023-11-16
9658,9658,9762,7,1,13,409063.35,17-11-2023,2023-11-17
9659,9659,9763,9,26,8,138265.0,2023-12-29,2023-12-29
9660,9660,9764,15,46,3,14951.0,2023-10-18,2023-10-18
9661,9661,9765,26,73,4,544008.0,2024-12-30,2024-12-30
9662,9662,9766,8,59,9,745270.25,2023-03-31,2023-03-31
9663,9663,9767,49,126,9,22889.3,2023-12-15,2023-12-15
9664,9664,9768,48,65,3,72839.35,2023-05-10,2023-05-10
9665,9665,9769,34,112,8,17448.0,2023-06-30,2023-06-30
9666,9666,9770,24,77,3,127408.3,07-04-2023,2023-07-04
9667,9667,9771,17,11,1,36232.0,16-08-2023,2023-08-16
9668,9668,9772,15,65,3,76673.0,2024-07-03,2024-07-03
9669,9669,9773,32,46,1,4734.8,2024-08-22,2024-08-22
9670,9670,9774,17,67,13,1059495.1,30-04-2023,2023-04-30
9671,9671,9775,37,18,1,25243.4,09-08-2023,2023-09-08
9672,9672,9776,37,94,5,203754.0,14-11-2024,2024-11-14
9673,9673,9777,38,122,10,13225.0,04-02-2024,2024-04-02
9674,9674,9778,46,103,13,23259.0,2024-01-21,2024-01-21
9675,9675,9779,41,130,6,23621.75,25-02-2024,2024-02-25
9676,9676,9780,21,115,5,3945.35,22-02-2024,2024-02-22
9677,9677,9781,42,59,8,697329.0,2024-04-22,2024-04-22
9678,9678,9782,48,79,6,377036.95,2023-04-01,2023-04-01
9679,9679,9783,5,2,12,159579.1,2023-09-20,2023-09-20
9680,9680,9784,2,13,9,66237.8,2024-07-05,2024-07-05
9681,9681,9785,37,50,15,160683.0,2023-05-01,2023-05-01
9682,9682,9786,8,50,14,149970.8,2023-01-05,2023-01-05
9683,9683,9787,11,105,4,1238.0,2023-10-06,2023-10-06
9684,9684,9788,49,47,6,34901.1,2024-05-21,2024-05-21
9685,9685,9789,2,86,14,1243857.8,2024-09-30,2024-09-30
9686,9686,9790,8,49,12,159171.0,2024-10-23,2024-10-23
9687,9687,9791,9,23,11,116816.75,24-06-2023,2023-06-24
9688,9688,9792,41,12,8,21809.0,2023-01-05,2023-01-05
9689,9689,9793,3,67,5,407497.75,28-08-2024,2024-08-28
9690,9690,9794,40,124,11,39395.55,2024-01-05,2024-01-05
9691,9691,9795,10,99,11,1179933.0,11-09-2024,2024-11-09
9692,9692,9796,21,110,13,30819.9,2024-12-03,2024-12-03
9693,9693,9797,9,15,12,318057.15,16-02-2024,2024-02-16
9694,9694,9798,49,88,10,459196.75,03-02-2023,2023-03-02
9695,9695,9799,44,145,4,17399.0,2024-10-17,2024-10-17
9696,9696,9800,1,48,11,153995.0,07-12-2023,2023-07-12
9697,9697,9801,14,123,3,8331.0,2024-03-14,2024-03-14
9698,9698,9802,39,96,7,494346.0,2023-08-29,2023-08-29
9699,9699,9803,3,87,12,762203.05,2023-05-14,2023-05-14
9700,9700,9804,20,83,10,1348039.0,2024-03-30,2024-03-30
9701,9701,9805,42,46,12,59805.0,2024-10-23,2024-10-23
9702,9702,9806,32,98,5,376965.7,16-10-2024,2024-10-16
9703,9703,9807,8,142,7,5495.75,2023-01-09,2023-01-09
9704,9704,9808,13,118,2,8198.5,2024-05-22,2024-05-22
9705,9705,9809,33,115,3,2367.4,24-06-2024,2024-06-24
9706,9706,9810,24,3,1,8572.8,15-06-2024,2024-06-15
9707,9707,9812,40,66,7,83600.95,21-11-2024,2024-11-21
9708,9708,9813,32,121,5,18471.0,2024-01-06,2024-01-06
9709,9709,9814,13,112,8,16575.6,2024-07-20,2024-07-20
9710,9710,9815,4,141,6,27256.45,07-08-2024,2024-07-08
9711,9711,9816,43,82,12,588627.6,2023-02-04,2023-02-04
9712,9712,9817,38,73,5,715800.0,2024-08-09,2024-08-09
9713,9713,9818,46,68,10,668971.0,11-01-2023,2023-11-01
9714,9714,9819,49,53,3,152973.75,08-05-2023,2023-08-05
9715,9715,9820,11,121,9,33248.0,2024-03-29,2024-03-29
9716,9716,9821,18,56,5,214944.0,2023-04-29,2023-04-29
9717,9717,9822,38,104,3,11139.0,2023-10-30,2023-10-30
9718,9718,9823,7,16,6,171034.2,2023-06-27,2023-06-27
9719,9719,9824,42,50,15,169140.0,2023-07-03,2023-07-03
9720,9720,9825,48,104,5,17636.75,16-09-2023,2023-09-16
9721,9721,9826,11,64,4,446022.0,19-10-2023,2023-10-19
9722,9722,9827,20,117,8,32824.0,2023-05-05,2023-05-05
9723,9723,9828,1,116,8,20604.0,18-10-2023,2023-10-18
9724,9724,9829,30,109,13,7690.25,24-09-2023,2023-09-24
9725,9725,9830,25,52,4,54816.0,15-05-2023,2023-05-15
9726,9726,9831,45,106,9,37490.8,2024-06-28,2024-06-28
9727,9727,9832,43,129,10,31028.9,03-08-2024,2024-03-08
9728,9728,9833,26,20,1,29291.35,2024-03-31,2024-03-31
9729,9729,9834,1,98,1,79361.0,2024-01-06,2024-01-06
9730,9730,9835,42,84,10,412527.05,06-10-2023,2023-06-10
9731,9731,9836,37,150,11,17196.9,13-12-2023,2023-12-13
9732,9732,9837,37,57,15,1781859.0,2024-08-14,2024-08-14
9733,9733,9838,7,42,2,11986.0,2023-11-20,2023-11-20
9734,9734,9839,24,130,12,49729.0,2023-01-13,2023-01-13
9735,9735,9840,17,35,11,115007.95,01-08-2023,2023-01-08
9736,9736,9841,41,52,3,41112.0,2024-06-02,2024-06-02
9737,9737,9842,47,55,7,731414.5,2024-03-08,2024-03-08
9738,9738,9843,7,40,15,212761.0,2023-04-29,2023-04-29
9739,9739,9844,5,71,5,618326.5,2024-11-17,2024-11-17
9740,9740,9845,21,140,5,14889.35,26-04-2023,2023-04-26
9741,9741,9846,4,49,14,176415.0,2023-11-04,2023-11-04
9742,9742,9847,16,84,4,173696.0,10-12-2024,2024-10-12
9743,9743,9848,17,104,3,11139.0,17-07-2024,2024-07-17
9744,9744,9849,10,70,1,34355.0,2024-05-07,2024-05-07
9745,9745,9850,24,133,5,9464.0,2024-08-12,2024-08-12
9746,9746,9851,45,131,6,5782.0,09-11-2023,2023-09-11
9747,9747,9852,26,133,1,1893.0,09-07-2023,2023-09-07
9748,9748,9853,36,88,10,459196.75,2023-02-20,2023-02-20
9749,9749,9854,10,128,7,30927.25,12-06-2024,2024-12-06
9750,9750,9855,7,126,15,40156.0,2023-05-25,2023-05-25
9751,9751,9856,38,44,15,162103.0,11-04-2024,2024-11-04
9752,9752,9857,12,44,2,20533.3,24-08-2024,2024-08-24
9753,9753,9858,31,74,12,1038703.0,20-05-2023,2023-05-20
9754,9754,9859,25,60,9,929822.0,05-09-2023,2023-05-09
9755,9755,9860,15,45,14,131719.4,2024-08-26,2024-08-26
9756,9756,9861,1,138,9,37647.0,2024-08-04,2024-08-04
9757,9757,9862,1,36,13,279127.1,2024-10-25,2024-10-25
9758,9758,9863,44,81,8,977188.0,30-08-2024,2024-08-30
9759,9759,9864,49,71,10,1236653.95,2024-02-11,2024-02-11
9760,9760,9865,49,58,11,1197070.0,2024-07-13,2024-07-13
9761,9761,9866,18,133,15,28391.0,30-09-2023,2023-09-30
9762,9762,9867,16,46,1,4984.0,2024-11-26,2024-11-26
9763,9763,9868,35,74,10,865586.0,2023-03-24,2023-03-24
9764,9764,9869,21,36,12,271217.0,2023-05-01,2023-05-01
9765,9765,9870,22,134,12,56611.0,10-11-2024,2024-10-11
9766,9766,9871,9,37,5,30339.0,07-09-2023,2023-07-09
9767,9767,9872,6,140,6,17866.65,10-05-2024,2024-10-05
9768,9768,9873,41,74,10,865586.0,2024-02-22,2024-02-22
9769,9769,9874,16,49,12,159171.0,22-10-2024,2024-10-22
9770,9770,9875,22,30,2,61271.2,2024-09-03,2024-09-03
9771,9771,9876,7,146,11,5456.0,2023-11-17,2023-11-17
9772,9772,9877,1,148,6,27277.35,09-06-2023,2023-09-06
9773,9773,9878,1,127,7,10845.0,2024-06-11,2024-06-11
9774,9774,9879,12,21,3,24893.8,2023-04-19,2023-04-19
9775,9775,9880,8,137,2,6771.0,01-03-2024,2024-01-03
9776,9776,9881,48,42,12,68318.3,2024-05-07,2024-05-07
9777,9777,9882,32,104,11,40843.0,23-06-2024,2024-06-23
9778,9778,9883,8,26,9,147771.55,12-09-2023,2023-12-09
9779,9779,9884,36,56,8,343910.0,2023-01-21,2023-01-21
9780,9780,9885,15,30,14,451470.0,29-01-2024,2024-01-29
9781,9781,9886,9,12,1,2589.7,2023-01-18,2023-01-18
9782,9782,9887,49,115,1,831.0,23-01-2023,2023-01-23
9783,9783,9888,5,71,9,1171567.0,11-04-2024,2024-11-04
9784,9784,9889,17,16,11,313562.7,06-01-2024,2024-06-01
9785,9785,9890,33,145,7,30449.0,29-11-2024,2024-11-29
9786,9786,9891,38,141,12,54512.9,09-02-2024,2024-09-02
9787,9787,9892,17,6,6,70921.0,2024-12-13,2024-12-13
9788,9788,9893,31,120,7,20777.45,2023-11-04,2023-11-04
9789,9789,9894,1,26,15,259248.0,03-01-2023,2023-03-01
9790,9790,9895,18,135,10,16445.0,02-08-2024,2024-02-08
9791,9791,9896,6,145,8,34799.0,2024-03-18,2024-03-18
9792,9792,9897,9,11,5,172102.0,27-04-2024,2024-04-27
9793,9793,9898,10,84,11,453779.85,2024-10-18,2024-10-18
9794,9794,9899,2,16,11,330066.0,05-07-2023,2023-05-07
9795,9795,9900,47,46,10,47346.1,2024-11-04,2024-11-04
9796,9796,9901,39,144,9,18930.65,2024-09-21,2024-09-21
9797,9797,9902,22,122,10,12563.75,2024-12-02,2024-12-02
9798,9798,9903,32,148,6,27277.35,2024-07-04,2024-07-04
9799,9799,9904,20,147,14,40299.95,23-08-2023,2023-08-23
9800,9800,9905,45,5,15,355035.0,2024-06-17,2024-06-17
9801,9801,9906,49,85,5,183249.3,2024-08-29,2024-08-29
9802,9802,9907,45,148,15,71783.0,2024-12-16,2024-12-16
9803,9803,9908,32,32,13,162532.0,2023-06-29,2023-06-29
9804,9804,9909,26,2,11,153980.0,2024-06-19,2024-06-19
9805,9805,9910,36,136,9,16873.9,2024-03-09,2024-03-09
9806,9806,9911,30,72,8,757451.15,2023-08-18,2023-08-18
9807,9807,9912,24,129,11,34131.6,2024-07-03,2024-07-03
9808,9808,9913,12,37,9,51878.55,2024-11-18,2024-11-18
9809,9809,9914,21,74,3,246692.2,20-02-2024,2024-02-20
9810,9810,9915,49,85,12,439796.8,2024-04-03,2024-04-03
9811,9811,9916,17,89,9,672696.9,2023-12-04,2023-12-04
9812,9812,9917,33,43,13,456259.0,12-06-2024,2024-12-06
9813,9813,9918,36,40,2,26949.6,02-07-2024,2024-02-07
9814,9814,9919,45,133,13,23374.75,2024-12-05,2024-12-05
9815,9815,9920,37,149,14,16291.0,27-09-2023,2023-09-27
9816,9816,9921,44,132,10,14848.5,2024-04-21,2024-04-21
9817,9817,9922,15,31,8,66265.0,01-01-2024,2024-01-01
9818,9818,9923,40,146,8,3968.0,30-06-2023,2023-06-30
9819,9819,9924,45,74,1,86559.0,2024-01-10,2024-01-10
9820,9820,9925,36,116,12,29360.7,2023-02-26,2023-02-26
9821,9821,9926,32,84,3,123758.4,05-02-2024,2024-05-02
9822,9822,9927,8,94,6,232279.75,14-12-2023,2023-12-14
9823,9823,9928,32,125,8,27217.0,2023-11-22,2023-11-22
9824,9824,9929,17,69,14,633710.0,12-10-2023,2023-12-10
9825,9825,9930,35,48,9,125995.65,22-01-2023,2023-01-22
9826,9826,9931,8,76,8,1185586.0,2024-08-04,2024-08-04
9827,9827,9932,42,78,5,578367.6,05-10-2023,2023-05-10
9828,9828,9933,5,100,4,418401.0,03-09-2024,2024-03-09
9829,9829,9934,14,47,14,81434.95,2024-02-13,2024-02-13
9830,9830,9935,38,4,11,37201.0,2023-03-10,2023-03-10
9831,9831,9936,8,16,15,427585.5,27-01-2024,2024-01-27
9832,9832,9937,46,84,2,82505.6,13-08-2023,2023-08-13
9833,9833,9938,33,146,12,5952.0,13-04-2024,2024-04-13
9834,9834,9939,47,10,1,30431.35,04-08-2024,2024-04-08
9835,9835,9940,25,74,8,657844.6,2024-12-17,2024-12-17
9836,9836,9941,9,143,13,54790.3,2024-04-26,2024-04-26
9837,9837,9942,36,46,3,14951.0,2024-01-04,2024-01-04
9838,9838,9943,15,131,11,10599.0,17-01-2023,2023-01-17
9839,9839,9944,4,113,10,43950.0,05-09-2023,2023-05-09
9840,9840,9945,12,82,11,567974.0,23-03-2023,2023-03-23
9841,9841,9946,17,126,11,27975.6,01-10-2023,2023-01-10
9842,9842,9947,13,26,12,207398.0,13-04-2023,2023-04-13
9843,9843,9948,44,73,1,136002.0,2024-09-27,2024-09-27
9844,9844,9949,15,103,14,23796.55,2023-12-10,2023-12-10
9845,9845,9950,44,75,9,294915.0,31-05-2024,2024-05-31
9846,9846,9951,25,50,10,112760.0,2024-08-04,2024-08-04
9847,9847,9952,46,120,15,46867.0,14-01-2023,2023-01-14
9848,9848,9953,16,86,10,888469.45,23-05-2024,2024-05-23
9849,9849,9954,27,148,4,19142.0,2024-03-21,2024-03-21
9850,9850,9955,7,15,11,306897.0,10-12-2024,2024-10-12
9851,9851,9956,25,62,9,919998.0,15-09-2023,2023-09-15
9852,9852,9957,45,15,9,238543.1,2024-04-18,2024-04-18
9853,9853,9958,2,144,12,25241.5,2024-09-12,2024-09-12
9854,9854,9959,14,105,14,4117.3,10-11-2023,2023-10-11
9855,9855,9960,32,108,15,50183.0,2024-03-20,2024-03-20
9856,9856,9961,11,59,1,82807.7,2024-08-23,2024-08-23
9857,9857,9962,29,109,4,2491.0,31-10-2023,2023-10-31
9858,9858,9963,39,8,1,4984.0,2024-07-14,2024-07-14
9859,9859,9964,31,44,13,140489.0,28-07-2024,2024-07-28
9860,9860,9965,5,136,6,11248.95,13-10-2024,2024-10-13
9861,9861,9966,8,120,14,41555.85,2024-12-15,2024-12-15
9862,9862,9967,44,37,11,66745.0,2024-07-25,2024-07-25
9863,9863,9968,6,69,8,362120.0,2024-06-25,2024-06-25
9864,9864,9969,19,125,14,47629.0,2023-06-22,2023-06-22
9865,9865,9970,47,116,1,2576.0,2023-03-14,2023-03-14
9866,9866,9971,1,86,5,467616.0,01-11-2023,2023-01-11
9867,9867,9972,25,116,2,5151.0,20-09-2024,2024-09-20
9868,9868,9973,46,135,13,21379.0,06-06-2024,2024-06-06
9869,9869,9974,8,127,6,8831.2,2024-06-19,2024-06-19
9870,9870,9975,16,8,15,71023.9,2023-01-03,2023-01-03
9871,9871,9976,38,103,14,23796.55,2023-08-04,2023-08-04
9872,9872,9977,46,76,5,703941.45,15-12-2024,2024-12-15
9873,9873,9978,2,33,5,33579.0,2023-08-30,2023-08-30
9874,9874,9979,7,146,5,2480.0,10-01-2023,2023-10-01
9875,9875,9980,45,39,13,385227.0,2024-07-11,2024-07-11
9876,9876,9981,48,43,2,70194.0,2024-08-20,2024-08-20
9877,9877,9982,16,90,11,826567.45,03-11-2024,2024-03-11
9878,9878,9983,10,115,8,6645.0,2024-08-20,2024-08-20
9879,9879,9984,37,23,14,156501.0,2024-11-13,2024-11-13
9880,9880,9985,13,109,8,4982.0,2023-12-11,2023-12-11
9881,9881,9986,40,64,11,1226561.0,2024-01-28,2024-01-28
9882,9882,9987,37,93,6,602862.0,31-03-2023,2023-03-31
9883,9883,9988,18,146,10,4960.0,25-07-2023,2023-07-25
9884,9884,9989,21,77,5,212346.85,30-12-2024,2024-12-30
9885,9885,9990,39,75,5,163842.0,2024-11-09,2024-11-09
9886,9886,9991,14,64,12,1271163.65,2024-09-10,2024-09-10
9887,9887,9992,49,81,15,1832227.0,2023-12-25,2023-12-25
9888,9888,9993,23,86,6,561139.0,30-06-2023,2023-06-30
9889,9889,9994,43,39,10,296328.0,20-02-2023,2023-02-20
9890,9890,9995,30,139,6,8549.0,11-03-2023,2023-11-03
9891,9891,9996,9,111,7,28497.15,17-09-2023,2023-09-17
9892,9892,9997,38,123,2,5276.3,20-06-2023,2023-06-20
9893,9893,9998,33,97,6,771409.5,23-10-2024,2024-10-23
9894,9894,9999,8,20,6,185001.0,15-06-2023,2023-06-15
